Product code,Bureau of Meteorology station number,Year,Month,Day,Minimum temperature (Degree C),Days of accumulation of minimum temperature,Quality
IDCJAC0011,86338,2013,6,2,10.4,1,Y
IDCJAC0011,86338,2013,6,3,10.7,1,Y
IDCJAC0011,86338,2013,6,4,11.1,1,Y
IDCJAC0011,86338,2013,6,5,11.9,1,Y
IDCJAC0011,86338,2013,6,6,12.6,1,Y
IDCJAC0011,86338,2013,6,7,10.9,1,Y
IDCJAC0011,86338,2013,6,8,5,1,Y
IDCJAC0011,86338,2013,6,9,5.3,1,Y
IDCJAC0011,86338,2013,6,10,6.5,1,Y
IDCJAC0011,86338,2013,6,11,10.2,1,Y
IDCJAC0011,86338,2013,6,12,8.7,1,Y
IDCJAC0011,86338,2013,6,13,10.8,1,Y
IDCJAC0011,86338,2013,6,14,11.3,1,Y
IDCJAC0011,86338,2013,6,15,8.2,1,Y
IDCJAC0011,86338,2013,6,16,7,1,Y
IDCJAC0011,86338,2013,6,17,6,1,Y
IDCJAC0011,86338,2013,6,18,7.9,1,Y
IDCJAC0011,86338,2013,6,19,3.7,1,Y
IDCJAC0011,86338,2013,6,20,2.4,1,Y
IDCJAC0011,86338,2013,6,21,2.9,1,Y
IDCJAC0011,86338,2013,6,22,2.4,1,Y
IDCJAC0011,86338,2013,6,23,1.3,1,Y
IDCJAC0011,86338,2013,6,24,1.8,1,Y
IDCJAC0011,86338,2013,6,25,3.5,1,Y
IDCJAC0011,86338,2013,6,26,2.8,1,Y
IDCJAC0011,86338,2013,6,27,4.6,1,Y
IDCJAC0011,86338,2013,6,28,7,1,Y
IDCJAC0011,86338,2013,6,29,6.6,1,Y
IDCJAC0011,86338,2013,6,30,5.2,1,Y
IDCJAC0011,86338,2013,7,1,7.9,1,Y
IDCJAC0011,86338,2013,7,2,12.3,1,Y
IDCJAC0011,86338,2013,7,3,9.5,1,Y
IDCJAC0011,86338,2013,7,4,9.6,1,Y
IDCJAC0011,86338,2013,7,5,9,1,Y
IDCJAC0011,86338,2013,7,6,9.8,1,Y
IDCJAC0011,86338,2013,7,7,6.5,1,Y
IDCJAC0011,86338,2013,7,8,4.3,1,Y
IDCJAC0011,86338,2013,7,9,3,1,Y
IDCJAC0011,86338,2013,7,10,3,1,Y
IDCJAC0011,86338,2013,7,11,4,1,Y
IDCJAC0011,86338,2013,7,12,4.9,1,Y
IDCJAC0011,86338,2013,7,13,7.9,1,Y
IDCJAC0011,86338,2013,7,14,11,1,Y
IDCJAC0011,86338,2013,7,15,12.3,1,Y
IDCJAC0011,86338,2013,7,16,9.8,1,Y
IDCJAC0011,86338,2013,7,17,10,1,Y
IDCJAC0011,86338,2013,7,18,11,1,Y
IDCJAC0011,86338,2013,7,19,14.3,1,Y
IDCJAC0011,86338,2013,7,20,7.8,1,Y
IDCJAC0011,86338,2013,7,21,5.5,1,Y
IDCJAC0011,86338,2013,7,22,6.2,1,Y
IDCJAC0011,86338,2013,7,23,8.3,1,Y
IDCJAC0011,86338,2013,7,24,10.3,1,Y
IDCJAC0011,86338,2013,7,25,3.8,1,Y
IDCJAC0011,86338,2013,7,26,7.1,1,Y
IDCJAC0011,86338,2013,7,27,8.8,1,Y
IDCJAC0011,86338,2013,7,28,10.7,1,Y
IDCJAC0011,86338,2013,7,29,12,1,Y
IDCJAC0011,86338,2013,7,30,10.1,1,Y
IDCJAC0011,86338,2013,7,31,3.3,1,Y
IDCJAC0011,86338,2013,8,1,5.7,1,Y
IDCJAC0011,86338,2013,8,2,7.6,1,Y
IDCJAC0011,86338,2013,8,3,7.1,1,Y
IDCJAC0011,86338,2013,8,4,7.7,1,Y
IDCJAC0011,86338,2013,8,5,9.6,1,Y
IDCJAC0011,86338,2013,8,6,11.2,1,Y
IDCJAC0011,86338,2013,8,7,6.7,1,Y
IDCJAC0011,86338,2013,8,8,6.5,1,Y
IDCJAC0011,86338,2013,8,9,8,1,Y
IDCJAC0011,86338,2013,8,10,9.1,1,Y
IDCJAC0011,86338,2013,8,11,8.3,1,Y
IDCJAC0011,86338,2013,8,12,10.9,1,Y
IDCJAC0011,86338,2013,8,13,7.9,1,Y
IDCJAC0011,86338,2013,8,14,11.2,1,Y
IDCJAC0011,86338,2013,8,15,7.5,1,Y
IDCJAC0011,86338,2013,8,16,10,1,Y
IDCJAC0011,86338,2013,8,17,9.1,1,Y
IDCJAC0011,86338,2013,8,18,10,1,Y
IDCJAC0011,86338,2013,8,19,7.3,1,Y
IDCJAC0011,86338,2013,8,20,5.5,1,Y
IDCJAC0011,86338,2013,8,21,7.2,1,Y
IDCJAC0011,86338,2013,8,22,9.5,1,Y
IDCJAC0011,86338,2013,8,23,11.3,1,Y
IDCJAC0011,86338,2013,8,24,10.6,1,Y
IDCJAC0011,86338,2013,8,25,11.4,1,Y
IDCJAC0011,86338,2013,8,26,10.5,1,Y
IDCJAC0011,86338,2013,8,27,8.7,1,Y
IDCJAC0011,86338,2013,8,28,10.9,1,Y
IDCJAC0011,86338,2013,8,29,12.4,1,Y
IDCJAC0011,86338,2013,8,30,14.7,1,Y
IDCJAC0011,86338,2013,8,31,10.4,1,Y
IDCJAC0011,86338,2013,9,1,13.7,1,Y
IDCJAC0011,86338,2013,9,2,13,1,Y
IDCJAC0011,86338,2013,9,3,10.3,1,Y
IDCJAC0011,86338,2013,9,4,12.6,1,Y
IDCJAC0011,86338,2013,9,5,19.6,1,Y
IDCJAC0011,86338,2013,9,6,10.9,1,Y
IDCJAC0011,86338,2013,9,7,9.8,1,Y
IDCJAC0011,86338,2013,9,8,8.9,1,Y
IDCJAC0011,86338,2013,9,9,11.6,1,Y
IDCJAC0011,86338,2013,9,10,11.7,1,Y
IDCJAC0011,86338,2013,9,11,11,1,Y
IDCJAC0011,86338,2013,9,12,8.2,1,Y
IDCJAC0011,86338,2013,9,13,3.6,1,Y
IDCJAC0011,86338,2013,9,14,7.9,1,Y
IDCJAC0011,86338,2013,9,15,10.1,1,Y
IDCJAC0011,86338,2013,9,16,12.8,1,Y
IDCJAC0011,86338,2013,9,17,11.4,1,Y
IDCJAC0011,86338,2013,9,18,12.7,1,Y
IDCJAC0011,86338,2013,9,19,10.4,1,Y
IDCJAC0011,86338,2013,9,20,10.3,1,Y
IDCJAC0011,86338,2013,9,21,6.5,1,Y
IDCJAC0011,86338,2013,9,22,11.8,1,Y
IDCJAC0011,86338,2013,9,23,9.6,1,Y
IDCJAC0011,86338,2013,9,24,13.4,1,Y
IDCJAC0011,86338,2013,9,25,16.3,1,Y
IDCJAC0011,86338,2013,9,26,12.1,1,Y
IDCJAC0011,86338,2013,9,27,7,1,Y
IDCJAC0011,86338,2013,9,28,8.3,1,Y
IDCJAC0011,86338,2013,9,29,6.4,1,Y
IDCJAC0011,86338,2013,9,30,14.8,1,Y
IDCJAC0011,86338,2013,10,1,11.3,1,Y
IDCJAC0011,86338,2013,10,2,9.9,1,Y
IDCJAC0011,86338,2013,10,3,8.4,1,Y
IDCJAC0011,86338,2013,10,4,5.8,1,Y
IDCJAC0011,86338,2013,10,5,12.7,1,Y
IDCJAC0011,86338,2013,10,6,13.2,1,Y
IDCJAC0011,86338,2013,10,7,8.9,1,Y
IDCJAC0011,86338,2013,10,8,10.6,1,Y
IDCJAC0011,86338,2013,10,9,12.3,1,Y
IDCJAC0011,86338,2013,10,10,15.4,1,Y
IDCJAC0011,86338,2013,10,11,10.2,1,Y
IDCJAC0011,86338,2013,10,12,10.7,1,Y
IDCJAC0011,86338,2013,10,13,11.1,1,Y
IDCJAC0011,86338,2013,10,14,7.7,1,Y
IDCJAC0011,86338,2013,10,15,9.5,1,Y
IDCJAC0011,86338,2013,10,16,12.5,1,Y
IDCJAC0011,86338,2013,10,17,11,1,Y
IDCJAC0011,86338,2013,10,18,7.2,1,Y
IDCJAC0011,86338,2013,10,19,12.4,1,Y
IDCJAC0011,86338,2013,10,20,16.4,1,Y
IDCJAC0011,86338,2013,10,21,14.5,1,Y
IDCJAC0011,86338,2013,10,22,12.2,1,Y
IDCJAC0011,86338,2013,10,23,12.9,1,Y
IDCJAC0011,86338,2013,10,24,7.2,1,Y
IDCJAC0011,86338,2013,10,25,7.9,1,Y
IDCJAC0011,86338,2013,10,26,9.7,1,Y
IDCJAC0011,86338,2013,10,27,10.2,1,Y
IDCJAC0011,86338,2013,10,28,11.3,1,Y
IDCJAC0011,86338,2013,10,29,11.8,1,Y
IDCJAC0011,86338,2013,10,30,11.8,1,Y
IDCJAC0011,86338,2013,10,31,12,1,Y
IDCJAC0011,86338,2013,11,1,8.5,1,Y
IDCJAC0011,86338,2013,11,2,12.2,1,Y
IDCJAC0011,86338,2013,11,3,13.4,1,Y
IDCJAC0011,86338,2013,11,4,9.9,1,Y
IDCJAC0011,86338,2013,11,5,8.4,1,Y
IDCJAC0011,86338,2013,11,6,11.1,1,Y
IDCJAC0011,86338,2013,11,7,17.7,1,Y
IDCJAC0011,86338,2013,11,8,14.4,1,Y
IDCJAC0011,86338,2013,11,9,10.3,1,Y
IDCJAC0011,86338,2013,11,10,9.3,1,Y
IDCJAC0011,86338,2013,11,11,9.7,1,Y
IDCJAC0011,86338,2013,11,12,12.6,1,Y
IDCJAC0011,86338,2013,11,13,10.3,1,Y
IDCJAC0011,86338,2013,11,14,11.1,1,Y
IDCJAC0011,86338,2013,11,15,11.5,1,Y
IDCJAC0011,86338,2013,11,16,9.4,1,Y
IDCJAC0011,86338,2013,11,17,8.5,1,Y
IDCJAC0011,86338,2013,11,18,10.3,1,Y
IDCJAC0011,86338,2013,11,19,15,1,Y
IDCJAC0011,86338,2013,11,20,14.1,1,Y
IDCJAC0011,86338,2013,11,21,12.1,1,Y
IDCJAC0011,86338,2013,11,22,12.9,1,Y
IDCJAC0011,86338,2013,11,23,13.1,1,Y
IDCJAC0011,86338,2013,11,24,11.7,1,Y
IDCJAC0011,86338,2013,11,25,12.9,1,Y
IDCJAC0011,86338,2013,11,26,10.1,1,Y
IDCJAC0011,86338,2013,11,27,15,1,Y
IDCJAC0011,86338,2013,11,28,20.9,1,Y
IDCJAC0011,86338,2013,11,29,12,1,Y
IDCJAC0011,86338,2013,11,30,12.1,1,Y
IDCJAC0011,86338,2013,12,1,9.9,1,Y
IDCJAC0011,86338,2013,12,2,16.4,1,Y
IDCJAC0011,86338,2013,12,3,16.3,1,Y
IDCJAC0011,86338,2013,12,4,17.1,1,Y
IDCJAC0011,86338,2013,12,5,10.6,1,Y
IDCJAC0011,86338,2013,12,6,8.2,1,Y
IDCJAC0011,86338,2013,12,7,10.7,1,Y
IDCJAC0011,86338,2013,12,8,14.6,1,Y
IDCJAC0011,86338,2013,12,9,15.8,1,Y
IDCJAC0011,86338,2013,12,10,12.8,1,Y
IDCJAC0011,86338,2013,12,11,13.2,1,Y
IDCJAC0011,86338,2013,12,12,10.6,1,Y
IDCJAC0011,86338,2013,12,13,14.2,1,Y
IDCJAC0011,86338,2013,12,14,14.3,1,Y
IDCJAC0011,86338,2013,12,15,13.7,1,Y
IDCJAC0011,86338,2013,12,16,14.6,1,Y
IDCJAC0011,86338,2013,12,17,14,1,Y
IDCJAC0011,86338,2013,12,18,13.8,1,Y
IDCJAC0011,86338,2013,12,19,15.6,1,Y
IDCJAC0011,86338,2013,12,20,19.2,1,Y
IDCJAC0011,86338,2013,12,21,14.9,1,Y
IDCJAC0011,86338,2013,12,22,16,1,Y
IDCJAC0011,86338,2013,12,23,14.3,1,Y
IDCJAC0011,86338,2013,12,24,13.3,1,Y
IDCJAC0011,86338,2013,12,25,11.7,1,Y
IDCJAC0011,86338,2013,12,26,16.2,1,Y
IDCJAC0011,86338,2013,12,27,16.4,1,Y
IDCJAC0011,86338,2013,12,28,14,1,Y
IDCJAC0011,86338,2013,12,29,13.7,1,Y
IDCJAC0011,86338,2013,12,30,11.7,1,Y
IDCJAC0011,86338,2013,12,31,12.3,1,Y
IDCJAC0011,86338,2014,1,1,15.5,1,Y
IDCJAC0011,86338,2014,1,2,15,1,Y
IDCJAC0011,86338,2014,1,3,13.3,1,Y
IDCJAC0011,86338,2014,1,4,13.4,1,Y
IDCJAC0011,86338,2014,1,5,10.3,1,Y
IDCJAC0011,86338,2014,1,6,12.4,1,Y
IDCJAC0011,86338,2014,1,7,14,1,Y
IDCJAC0011,86338,2014,1,8,11.7,1,Y
IDCJAC0011,86338,2014,1,9,13.4,1,Y
IDCJAC0011,86338,2014,1,10,18.7,1,Y
IDCJAC0011,86338,2014,1,11,17.3,1,Y
IDCJAC0011,86338,2014,1,12,16.5,1,Y
IDCJAC0011,86338,2014,1,13,13.5,1,Y
IDCJAC0011,86338,2014,1,14,18.2,1,Y
IDCJAC0011,86338,2014,1,15,26.6,1,Y
IDCJAC0011,86338,2014,1,16,24.7,1,Y
IDCJAC0011,86338,2014,1,17,24.4,1,Y
IDCJAC0011,86338,2014,1,18,21.3,1,Y
IDCJAC0011,86338,2014,1,19,16,1,Y
IDCJAC0011,86338,2014,1,20,16.6,1,Y
IDCJAC0011,86338,2014,1,21,16.7,1,Y
IDCJAC0011,86338,2014,1,22,16,1,Y
IDCJAC0011,86338,2014,1,23,12.1,1,Y
IDCJAC0011,86338,2014,1,24,16.9,1,Y
IDCJAC0011,86338,2014,1,25,15.1,1,Y
IDCJAC0011,86338,2014,1,26,11.8,1,Y
IDCJAC0011,86338,2014,1,27,16.8,1,Y
IDCJAC0011,86338,2014,1,28,23,1,Y
IDCJAC0011,86338,2014,1,29,17.9,1,Y
IDCJAC0011,86338,2014,1,30,15,1,Y
IDCJAC0011,86338,2014,1,31,18.4,1,Y
IDCJAC0011,86338,2014,2,1,18.1,1,Y
IDCJAC0011,86338,2014,2,2,18.1,1,Y
IDCJAC0011,86338,2014,2,3,21.8,1,Y
IDCJAC0011,86338,2014,2,4,14.2,1,Y
IDCJAC0011,86338,2014,2,5,13.1,1,Y
IDCJAC0011,86338,2014,2,6,16.2,1,Y
IDCJAC0011,86338,2014,2,7,22.4,1,Y
IDCJAC0011,86338,2014,2,8,17.9,1,Y
IDCJAC0011,86338,2014,2,9,21.6,1,Y
IDCJAC0011,86338,2014,2,10,15.3,1,Y
IDCJAC0011,86338,2014,2,11,14.2,1,Y
IDCJAC0011,86338,2014,2,12,16.2,1,Y
IDCJAC0011,86338,2014,2,13,19,1,Y
IDCJAC0011,86338,2014,2,14,18.9,1,Y
IDCJAC0011,86338,2014,2,15,20.3,1,Y
IDCJAC0011,86338,2014,2,16,16.7,1,Y
IDCJAC0011,86338,2014,2,17,16.1,1,Y
IDCJAC0011,86338,2014,2,18,14.5,1,Y
IDCJAC0011,86338,2014,2,19,17.2,1,Y
IDCJAC0011,86338,2014,2,20,12.7,1,Y
IDCJAC0011,86338,2014,2,21,13.2,1,Y
IDCJAC0011,86338,2014,2,22,14.1,1,Y
IDCJAC0011,86338,2014,2,23,14,1,Y
IDCJAC0011,86338,2014,2,24,13.4,1,Y
IDCJAC0011,86338,2014,2,25,15,1,Y
IDCJAC0011,86338,2014,2,26,14.9,1,Y
IDCJAC0011,86338,2014,2,27,14,1,Y
IDCJAC0011,86338,2014,2,28,12.3,1,Y
IDCJAC0011,86338,2014,3,1,14.5,1,Y
IDCJAC0011,86338,2014,3,2,16.8,1,Y
IDCJAC0011,86338,2014,3,3,15.3,1,Y
IDCJAC0011,86338,2014,3,4,15.7,1,Y
IDCJAC0011,86338,2014,3,5,18.6,1,Y
IDCJAC0011,86338,2014,3,6,13,1,Y
IDCJAC0011,86338,2014,3,7,14.1,1,Y
IDCJAC0011,86338,2014,3,8,14.8,1,Y
IDCJAC0011,86338,2014,3,9,16.4,1,Y
IDCJAC0011,86338,2014,3,10,19.7,1,Y
IDCJAC0011,86338,2014,3,11,18.4,1,Y
IDCJAC0011,86338,2014,3,12,16.1,1,Y
IDCJAC0011,86338,2014,3,13,12.1,1,Y
IDCJAC0011,86338,2014,3,14,13.5,1,Y
IDCJAC0011,86338,2014,3,15,16.6,1,Y
IDCJAC0011,86338,2014,3,16,13.5,1,Y
IDCJAC0011,86338,2014,3,17,14.4,1,Y
IDCJAC0011,86338,2014,3,18,15.2,1,Y
IDCJAC0011,86338,2014,3,19,13.6,1,Y
IDCJAC0011,86338,2014,3,20,10.5,1,Y
IDCJAC0011,86338,2014,3,21,13.3,1,Y
IDCJAC0011,86338,2014,3,22,13.4,1,Y
IDCJAC0011,86338,2014,3,23,14,1,Y
IDCJAC0011,86338,2014,3,24,12,1,Y
IDCJAC0011,86338,2014,3,25,11.5,1,Y
IDCJAC0011,86338,2014,3,26,13.9,1,Y
IDCJAC0011,86338,2014,3,27,17,1,Y
IDCJAC0011,86338,2014,3,28,16.9,1,Y
IDCJAC0011,86338,2014,3,29,12.3,1,Y
IDCJAC0011,86338,2014,3,30,14.3,1,Y
IDCJAC0011,86338,2014,3,31,16.3,1,Y
IDCJAC0011,86338,2014,4,1,17.9,1,Y
IDCJAC0011,86338,2014,4,2,22.2,1,Y
IDCJAC0011,86338,2014,4,3,15.6,1,Y
IDCJAC0011,86338,2014,4,4,14.2,1,Y
IDCJAC0011,86338,2014,4,5,14.8,1,Y
IDCJAC0011,86338,2014,4,6,11.8,1,Y
IDCJAC0011,86338,2014,4,7,13.4,1,Y
IDCJAC0011,86338,2014,4,8,16.6,1,Y
IDCJAC0011,86338,2014,4,9,16.8,1,Y
IDCJAC0011,86338,2014,4,10,16.7,1,Y
IDCJAC0011,86338,2014,4,11,17.2,1,Y
IDCJAC0011,86338,2014,4,12,15.1,1,Y
IDCJAC0011,86338,2014,4,13,11.7,1,Y
IDCJAC0011,86338,2014,4,14,11.7,1,Y
IDCJAC0011,86338,2014,4,15,10,1,Y
IDCJAC0011,86338,2014,4,16,9.9,1,Y
IDCJAC0011,86338,2014,4,17,10.9,1,Y
IDCJAC0011,86338,2014,4,18,12.7,1,Y
IDCJAC0011,86338,2014,4,19,11.8,1,Y
IDCJAC0011,86338,2014,4,20,12.5,1,Y
IDCJAC0011,86338,2014,4,21,12.3,1,Y
IDCJAC0011,86338,2014,4,22,13.5,1,Y
IDCJAC0011,86338,2014,4,23,10.9,1,Y
IDCJAC0011,86338,2014,4,24,13.3,1,Y
IDCJAC0011,86338,2014,4,25,6.3,1,Y
IDCJAC0011,86338,2014,4,26,9.6,1,Y
IDCJAC0011,86338,2014,4,27,7.5,1,Y
IDCJAC0011,86338,2014,4,28,6.5,1,Y
IDCJAC0011,86338,2014,4,29,13.9,1,Y
IDCJAC0011,86338,2014,4,30,10.4,1,Y
IDCJAC0011,86338,2014,5,1,6.2,1,Y
IDCJAC0011,86338,2014,5,2,9.6,1,Y
IDCJAC0011,86338,2014,5,3,9.8,1,Y
IDCJAC0011,86338,2014,5,4,8.6,1,Y
IDCJAC0011,86338,2014,5,5,9.8,1,Y
IDCJAC0011,86338,2014,5,6,10.8,1,Y
IDCJAC0011,86338,2014,5,7,8.5,1,Y
IDCJAC0011,86338,2014,5,8,4.1,1,Y
IDCJAC0011,86338,2014,5,9,5.9,1,Y
IDCJAC0011,86338,2014,5,10,12.9,1,Y
IDCJAC0011,86338,2014,5,11,9.6,1,Y
IDCJAC0011,86338,2014,5,12,7.7,1,Y
IDCJAC0011,86338,2014,5,13,7.6,1,Y
IDCJAC0011,86338,2014,5,14,8.6,1,Y
IDCJAC0011,86338,2014,5,15,14.3,1,Y
IDCJAC0011,86338,2014,5,16,16.7,1,Y
IDCJAC0011,86338,2014,5,17,16.5,1,Y
IDCJAC0011,86338,2014,5,18,17.3,1,Y
IDCJAC0011,86338,2014,5,19,17.3,1,Y
IDCJAC0011,86338,2014,5,20,15,1,Y
IDCJAC0011,86338,2014,5,21,10.7,1,Y
IDCJAC0011,86338,2014,5,22,12.9,1,Y
IDCJAC0011,86338,2014,5,23,15.2,1,Y
IDCJAC0011,86338,2014,5,24,9.9,1,Y
IDCJAC0011,86338,2014,5,25,12.8,1,Y
IDCJAC0011,86338,2014,5,26,11.8,1,Y
IDCJAC0011,86338,2014,5,27,14.8,1,Y
IDCJAC0011,86338,2014,5,28,13.1,1,Y
IDCJAC0011,86338,2014,5,29,9.3,1,Y
IDCJAC0011,86338,2014,5,30,6.1,1,Y
IDCJAC0011,86338,2014,5,31,7.5,1,Y
IDCJAC0011,86338,2014,6,1,11.3,1,Y
IDCJAC0011,86338,2014,6,2,11,1,Y
IDCJAC0011,86338,2014,6,3,12.1,1,Y
IDCJAC0011,86338,2014,6,4,10.7,1,Y
IDCJAC0011,86338,2014,6,5,11.6,1,Y
IDCJAC0011,86338,2014,6,6,8.4,1,Y
IDCJAC0011,86338,2014,6,7,9.5,1,Y
IDCJAC0011,86338,2014,6,8,10.9,1,Y
IDCJAC0011,86338,2014,6,9,5.6,1,Y
IDCJAC0011,86338,2014,6,10,9.1,1,Y
IDCJAC0011,86338,2014,6,11,6.3,1,Y
IDCJAC0011,86338,2014,6,12,8.6,1,Y
IDCJAC0011,86338,2014,6,13,12.1,1,Y
IDCJAC0011,86338,2014,6,14,10.1,1,Y
IDCJAC0011,86338,2014,6,15,10.5,1,Y
IDCJAC0011,86338,2014,6,16,10.4,1,Y
IDCJAC0011,86338,2014,6,17,10.1,1,Y
IDCJAC0011,86338,2014,6,18,11,1,Y
IDCJAC0011,86338,2014,6,19,7.2,1,Y
IDCJAC0011,86338,2014,6,20,9.4,1,Y
IDCJAC0011,86338,2014,6,21,11.7,1,Y
IDCJAC0011,86338,2014,6,22,7.2,1,Y
IDCJAC0011,86338,2014,6,23,9.3,1,Y
IDCJAC0011,86338,2014,6,24,7.2,1,Y
IDCJAC0011,86338,2014,6,25,8.8,1,Y
IDCJAC0011,86338,2014,6,26,11.5,1,Y
IDCJAC0011,86338,2014,6,27,10.9,1,Y
IDCJAC0011,86338,2014,6,28,9.7,1,Y
IDCJAC0011,86338,2014,6,29,9,1,Y
IDCJAC0011,86338,2014,6,30,7,1,Y
IDCJAC0011,86338,2014,7,1,8.9,1,Y
IDCJAC0011,86338,2014,7,2,10.9,1,Y
IDCJAC0011,86338,2014,7,3,7.4,1,Y
IDCJAC0011,86338,2014,7,4,8.3,1,Y
IDCJAC0011,86338,2014,7,5,8.9,1,Y
IDCJAC0011,86338,2014,7,6,10.5,1,Y
IDCJAC0011,86338,2014,7,7,9.5,1,Y
IDCJAC0011,86338,2014,7,8,9.4,1,Y
IDCJAC0011,86338,2014,7,9,9.4,1,Y
IDCJAC0011,86338,2014,7,10,7.8,1,Y
IDCJAC0011,86338,2014,7,11,7.9,1,Y
IDCJAC0011,86338,2014,7,12,7.3,1,Y
IDCJAC0011,86338,2014,7,13,5.1,1,Y
IDCJAC0011,86338,2014,7,14,6.9,1,Y
IDCJAC0011,86338,2014,7,15,6.9,1,Y
IDCJAC0011,86338,2014,7,16,9.9,1,Y
IDCJAC0011,86338,2014,7,17,8.7,1,Y
IDCJAC0011,86338,2014,7,18,6.1,1,Y
IDCJAC0011,86338,2014,7,19,8.2,1,Y
IDCJAC0011,86338,2014,7,20,7.7,1,Y
IDCJAC0011,86338,2014,7,21,4.8,1,Y
IDCJAC0011,86338,2014,7,22,5.2,1,Y
IDCJAC0011,86338,2014,7,23,4.1,1,Y
IDCJAC0011,86338,2014,7,24,4.2,1,Y
IDCJAC0011,86338,2014,7,25,8.6,1,Y
IDCJAC0011,86338,2014,7,26,12.2,1,Y
IDCJAC0011,86338,2014,7,27,7.2,1,Y
IDCJAC0011,86338,2014,7,28,10,1,Y
IDCJAC0011,86338,2014,7,29,11.6,1,Y
IDCJAC0011,86338,2014,7,30,12.1,1,Y
IDCJAC0011,86338,2014,7,31,13.7,1,Y
IDCJAC0011,86338,2014,8,1,6.2,1,Y
IDCJAC0011,86338,2014,8,2,4.8,1,Y
IDCJAC0011,86338,2014,8,3,1.2,1,Y
IDCJAC0011,86338,2014,8,4,1.7,1,Y
IDCJAC0011,86338,2014,8,5,4.6,1,Y
IDCJAC0011,86338,2014,8,6,10.6,1,Y
IDCJAC0011,86338,2014,8,7,10.7,1,Y
IDCJAC0011,86338,2014,8,8,10.6,1,Y
IDCJAC0011,86338,2014,8,9,7.1,1,Y
IDCJAC0011,86338,2014,8,10,9.7,1,Y
IDCJAC0011,86338,2014,8,11,5.9,1,Y
IDCJAC0011,86338,2014,8,12,6.2,1,Y
IDCJAC0011,86338,2014,8,13,7.8,1,Y
IDCJAC0011,86338,2014,8,14,9.5,1,Y
IDCJAC0011,86338,2014,8,15,3.6,1,Y
IDCJAC0011,86338,2014,8,16,5.4,1,Y
IDCJAC0011,86338,2014,8,17,6.7,1,Y
IDCJAC0011,86338,2014,8,18,10.2,1,Y
IDCJAC0011,86338,2014,8,19,10.7,1,Y
IDCJAC0011,86338,2014,8,20,9.7,1,Y
IDCJAC0011,86338,2014,8,21,7.5,1,Y
IDCJAC0011,86338,2014,8,22,7,1,Y
IDCJAC0011,86338,2014,8,23,7.4,1,Y
IDCJAC0011,86338,2014,8,24,11,1,Y
IDCJAC0011,86338,2014,8,25,10.8,1,Y
IDCJAC0011,86338,2014,8,26,7,1,Y
IDCJAC0011,86338,2014,8,27,6.7,1,Y
IDCJAC0011,86338,2014,8,28,7.4,1,Y
IDCJAC0011,86338,2014,8,29,7.6,1,Y
IDCJAC0011,86338,2014,8,30,10.4,1,Y
IDCJAC0011,86338,2014,8,31,9.5,1,Y
IDCJAC0011,86338,2014,9,1,15,1,Y
IDCJAC0011,86338,2014,9,2,8.6,1,Y
IDCJAC0011,86338,2014,9,3,7.9,1,Y
IDCJAC0011,86338,2014,9,4,4.8,1,Y
IDCJAC0011,86338,2014,9,5,4.8,1,Y
IDCJAC0011,86338,2014,9,6,6,1,Y
IDCJAC0011,86338,2014,9,7,6.7,1,Y
IDCJAC0011,86338,2014,9,8,9.7,1,Y
IDCJAC0011,86338,2014,9,9,16,1,Y
IDCJAC0011,86338,2014,9,10,11.6,1,Y
IDCJAC0011,86338,2014,9,11,11.2,1,Y
IDCJAC0011,86338,2014,9,12,5.8,1,Y
IDCJAC0011,86338,2014,9,13,5.7,1,Y
IDCJAC0011,86338,2014,9,14,6.8,1,Y
IDCJAC0011,86338,2014,9,15,9.2,1,Y
IDCJAC0011,86338,2014,9,16,11,1,Y
IDCJAC0011,86338,2014,9,17,9.6,1,Y
IDCJAC0011,86338,2014,9,18,8,1,Y
IDCJAC0011,86338,2014,9,19,8.7,1,Y
IDCJAC0011,86338,2014,9,20,9.8,1,Y
IDCJAC0011,86338,2014,9,21,10.4,1,Y
IDCJAC0011,86338,2014,9,22,5.4,1,Y
IDCJAC0011,86338,2014,9,23,9.4,1,Y
IDCJAC0011,86338,2014,9,24,15,1,Y
IDCJAC0011,86338,2014,9,25,13.6,1,Y
IDCJAC0011,86338,2014,9,26,10.4,1,Y
IDCJAC0011,86338,2014,9,27,8.8,1,Y
IDCJAC0011,86338,2014,9,28,15.5,1,Y
IDCJAC0011,86338,2014,9,29,14.6,1,Y
IDCJAC0011,86338,2014,9,30,13.5,1,Y
IDCJAC0011,86338,2014,10,1,7.4,1,Y
IDCJAC0011,86338,2014,10,2,9.6,1,Y
IDCJAC0011,86338,2014,10,3,10.7,1,Y
IDCJAC0011,86338,2014,10,4,8.7,1,Y
IDCJAC0011,86338,2014,10,5,13.7,1,Y
IDCJAC0011,86338,2014,10,6,9.1,1,Y
IDCJAC0011,86338,2014,10,7,12.1,1,Y
IDCJAC0011,86338,2014,10,8,9,1,Y
IDCJAC0011,86338,2014,10,9,9.4,1,Y
IDCJAC0011,86338,2014,10,10,13.8,1,Y
IDCJAC0011,86338,2014,10,11,13.7,1,Y
IDCJAC0011,86338,2014,10,12,9.4,1,Y
IDCJAC0011,86338,2014,10,13,9.7,1,Y
IDCJAC0011,86338,2014,10,14,8.6,1,Y
IDCJAC0011,86338,2014,10,15,5.9,1,Y
IDCJAC0011,86338,2014,10,16,11,1,Y
IDCJAC0011,86338,2014,10,17,10.2,1,Y
IDCJAC0011,86338,2014,10,18,8,1,Y
IDCJAC0011,86338,2014,10,19,13.5,1,Y
IDCJAC0011,86338,2014,10,20,10.2,1,Y
IDCJAC0011,86338,2014,10,21,8,1,Y
IDCJAC0011,86338,2014,10,22,13.1,1,Y
IDCJAC0011,86338,2014,10,23,14.8,1,Y
IDCJAC0011,86338,2014,10,24,14.6,1,Y
IDCJAC0011,86338,2014,10,25,14.1,1,Y
IDCJAC0011,86338,2014,10,26,13.8,1,Y
IDCJAC0011,86338,2014,10,27,13.5,1,Y
IDCJAC0011,86338,2014,10,28,11.6,1,Y
IDCJAC0011,86338,2014,10,29,10.7,1,Y
IDCJAC0011,86338,2014,10,30,13.4,1,Y
IDCJAC0011,86338,2014,10,31,10.4,1,Y
IDCJAC0011,86338,2014,11,1,13.4,1,Y
IDCJAC0011,86338,2014,11,2,9.1,1,Y
IDCJAC0011,86338,2014,11,3,11,1,Y
IDCJAC0011,86338,2014,11,4,12.5,1,Y
IDCJAC0011,86338,2014,11,5,12.5,1,Y
IDCJAC0011,86338,2014,11,6,11,1,Y
IDCJAC0011,86338,2014,11,7,11.1,1,Y
IDCJAC0011,86338,2014,11,8,18,1,Y
IDCJAC0011,86338,2014,11,9,12.6,1,Y
IDCJAC0011,86338,2014,11,10,11,1,Y
IDCJAC0011,86338,2014,11,11,12.2,1,Y
IDCJAC0011,86338,2014,11,12,7.9,1,Y
IDCJAC0011,86338,2014,11,13,12.7,1,Y
IDCJAC0011,86338,2014,11,14,17.7,1,Y
IDCJAC0011,86338,2014,11,15,12.1,1,Y
IDCJAC0011,86338,2014,11,16,10.6,1,Y
IDCJAC0011,86338,2014,11,17,12.2,1,Y
IDCJAC0011,86338,2014,11,18,10.9,1,Y
IDCJAC0011,86338,2014,11,19,11.4,1,Y
IDCJAC0011,86338,2014,11,20,15.4,1,Y
IDCJAC0011,86338,2014,11,21,16.2,1,Y
IDCJAC0011,86338,2014,11,22,12.9,1,Y
IDCJAC0011,86338,2014,11,23,16.5,1,Y
IDCJAC0011,86338,2014,11,24,14.5,1,Y
IDCJAC0011,86338,2014,11,25,11.5,1,Y
IDCJAC0011,86338,2014,11,26,12,1,Y
IDCJAC0011,86338,2014,11,27,13.1,1,Y
IDCJAC0011,86338,2014,11,28,11.4,1,Y
IDCJAC0011,86338,2014,11,29,11.9,1,Y
IDCJAC0011,86338,2014,11,30,15.6,1,Y
IDCJAC0011,86338,2014,12,1,20.8,1,N
IDCJAC0011,86338,2014,12,2,16.1,1,N
IDCJAC0011,86338,2014,12,3,16.2,1,N
IDCJAC0011,86338,2014,12,4,17.5,1,N
IDCJAC0011,86338,2014,12,5,17.4,1,N
IDCJAC0011,86338,2014,12,6,15.4,1,N
IDCJAC0011,86338,2014,12,7,13.8,1,N
IDCJAC0011,86338,2014,12,8,14.1,1,N
IDCJAC0011,86338,2014,12,9,15.3,1,N
IDCJAC0011,86338,2014,12,10,12.7,1,N
IDCJAC0011,86338,2014,12,11,15.9,1,N
IDCJAC0011,86338,2014,12,12,14,1,N
IDCJAC0011,86338,2014,12,13,14.4,1,N
IDCJAC0011,86338,2014,12,14,18.9,1,N
IDCJAC0011,86338,2014,12,15,15.3,1,N
IDCJAC0011,86338,2014,12,16,16,1,N
IDCJAC0011,86338,2014,12,17,12.2,1,N
IDCJAC0011,86338,2014,12,18,11.6,1,N
IDCJAC0011,86338,2014,12,19,11.4,1,N
IDCJAC0011,86338,2014,12,20,12.5,1,N
IDCJAC0011,86338,2014,12,21,13.1,1,N
IDCJAC0011,86338,2014,12,22,17.2,1,N
IDCJAC0011,86338,2014,12,23,19.7,1,N
IDCJAC0011,86338,2014,12,24,14.4,1,N
IDCJAC0011,86338,2014,12,25,13.4,1,N
IDCJAC0011,86338,2014,12,26,10.8,1,N
IDCJAC0011,86338,2014,12,27,12.5,1,N
IDCJAC0011,86338,2014,12,28,12.2,1,N
IDCJAC0011,86338,2014,12,29,16.7,1,N
IDCJAC0011,86338,2014,12,30,13.5,1,N
IDCJAC0011,86338,2014,12,31,12.6,1,N
IDCJAC0011,86338,2015,1,1,13.3,1,Y
IDCJAC0011,86338,2015,1,2,15.4,1,Y
IDCJAC0011,86338,2015,1,3,20,1,Y
IDCJAC0011,86338,2015,1,4,16.3,1,Y
IDCJAC0011,86338,2015,1,5,15,1,Y
IDCJAC0011,86338,2015,1,6,17.7,1,Y
IDCJAC0011,86338,2015,1,7,18.9,1,Y
IDCJAC0011,86338,2015,1,8,23.1,1,Y
IDCJAC0011,86338,2015,1,9,16.5,1,Y
IDCJAC0011,86338,2015,1,10,13.6,1,Y
IDCJAC0011,86338,2015,1,11,15.6,1,Y
IDCJAC0011,86338,2015,1,12,16.1,1,Y
IDCJAC0011,86338,2015,1,13,20.2,1,Y
IDCJAC0011,86338,2015,1,14,18.3,1,Y
IDCJAC0011,86338,2015,1,15,15.8,1,Y
IDCJAC0011,86338,2015,1,16,13.1,1,Y
IDCJAC0011,86338,2015,1,17,15.9,1,Y
IDCJAC0011,86338,2015,1,18,15.3,1,Y
IDCJAC0011,86338,2015,1,19,13.5,1,Y
IDCJAC0011,86338,2015,1,20,13,1,Y
IDCJAC0011,86338,2015,1,21,19.7,1,Y
IDCJAC0011,86338,2015,1,22,18.7,1,Y
IDCJAC0011,86338,2015,1,23,20.2,1,Y
IDCJAC0011,86338,2015,1,24,15.8,1,Y
IDCJAC0011,86338,2015,1,25,14.7,1,Y
IDCJAC0011,86338,2015,1,26,11.6,1,Y
IDCJAC0011,86338,2015,1,27,11.7,1,Y
IDCJAC0011,86338,2015,1,28,13.3,1,Y
IDCJAC0011,86338,2015,1,29,12.8,1,Y
IDCJAC0011,86338,2015,1,30,13.1,1,Y
IDCJAC0011,86338,2015,1,31,14.3,1,Y
IDCJAC0011,86338,2015,2,1,13.2,1,Y
IDCJAC0011,86338,2015,2,2,13.5,1,Y
IDCJAC0011,86338,2015,2,3,16.1,1,Y
IDCJAC0011,86338,2015,2,4,14.8,1,Y
IDCJAC0011,86338,2015,2,5,13.3,1,Y
IDCJAC0011,86338,2015,2,6,14.5,1,Y
IDCJAC0011,86338,2015,2,7,18.8,1,Y
IDCJAC0011,86338,2015,2,8,18.9,1,Y
IDCJAC0011,86338,2015,2,9,13.6,1,Y
IDCJAC0011,86338,2015,2,10,16.4,1,Y
IDCJAC0011,86338,2015,2,11,18.1,1,Y
IDCJAC0011,86338,2015,2,12,17.8,1,Y
IDCJAC0011,86338,2015,2,13,16.1,1,Y
IDCJAC0011,86338,2015,2,14,19,1,Y
IDCJAC0011,86338,2015,2,15,18.2,1,Y
IDCJAC0011,86338,2015,2,16,17.4,1,Y
IDCJAC0011,86338,2015,2,17,17.6,1,Y
IDCJAC0011,86338,2015,2,18,17.7,1,Y
IDCJAC0011,86338,2015,2,19,18.2,1,Y
IDCJAC0011,86338,2015,2,20,17.4,1,Y
IDCJAC0011,86338,2015,2,21,18.1,1,Y
IDCJAC0011,86338,2015,2,22,20.3,1,Y
IDCJAC0011,86338,2015,2,23,21.1,1,Y
IDCJAC0011,86338,2015,2,24,15.9,1,Y
IDCJAC0011,86338,2015,2,25,14,1,Y
IDCJAC0011,86338,2015,2,26,16,1,Y
IDCJAC0011,86338,2015,2,27,14.8,1,Y
IDCJAC0011,86338,2015,2,28,17.9,1,Y
IDCJAC0011,86338,2015,3,1,15.2,1,Y
IDCJAC0011,86338,2015,3,2,11.6,1,Y
IDCJAC0011,86338,2015,3,3,15.5,1,Y
IDCJAC0011,86338,2015,3,4,15.4,1,Y
IDCJAC0011,86338,2015,3,5,12.6,1,Y
IDCJAC0011,86338,2015,3,6,14.1,1,Y
IDCJAC0011,86338,2015,3,7,15.4,1,Y
IDCJAC0011,86338,2015,3,8,16.2,1,Y
IDCJAC0011,86338,2015,3,9,14.4,1,Y
IDCJAC0011,86338,2015,3,10,16.2,1,Y
IDCJAC0011,86338,2015,3,11,11.2,1,Y
IDCJAC0011,86338,2015,3,12,13,1,Y
IDCJAC0011,86338,2015,3,13,14.4,1,Y
IDCJAC0011,86338,2015,3,14,9.4,1,Y
IDCJAC0011,86338,2015,3,15,13.1,1,Y
IDCJAC0011,86338,2015,3,16,10.5,1,Y
IDCJAC0011,86338,2015,3,17,13,1,Y
IDCJAC0011,86338,2015,3,18,17.8,1,Y
IDCJAC0011,86338,2015,3,19,16.5,1,Y
IDCJAC0011,86338,2015,3,20,14.2,1,Y
IDCJAC0011,86338,2015,3,21,11.9,1,Y
IDCJAC0011,86338,2015,3,22,11.3,1,Y
IDCJAC0011,86338,2015,3,23,13.6,1,Y
IDCJAC0011,86338,2015,3,24,12.6,1,Y
IDCJAC0011,86338,2015,3,25,13,1,Y
IDCJAC0011,86338,2015,3,26,9.8,1,Y
IDCJAC0011,86338,2015,3,27,11.6,1,Y
IDCJAC0011,86338,2015,3,28,12.7,1,Y
IDCJAC0011,86338,2015,3,29,8.5,1,Y
IDCJAC0011,86338,2015,3,30,10.6,1,Y
IDCJAC0011,86338,2015,3,31,11.2,1,Y
IDCJAC0011,86338,2015,4,1,13.3,1,Y
IDCJAC0011,86338,2015,4,2,12.8,1,Y
IDCJAC0011,86338,2015,4,3,8,1,Y
IDCJAC0011,86338,2015,4,4,8.5,1,Y
IDCJAC0011,86338,2015,4,5,10.2,1,Y
IDCJAC0011,86338,2015,4,6,11.2,1,Y
IDCJAC0011,86338,2015,4,7,12.4,1,Y
IDCJAC0011,86338,2015,4,8,13.3,1,Y
IDCJAC0011,86338,2015,4,9,8.7,1,Y
IDCJAC0011,86338,2015,4,10,8.6,1,Y
IDCJAC0011,86338,2015,4,11,11.6,1,Y
IDCJAC0011,86338,2015,4,12,12.1,1,Y
IDCJAC0011,86338,2015,4,13,7.3,1,Y
IDCJAC0011,86338,2015,4,14,10.5,1,Y
IDCJAC0011,86338,2015,4,15,13.9,1,Y
IDCJAC0011,86338,2015,4,16,15.6,1,Y
IDCJAC0011,86338,2015,4,17,10.1,1,Y
IDCJAC0011,86338,2015,4,18,13.5,1,Y
IDCJAC0011,86338,2015,4,19,9.7,1,Y
IDCJAC0011,86338,2015,4,20,7,1,Y
IDCJAC0011,86338,2015,4,21,6.5,1,Y
IDCJAC0011,86338,2015,4,22,9.1,1,Y
IDCJAC0011,86338,2015,4,23,12.2,1,Y
IDCJAC0011,86338,2015,4,24,14.4,1,Y
IDCJAC0011,86338,2015,4,25,11.6,1,Y
IDCJAC0011,86338,2015,4,26,10.4,1,Y
IDCJAC0011,86338,2015,4,27,10.5,1,Y
IDCJAC0011,86338,2015,4,28,10.1,1,Y
IDCJAC0011,86338,2015,4,29,7.4,1,Y
IDCJAC0011,86338,2015,4,30,6.4,1,Y
IDCJAC0011,86338,2015,5,1,7.9,1,Y
IDCJAC0011,86338,2015,5,2,11.6,1,Y
IDCJAC0011,86338,2015,5,3,9.7,1,Y
IDCJAC0011,86338,2015,5,4,7.5,1,Y
IDCJAC0011,86338,2015,5,5,9.2,1,Y
IDCJAC0011,86338,2015,5,6,9.5,1,Y
IDCJAC0011,86338,2015,5,7,10.3,1,Y
IDCJAC0011,86338,2015,5,8,10.5,1,Y
IDCJAC0011,86338,2015,5,9,12.8,1,Y
IDCJAC0011,86338,2015,5,10,12.8,1,Y
IDCJAC0011,86338,2015,5,11,12.4,1,Y
IDCJAC0011,86338,2015,5,12,12.8,1,Y
IDCJAC0011,86338,2015,5,13,6.3,1,Y
IDCJAC0011,86338,2015,5,14,7.3,1,Y
IDCJAC0011,86338,2015,5,15,11.5,1,Y
IDCJAC0011,86338,2015,5,16,11.3,1,Y
IDCJAC0011,86338,2015,5,17,7.4,1,Y
IDCJAC0011,86338,2015,5,18,7.2,1,Y
IDCJAC0011,86338,2015,5,19,9.9,1,Y
IDCJAC0011,86338,2015,5,20,13.6,1,Y
IDCJAC0011,86338,2015,5,21,10.3,1,Y
IDCJAC0011,86338,2015,5,22,9.1,1,Y
IDCJAC0011,86338,2015,5,23,10.4,1,Y
IDCJAC0011,86338,2015,5,24,6,1,Y
IDCJAC0011,86338,2015,5,25,7.4,1,Y
IDCJAC0011,86338,2015,5,26,5.4,1,Y
IDCJAC0011,86338,2015,5,27,7.9,1,Y
IDCJAC0011,86338,2015,5,28,13.1,1,Y
IDCJAC0011,86338,2015,5,29,9.5,1,Y
IDCJAC0011,86338,2015,5,30,11,1,Y
IDCJAC0011,86338,2015,5,31,12.3,1,Y
IDCJAC0011,86338,2015,6,1,5.2,1,Y
IDCJAC0011,86338,2015,6,2,7.1,1,Y
IDCJAC0011,86338,2015,6,3,8.1,1,Y
IDCJAC0011,86338,2015,6,4,4.4,1,Y
IDCJAC0011,86338,2015,6,5,7,1,Y
IDCJAC0011,86338,2015,6,6,9.2,1,Y
IDCJAC0011,86338,2015,6,7,11.2,1,Y
IDCJAC0011,86338,2015,6,8,11.1,1,Y
IDCJAC0011,86338,2015,6,9,10.3,1,Y
IDCJAC0011,86338,2015,6,10,7.5,1,Y
IDCJAC0011,86338,2015,6,11,5.7,1,Y
IDCJAC0011,86338,2015,6,12,5.2,1,Y
IDCJAC0011,86338,2015,6,13,6,1,Y
IDCJAC0011,86338,2015,6,14,5.8,1,Y
IDCJAC0011,86338,2015,6,15,7.1,1,Y
IDCJAC0011,86338,2015,6,16,9.5,1,Y
IDCJAC0011,86338,2015,6,17,11.7,1,Y
IDCJAC0011,86338,2015,6,18,10.7,1,Y
IDCJAC0011,86338,2015,6,19,7,1,Y
IDCJAC0011,86338,2015,6,20,4.1,1,Y
IDCJAC0011,86338,2015,6,21,2.2,1,Y
IDCJAC0011,86338,2015,6,22,3.6,1,Y
IDCJAC0011,86338,2015,6,23,9.6,1,Y
IDCJAC0011,86338,2015,6,24,12.2,1,Y
IDCJAC0011,86338,2015,6,25,9.6,1,Y
IDCJAC0011,86338,2015,6,26,10.5,1,Y
IDCJAC0011,86338,2015,6,27,8,1,Y
IDCJAC0011,86338,2015,6,28,9.6,1,Y
IDCJAC0011,86338,2015,6,29,6.9,1,Y
IDCJAC0011,86338,2015,6,30,5,1,Y
IDCJAC0011,86338,2015,7,1,7.4,1,Y
IDCJAC0011,86338,2015,7,2,10.3,1,Y
IDCJAC0011,86338,2015,7,3,5.9,1,Y
IDCJAC0011,86338,2015,7,4,7.3,1,Y
IDCJAC0011,86338,2015,7,5,8.2,1,Y
IDCJAC0011,86338,2015,7,6,7.5,1,Y
IDCJAC0011,86338,2015,7,7,7.4,1,Y
IDCJAC0011,86338,2015,7,8,4.9,1,Y
IDCJAC0011,86338,2015,7,9,6.5,1,Y
IDCJAC0011,86338,2015,7,10,7.6,1,Y
IDCJAC0011,86338,2015,7,11,10.9,1,Y
IDCJAC0011,86338,2015,7,12,3.4,1,Y
IDCJAC0011,86338,2015,7,13,6.1,1,Y
IDCJAC0011,86338,2015,7,14,8.1,1,Y
IDCJAC0011,86338,2015,7,15,5.8,1,Y
IDCJAC0011,86338,2015,7,16,6.6,1,Y
IDCJAC0011,86338,2015,7,17,7.3,1,Y
IDCJAC0011,86338,2015,7,18,6.1,1,Y
IDCJAC0011,86338,2015,7,19,0.6,1,Y
IDCJAC0011,86338,2015,7,20,1.8,1,Y
IDCJAC0011,86338,2015,7,21,4.2,1,Y
IDCJAC0011,86338,2015,7,22,11.4,1,Y
IDCJAC0011,86338,2015,7,23,5.1,1,Y
IDCJAC0011,86338,2015,7,24,7.6,1,Y
IDCJAC0011,86338,2015,7,25,9.4,1,Y
IDCJAC0011,86338,2015,7,26,8.1,1,Y
IDCJAC0011,86338,2015,7,27,6.2,1,Y
IDCJAC0011,86338,2015,7,28,7.9,1,Y
IDCJAC0011,86338,2015,7,29,8.4,1,Y
IDCJAC0011,86338,2015,7,30,8.6,1,Y
IDCJAC0011,86338,2015,7,31,4.1,1,Y
IDCJAC0011,86338,2015,8,1,6.5,1,Y
IDCJAC0011,86338,2015,8,2,7.8,1,Y
IDCJAC0011,86338,2015,8,3,7.3,1,Y
IDCJAC0011,86338,2015,8,4,3.5,1,Y
IDCJAC0011,86338,2015,8,5,6.6,1,Y
IDCJAC0011,86338,2015,8,6,7.1,1,Y
IDCJAC0011,86338,2015,8,7,9,1,Y
IDCJAC0011,86338,2015,8,8,8.8,1,Y
IDCJAC0011,86338,2015,8,9,7.7,1,Y
IDCJAC0011,86338,2015,8,10,8.3,1,Y
IDCJAC0011,86338,2015,8,11,7.8,1,Y
IDCJAC0011,86338,2015,8,12,9.3,1,Y
IDCJAC0011,86338,2015,8,13,8.4,1,Y
IDCJAC0011,86338,2015,8,14,10.4,1,Y
IDCJAC0011,86338,2015,8,15,10,1,Y
IDCJAC0011,86338,2015,8,16,4.7,1,Y
IDCJAC0011,86338,2015,8,17,6.8,1,Y
IDCJAC0011,86338,2015,8,18,6.1,1,Y
IDCJAC0011,86338,2015,8,19,5.5,1,Y
IDCJAC0011,86338,2015,8,20,6.1,1,Y
IDCJAC0011,86338,2015,8,21,10.9,1,Y
IDCJAC0011,86338,2015,8,22,11.8,1,Y
IDCJAC0011,86338,2015,8,23,7.9,1,Y
IDCJAC0011,86338,2015,8,24,8.5,1,Y
IDCJAC0011,86338,2015,8,25,9.5,1,Y
IDCJAC0011,86338,2015,8,26,9.2,1,Y
IDCJAC0011,86338,2015,8,27,9.8,1,Y
IDCJAC0011,86338,2015,8,28,8.1,1,Y
IDCJAC0011,86338,2015,8,29,6.3,1,Y
IDCJAC0011,86338,2015,8,30,7.9,1,Y
IDCJAC0011,86338,2015,8,31,8.1,1,Y
IDCJAC0011,86338,2015,9,1,5.1,1,Y
IDCJAC0011,86338,2015,9,2,8,1,Y
IDCJAC0011,86338,2015,9,3,10.6,1,Y
IDCJAC0011,86338,2015,9,4,8.7,1,Y
IDCJAC0011,86338,2015,9,5,10.2,1,Y
IDCJAC0011,86338,2015,9,6,5.8,1,Y
IDCJAC0011,86338,2015,9,7,8.9,1,Y
IDCJAC0011,86338,2015,9,8,8.8,1,Y
IDCJAC0011,86338,2015,9,9,10,1,Y
IDCJAC0011,86338,2015,9,10,10,1,Y
IDCJAC0011,86338,2015,9,11,5.1,1,Y
IDCJAC0011,86338,2015,9,12,12.2,1,Y
IDCJAC0011,86338,2015,9,13,13.2,1,Y
IDCJAC0011,86338,2015,9,14,15.4,1,Y
IDCJAC0011,86338,2015,9,15,10.8,1,Y
IDCJAC0011,86338,2015,9,16,8.9,1,Y
IDCJAC0011,86338,2015,9,17,9,1,Y
IDCJAC0011,86338,2015,9,18,10.5,1,Y
IDCJAC0011,86338,2015,9,19,6.5,1,Y
IDCJAC0011,86338,2015,9,20,8.5,1,Y
IDCJAC0011,86338,2015,9,21,14,1,Y
IDCJAC0011,86338,2015,9,22,7.6,1,Y
IDCJAC0011,86338,2015,9,23,8.5,1,Y
IDCJAC0011,86338,2015,9,24,5.1,1,Y
IDCJAC0011,86338,2015,9,25,5.8,1,Y
IDCJAC0011,86338,2015,9,26,6.6,1,Y
IDCJAC0011,86338,2015,9,27,9.8,1,Y
IDCJAC0011,86338,2015,9,28,8.3,1,Y
IDCJAC0011,86338,2015,9,29,9,1,Y
IDCJAC0011,86338,2015,9,30,11.5,1,Y
IDCJAC0011,86338,2015,10,1,6,1,Y
IDCJAC0011,86338,2015,10,2,9.9,1,Y
IDCJAC0011,86338,2015,10,3,16.3,1,Y
IDCJAC0011,86338,2015,10,4,13.9,1,Y
IDCJAC0011,86338,2015,10,5,12.7,1,Y
IDCJAC0011,86338,2015,10,6,15.5,1,Y
IDCJAC0011,86338,2015,10,7,11.8,1,Y
IDCJAC0011,86338,2015,10,8,7.6,1,Y
IDCJAC0011,86338,2015,10,9,10.9,1,Y
IDCJAC0011,86338,2015,10,10,17.5,1,Y
IDCJAC0011,86338,2015,10,11,16.9,1,Y
IDCJAC0011,86338,2015,10,12,11.3,1,Y
IDCJAC0011,86338,2015,10,13,7.9,1,Y
IDCJAC0011,86338,2015,10,14,11.2,1,Y
IDCJAC0011,86338,2015,10,15,14.4,1,Y
IDCJAC0011,86338,2015,10,16,17,1,Y
IDCJAC0011,86338,2015,10,17,11.5,1,Y
IDCJAC0011,86338,2015,10,18,12.6,1,Y
IDCJAC0011,86338,2015,10,19,8.3,1,Y
IDCJAC0011,86338,2015,10,20,12.9,1,Y
IDCJAC0011,86338,2015,10,21,17.6,1,Y
IDCJAC0011,86338,2015,10,22,11.4,1,Y
IDCJAC0011,86338,2015,10,23,11.8,1,Y
IDCJAC0011,86338,2015,10,24,9.2,1,Y
IDCJAC0011,86338,2015,10,25,10.2,1,Y
IDCJAC0011,86338,2015,10,26,14,1,Y
IDCJAC0011,86338,2015,10,27,10.4,1,Y
IDCJAC0011,86338,2015,10,28,10.1,1,Y
IDCJAC0011,86338,2015,10,29,13.7,1,Y
IDCJAC0011,86338,2015,10,30,12.6,1,Y
IDCJAC0011,86338,2015,10,31,15.7,1,Y
IDCJAC0011,86338,2015,11,1,16.4,1,Y
IDCJAC0011,86338,2015,11,2,14.5,1,Y
IDCJAC0011,86338,2015,11,3,8,1,Y
IDCJAC0011,86338,2015,11,4,10.9,1,Y
IDCJAC0011,86338,2015,11,5,16.2,1,Y
IDCJAC0011,86338,2015,11,6,16.6,1,Y
IDCJAC0011,86338,2015,11,7,11.9,1,Y
IDCJAC0011,86338,2015,11,8,8.5,1,Y
IDCJAC0011,86338,2015,11,9,13.6,1,Y
IDCJAC0011,86338,2015,11,10,15.2,1,Y
IDCJAC0011,86338,2015,11,11,11.5,1,Y
IDCJAC0011,86338,2015,11,12,13.7,1,Y
IDCJAC0011,86338,2015,11,13,13.5,1,Y
IDCJAC0011,86338,2015,11,14,12.1,1,Y
IDCJAC0011,86338,2015,11,15,13,1,Y
IDCJAC0011,86338,2015,11,16,11.4,1,Y
IDCJAC0011,86338,2015,11,17,15.7,1,Y
IDCJAC0011,86338,2015,11,18,14.7,1,Y
IDCJAC0011,86338,2015,11,19,15.6,1,Y
IDCJAC0011,86338,2015,11,20,15.4,1,Y
IDCJAC0011,86338,2015,11,21,12.2,1,Y
IDCJAC0011,86338,2015,11,22,13.5,1,Y
IDCJAC0011,86338,2015,11,23,13.8,1,Y
IDCJAC0011,86338,2015,11,24,13.6,1,Y
IDCJAC0011,86338,2015,11,25,13.5,1,Y
IDCJAC0011,86338,2015,11,26,10.8,1,Y
IDCJAC0011,86338,2015,11,27,9,1,Y
IDCJAC0011,86338,2015,11,28,12,1,Y
IDCJAC0011,86338,2015,11,29,12.6,1,Y
IDCJAC0011,86338,2015,11,30,10,1,Y
IDCJAC0011,86338,2015,12,1,14.5,1,Y
IDCJAC0011,86338,2015,12,2,9.2,1,Y
IDCJAC0011,86338,2015,12,3,12.2,1,Y
IDCJAC0011,86338,2015,12,4,11.3,1,Y
IDCJAC0011,86338,2015,12,5,15.5,1,Y
IDCJAC0011,86338,2015,12,6,15.3,1,Y
IDCJAC0011,86338,2015,12,7,18.1,1,Y
IDCJAC0011,86338,2015,12,8,20.3,1,Y
IDCJAC0011,86338,2015,12,9,15.4,1,Y
IDCJAC0011,86338,2015,12,10,13.1,1,Y
IDCJAC0011,86338,2015,12,11,14.2,1,Y
IDCJAC0011,86338,2015,12,12,10.1,1,Y
IDCJAC0011,86338,2015,12,13,10.3,1,Y
IDCJAC0011,86338,2015,12,14,11.9,1,Y
IDCJAC0011,86338,2015,12,15,14.4,1,Y
IDCJAC0011,86338,2015,12,16,15.6,1,Y
IDCJAC0011,86338,2015,12,17,16.9,1,Y
IDCJAC0011,86338,2015,12,18,19.4,1,Y
IDCJAC0011,86338,2015,12,19,19.2,1,Y
IDCJAC0011,86338,2015,12,20,25.9,1,Y
IDCJAC0011,86338,2015,12,21,15,1,Y
IDCJAC0011,86338,2015,12,22,12,1,Y
IDCJAC0011,86338,2015,12,23,15.1,1,Y
IDCJAC0011,86338,2015,12,24,16.7,1,Y
IDCJAC0011,86338,2015,12,25,21.7,1,Y
IDCJAC0011,86338,2015,12,26,12.7,1,Y
IDCJAC0011,86338,2015,12,27,11.9,1,Y
IDCJAC0011,86338,2015,12,28,12.8,1,Y
IDCJAC0011,86338,2015,12,29,12.4,1,Y
IDCJAC0011,86338,2015,12,30,13.9,1,Y
IDCJAC0011,86338,2015,12,31,19.7,1,Y
IDCJAC0011,86338,2016,1,1,19.8,1,Y
IDCJAC0011,86338,2016,1,2,17.1,1,Y
IDCJAC0011,86338,2016,1,3,17.5,1,Y
IDCJAC0011,86338,2016,1,4,16.3,1,Y
IDCJAC0011,86338,2016,1,5,17.1,1,Y
IDCJAC0011,86338,2016,1,6,17.3,1,Y
IDCJAC0011,86338,2016,1,7,16.3,1,Y
IDCJAC0011,86338,2016,1,8,16.2,1,Y
IDCJAC0011,86338,2016,1,9,16.8,1,Y
IDCJAC0011,86338,2016,1,10,15.7,1,Y
IDCJAC0011,86338,2016,1,11,17.2,1,Y
IDCJAC0011,86338,2016,1,12,17.1,1,Y
IDCJAC0011,86338,2016,1,13,16.8,1,Y
IDCJAC0011,86338,2016,1,14,16.1,1,Y
IDCJAC0011,86338,2016,1,15,13.6,1,Y
IDCJAC0011,86338,2016,1,16,11.9,1,Y
IDCJAC0011,86338,2016,1,17,14.9,1,Y
IDCJAC0011,86338,2016,1,18,18.6,1,Y
IDCJAC0011,86338,2016,1,19,17.9,1,Y
IDCJAC0011,86338,2016,1,20,19.3,1,Y
IDCJAC0011,86338,2016,1,21,19,1,Y
IDCJAC0011,86338,2016,1,22,17.5,1,Y
IDCJAC0011,86338,2016,1,23,17.3,1,Y
IDCJAC0011,86338,2016,1,24,16.2,1,Y
IDCJAC0011,86338,2016,1,25,16.7,1,Y
IDCJAC0011,86338,2016,1,26,16.5,1,Y
IDCJAC0011,86338,2016,1,27,19.3,1,Y
IDCJAC0011,86338,2016,1,28,20.3,1,Y
IDCJAC0011,86338,2016,1,29,14.4,1,Y
IDCJAC0011,86338,2016,1,30,12.3,1,Y
IDCJAC0011,86338,2016,1,31,13.9,1,Y
IDCJAC0011,86338,2016,2,1,12.5,1,Y
IDCJAC0011,86338,2016,2,2,15.4,1,Y
IDCJAC0011,86338,2016,2,3,18.1,1,Y
IDCJAC0011,86338,2016,2,4,17.3,1,Y
IDCJAC0011,86338,2016,2,5,15.3,1,Y
IDCJAC0011,86338,2016,2,6,16.5,1,Y
IDCJAC0011,86338,2016,2,7,19.1,1,Y
IDCJAC0011,86338,2016,2,8,19.2,1,Y
IDCJAC0011,86338,2016,2,9,17.4,1,Y
IDCJAC0011,86338,2016,2,10,17.4,1,Y
IDCJAC0011,86338,2016,2,11,18,1,Y
IDCJAC0011,86338,2016,2,12,16.7,1,Y
IDCJAC0011,86338,2016,2,13,17.7,1,Y
IDCJAC0011,86338,2016,2,14,16.4,1,Y
IDCJAC0011,86338,2016,2,15,14,1,Y
IDCJAC0011,86338,2016,2,16,13.7,1,Y
IDCJAC0011,86338,2016,2,17,12.7,1,Y
IDCJAC0011,86338,2016,2,18,15.5,1,Y
IDCJAC0011,86338,2016,2,19,15.8,1,Y
IDCJAC0011,86338,2016,2,20,15.8,1,Y
IDCJAC0011,86338,2016,2,21,12.6,1,Y
IDCJAC0011,86338,2016,2,22,15.6,1,Y
IDCJAC0011,86338,2016,2,23,18.1,1,Y
IDCJAC0011,86338,2016,2,24,22.4,1,Y
IDCJAC0011,86338,2016,2,25,19.6,1,Y
IDCJAC0011,86338,2016,2,26,15.5,1,Y
IDCJAC0011,86338,2016,2,27,17.7,1,Y
IDCJAC0011,86338,2016,2,28,17.7,1,Y
IDCJAC0011,86338,2016,2,29,15,1,Y
IDCJAC0011,86338,2016,3,1,17.3,1,Y
IDCJAC0011,86338,2016,3,2,17.6,1,Y
IDCJAC0011,86338,2016,3,3,17.4,1,Y
IDCJAC0011,86338,2016,3,4,16.5,1,Y
IDCJAC0011,86338,2016,3,5,20.4,1,Y
IDCJAC0011,86338,2016,3,6,17.4,1,Y
IDCJAC0011,86338,2016,3,7,18.6,1,Y
IDCJAC0011,86338,2016,3,8,19.9,1,Y
IDCJAC0011,86338,2016,3,9,20.8,1,Y
IDCJAC0011,86338,2016,3,10,18.1,1,Y
IDCJAC0011,86338,2016,3,11,18.8,1,Y
IDCJAC0011,86338,2016,3,12,18.7,1,Y
IDCJAC0011,86338,2016,3,13,17.7,1,Y
IDCJAC0011,86338,2016,3,14,18.4,1,Y
IDCJAC0011,86338,2016,3,15,15.1,1,Y
IDCJAC0011,86338,2016,3,16,15.3,1,Y
IDCJAC0011,86338,2016,3,17,18.3,1,Y
IDCJAC0011,86338,2016,3,18,15.2,1,Y
IDCJAC0011,86338,2016,3,19,12,1,Y
IDCJAC0011,86338,2016,3,20,10.1,1,Y
IDCJAC0011,86338,2016,3,21,11.2,1,Y
IDCJAC0011,86338,2016,3,22,11.4,1,Y
IDCJAC0011,86338,2016,3,23,13.7,1,Y
IDCJAC0011,86338,2016,3,24,16.3,1,Y
IDCJAC0011,86338,2016,3,25,15.9,1,Y
IDCJAC0011,86338,2016,3,26,14.1,1,Y
IDCJAC0011,86338,2016,3,27,14.3,1,Y
IDCJAC0011,86338,2016,3,28,9.4,1,Y
IDCJAC0011,86338,2016,3,29,14.5,1,Y
IDCJAC0011,86338,2016,3,30,15.5,1,Y
IDCJAC0011,86338,2016,3,31,11.3,1,Y
IDCJAC0011,86338,2016,4,1,13.1,1,Y
IDCJAC0011,86338,2016,4,2,15.5,1,Y
IDCJAC0011,86338,2016,4,3,11.3,1,Y
IDCJAC0011,86338,2016,4,4,9.7,1,Y
IDCJAC0011,86338,2016,4,5,12.3,1,Y
IDCJAC0011,86338,2016,4,6,13.6,1,Y
IDCJAC0011,86338,2016,4,7,8.3,1,Y
IDCJAC0011,86338,2016,4,8,11.9,1,Y
IDCJAC0011,86338,2016,4,9,10.4,1,Y
IDCJAC0011,86338,2016,4,10,13.6,1,Y
IDCJAC0011,86338,2016,4,11,14.5,1,Y
IDCJAC0011,86338,2016,4,12,14,1,Y
IDCJAC0011,86338,2016,4,13,11.3,1,Y
IDCJAC0011,86338,2016,4,14,11.6,1,Y
IDCJAC0011,86338,2016,4,15,13.4,1,Y
IDCJAC0011,86338,2016,4,16,14,1,Y
IDCJAC0011,86338,2016,4,17,13.1,1,Y
IDCJAC0011,86338,2016,4,18,9.8,1,Y
IDCJAC0011,86338,2016,4,19,13.6,1,Y
IDCJAC0011,86338,2016,4,20,15.3,1,Y
IDCJAC0011,86338,2016,4,21,17.1,1,Y
IDCJAC0011,86338,2016,4,22,14.6,1,Y
IDCJAC0011,86338,2016,4,23,12.3,1,Y
IDCJAC0011,86338,2016,4,24,9.1,1,Y
IDCJAC0011,86338,2016,4,25,9.9,1,Y
IDCJAC0011,86338,2016,4,26,11.3,1,Y
IDCJAC0011,86338,2016,4,27,13,1,Y
IDCJAC0011,86338,2016,4,28,19.8,1,Y
IDCJAC0011,86338,2016,4,29,16.9,1,Y
IDCJAC0011,86338,2016,4,30,16.4,1,Y
IDCJAC0011,86338,2016,5,1,14.4,1,Y
IDCJAC0011,86338,2016,5,2,9,1,Y
IDCJAC0011,86338,2016,5,3,12.3,1,Y
IDCJAC0011,86338,2016,5,4,9.8,1,Y
IDCJAC0011,86338,2016,5,5,12.6,1,Y
IDCJAC0011,86338,2016,5,6,15.9,1,Y
IDCJAC0011,86338,2016,5,7,11.4,1,Y
IDCJAC0011,86338,2016,5,8,15.5,1,Y
IDCJAC0011,86338,2016,5,9,15.4,1,Y
IDCJAC0011,86338,2016,5,10,13.7,1,Y
IDCJAC0011,86338,2016,5,11,12.2,1,Y
IDCJAC0011,86338,2016,5,12,14.1,1,Y
IDCJAC0011,86338,2016,5,13,15.9,1,Y
IDCJAC0011,86338,2016,5,14,14.5,1,Y
IDCJAC0011,86338,2016,5,15,15,1,Y
IDCJAC0011,86338,2016,5,16,7.7,1,Y
IDCJAC0011,86338,2016,5,17,11.4,1,Y
IDCJAC0011,86338,2016,5,18,13,1,Y
IDCJAC0011,86338,2016,5,19,14.6,1,Y
IDCJAC0011,86338,2016,5,20,11.6,1,Y
IDCJAC0011,86338,2016,5,21,8.1,1,Y
IDCJAC0011,86338,2016,5,22,9.2,1,Y
IDCJAC0011,86338,2016,5,23,12.8,1,Y
IDCJAC0011,86338,2016,5,24,10.7,1,Y
IDCJAC0011,86338,2016,5,25,7.6,1,Y
IDCJAC0011,86338,2016,5,26,10.3,1,Y
IDCJAC0011,86338,2016,5,27,9.2,1,Y
IDCJAC0011,86338,2016,5,28,5.7,1,Y
IDCJAC0011,86338,2016,5,29,8.7,1,Y
IDCJAC0011,86338,2016,5,30,7.2,1,Y
IDCJAC0011,86338,2016,5,31,3.6,1,Y
IDCJAC0011,86338,2016,6,1,4.8,1,N
IDCJAC0011,86338,2016,6,2,4.8,1,N
IDCJAC0011,86338,2016,6,3,6.8,1,N
IDCJAC0011,86338,2016,6,4,9.8,1,N
IDCJAC0011,86338,2016,6,5,10.5,1,N
IDCJAC0011,86338,2016,6,6,8.9,1,N
IDCJAC0011,86338,2016,6,7,10.5,1,Y
IDCJAC0011,86338,2016,6,8,9.7,1,N
IDCJAC0011,86338,2016,6,9,10.8,1,N
IDCJAC0011,86338,2016,6,10,10.4,1,N
IDCJAC0011,86338,2016,6,11,9,1,N
IDCJAC0011,86338,2016,6,12,5,1,N
IDCJAC0011,86338,2016,6,13,3.8,1,N
IDCJAC0011,86338,2016,6,14,8.6,1,N
IDCJAC0011,86338,2016,6,15,6,1,N
IDCJAC0011,86338,2016,6,16,7.8,1,N
IDCJAC0011,86338,2016,6,17,9.3,1,N
IDCJAC0011,86338,2016,6,18,10,1,N
IDCJAC0011,86338,2016,6,19,7.3,1,N
IDCJAC0011,86338,2016,6,20,9.1,1,N
IDCJAC0011,86338,2016,6,21,10.4,1,N
IDCJAC0011,86338,2016,6,22,11.2,1,N
IDCJAC0011,86338,2016,6,23,10.4,1,N
IDCJAC0011,86338,2016,6,24,6.9,1,Y
IDCJAC0011,86338,2016,6,25,5.6,1,N
IDCJAC0011,86338,2016,6,26,3,1,N
IDCJAC0011,86338,2016,6,27,4.8,1,N
IDCJAC0011,86338,2016,6,28,5,1,N
IDCJAC0011,86338,2016,6,29,8.9,1,N
IDCJAC0011,86338,2016,6,30,10.3,1,N
IDCJAC0011,86338,2016,7,1,7.3,1,Y
IDCJAC0011,86338,2016,7,2,9.9,1,Y
IDCJAC0011,86338,2016,7,3,10.9,1,Y
IDCJAC0011,86338,2016,7,4,10.4,1,Y
IDCJAC0011,86338,2016,7,5,8.2,1,Y
IDCJAC0011,86338,2016,7,6,9.8,1,Y
IDCJAC0011,86338,2016,7,7,10.5,1,Y
IDCJAC0011,86338,2016,7,8,9.7,1,Y
IDCJAC0011,86338,2016,7,9,5.3,1,Y
IDCJAC0011,86338,2016,7,10,6.5,1,Y
IDCJAC0011,86338,2016,7,11,8.3,1,Y
IDCJAC0011,86338,2016,7,12,10.7,1,Y
IDCJAC0011,86338,2016,7,13,4.5,1,Y
IDCJAC0011,86338,2016,7,14,6.6,1,Y
IDCJAC0011,86338,2016,7,15,8.8,1,Y
IDCJAC0011,86338,2016,7,16,7.8,1,Y
IDCJAC0011,86338,2016,7,17,3.1,1,Y
IDCJAC0011,86338,2016,7,18,9.6,1,Y
IDCJAC0011,86338,2016,7,19,12.6,1,Y
IDCJAC0011,86338,2016,7,20,9.8,1,Y
IDCJAC0011,86338,2016,7,21,6.9,1,Y
IDCJAC0011,86338,2016,7,22,9.2,1,Y
IDCJAC0011,86338,2016,7,23,7.5,1,Y
IDCJAC0011,86338,2016,7,24,4.7,1,Y
IDCJAC0011,86338,2016,7,25,6.3,1,Y
IDCJAC0011,86338,2016,7,26,6.5,1,Y
IDCJAC0011,86338,2016,7,27,7.5,1,Y
IDCJAC0011,86338,2016,7,28,6.9,1,Y
IDCJAC0011,86338,2016,7,29,10.2,1,Y
IDCJAC0011,86338,2016,7,30,9.1,1,Y
IDCJAC0011,86338,2016,7,31,10.3,1,Y
IDCJAC0011,86338,2016,8,1,11.2,1,Y
IDCJAC0011,86338,2016,8,2,8.5,1,Y
IDCJAC0011,86338,2016,8,3,8.7,1,Y
IDCJAC0011,86338,2016,8,4,4.9,1,Y
IDCJAC0011,86338,2016,8,5,3.4,1,Y
IDCJAC0011,86338,2016,8,6,5.8,1,Y
IDCJAC0011,86338,2016,8,7,7.6,1,Y
IDCJAC0011,86338,2016,8,8,5,1,Y
IDCJAC0011,86338,2016,8,9,9.7,1,Y
IDCJAC0011,86338,2016,8,10,9.6,1,Y
IDCJAC0011,86338,2016,8,11,6.8,1,Y
IDCJAC0011,86338,2016,8,12,7.7,1,Y
IDCJAC0011,86338,2016,8,13,7.9,1,Y
IDCJAC0011,86338,2016,8,14,8.5,1,Y
IDCJAC0011,86338,2016,8,15,10.2,1,Y
IDCJAC0011,86338,2016,8,16,10,1,Y
IDCJAC0011,86338,2016,8,17,12.5,1,Y
IDCJAC0011,86338,2016,8,18,7.1,1,Y
IDCJAC0011,86338,2016,8,19,15.3,1,Y
IDCJAC0011,86338,2016,8,20,6.9,1,Y
IDCJAC0011,86338,2016,8,21,9.5,1,Y
IDCJAC0011,86338,2016,8,22,7.8,1,Y
IDCJAC0011,86338,2016,8,23,7,1,Y
IDCJAC0011,86338,2016,8,24,3.7,1,Y
IDCJAC0011,86338,2016,8,25,6.5,1,Y
IDCJAC0011,86338,2016,8,26,7.2,1,Y
IDCJAC0011,86338,2016,8,27,9.3,1,Y
IDCJAC0011,86338,2016,8,28,10.5,1,Y
IDCJAC0011,86338,2016,8,29,8.7,1,Y
IDCJAC0011,86338,2016,8,30,10.2,1,Y
IDCJAC0011,86338,2016,8,31,12.8,1,Y
IDCJAC0011,86338,2016,9,1,11.6,1,N
IDCJAC0011,86338,2016,9,2,9.6,1,N
IDCJAC0011,86338,2016,9,3,10,1,N
IDCJAC0011,86338,2016,9,4,10.1,1,N
IDCJAC0011,86338,2016,9,5,12.8,1,N
IDCJAC0011,86338,2016,9,6,9.2,1,N
IDCJAC0011,86338,2016,9,7,9.6,1,N
IDCJAC0011,86338,2016,9,8,13.1,1,N
IDCJAC0011,86338,2016,9,9,16,1,N
IDCJAC0011,86338,2016,9,10,11.5,1,N
IDCJAC0011,86338,2016,9,11,7.3,1,N
IDCJAC0011,86338,2016,9,12,9.9,1,N
IDCJAC0011,86338,2016,9,13,9.6,1,Y
IDCJAC0011,86338,2016,9,14,10.5,1,N
IDCJAC0011,86338,2016,9,15,8.7,1,N
IDCJAC0011,86338,2016,9,16,9,1,N
IDCJAC0011,86338,2016,9,17,11.1,1,N
IDCJAC0011,86338,2016,9,18,10.8,1,N
IDCJAC0011,86338,2016,9,19,8.5,1,N
IDCJAC0011,86338,2016,9,20,9.1,1,N
IDCJAC0011,86338,2016,9,21,10.9,1,N
IDCJAC0011,86338,2016,9,22,9.6,1,N
IDCJAC0011,86338,2016,9,23,9.8,1,N
IDCJAC0011,86338,2016,9,24,10,1,N
IDCJAC0011,86338,2016,9,25,9.5,1,N
IDCJAC0011,86338,2016,9,26,8.1,1,N
IDCJAC0011,86338,2016,9,27,7.4,1,N
IDCJAC0011,86338,2016,9,28,7.5,1,N
IDCJAC0011,86338,2016,9,29,12.5,1,N
IDCJAC0011,86338,2016,9,30,9.3,1,N
IDCJAC0011,86338,2016,10,1,11.6,1,Y
IDCJAC0011,86338,2016,10,2,12.1,1,Y
IDCJAC0011,86338,2016,10,3,11.1,1,Y
IDCJAC0011,86338,2016,10,4,10.6,1,Y
IDCJAC0011,86338,2016,10,5,8,1,Y
IDCJAC0011,86338,2016,10,6,9.7,1,Y
IDCJAC0011,86338,2016,10,7,14.1,1,Y
IDCJAC0011,86338,2016,10,8,9.7,1,Y
IDCJAC0011,86338,2016,10,9,9.5,1,Y
IDCJAC0011,86338,2016,10,10,13,1,Y
IDCJAC0011,86338,2016,10,11,7.5,1,Y
IDCJAC0011,86338,2016,10,12,10.2,1,Y
IDCJAC0011,86338,2016,10,13,6.8,1,Y
IDCJAC0011,86338,2016,10,14,5.2,1,Y
IDCJAC0011,86338,2016,10,15,9.4,1,Y
IDCJAC0011,86338,2016,10,16,17.4,1,Y
IDCJAC0011,86338,2016,10,17,9.8,1,Y
IDCJAC0011,86338,2016,10,18,9.6,1,Y
IDCJAC0011,86338,2016,10,19,7.5,1,Y
IDCJAC0011,86338,2016,10,20,6.8,1,Y
IDCJAC0011,86338,2016,10,21,14.8,1,Y
IDCJAC0011,86338,2016,10,22,6.9,1,Y
IDCJAC0011,86338,2016,10,23,7.9,1,Y
IDCJAC0011,86338,2016,10,24,9.4,1,Y
IDCJAC0011,86338,2016,10,25,9.6,1,Y
IDCJAC0011,86338,2016,10,26,16.5,1,Y
IDCJAC0011,86338,2016,10,27,10.1,1,Y
IDCJAC0011,86338,2016,10,28,6.3,1,Y
IDCJAC0011,86338,2016,10,29,9.3,1,Y
IDCJAC0011,86338,2016,10,30,12.7,1,Y
IDCJAC0011,86338,2016,10,31,7.9,1,Y
IDCJAC0011,86338,2016,11,1,9.4,1,Y
IDCJAC0011,86338,2016,11,2,9.7,1,Y
IDCJAC0011,86338,2016,11,3,10,1,Y
IDCJAC0011,86338,2016,11,4,10.2,1,Y
IDCJAC0011,86338,2016,11,5,10,1,Y
IDCJAC0011,86338,2016,11,6,11.5,1,Y
IDCJAC0011,86338,2016,11,7,14.6,1,Y
IDCJAC0011,86338,2016,11,8,11,1,Y
IDCJAC0011,86338,2016,11,9,9.2,1,Y
IDCJAC0011,86338,2016,11,10,11.9,1,Y
IDCJAC0011,86338,2016,11,11,8.4,1,Y
IDCJAC0011,86338,2016,11,12,13.2,1,Y
IDCJAC0011,86338,2016,11,13,11.7,1,Y
IDCJAC0011,86338,2016,11,14,11.5,1,Y
IDCJAC0011,86338,2016,11,15,11,1,Y
IDCJAC0011,86338,2016,11,16,11.9,1,Y
IDCJAC0011,86338,2016,11,17,12,1,Y
IDCJAC0011,86338,2016,11,18,15.3,1,Y
IDCJAC0011,86338,2016,11,19,11.7,1,Y
IDCJAC0011,86338,2016,11,20,11.9,1,Y
IDCJAC0011,86338,2016,11,21,17.9,1,Y
IDCJAC0011,86338,2016,11,22,14.5,1,Y
IDCJAC0011,86338,2016,11,23,11,1,Y
IDCJAC0011,86338,2016,11,24,10.3,1,Y
IDCJAC0011,86338,2016,11,25,10.9,1,Y
IDCJAC0011,86338,2016,11,26,12.2,1,Y
IDCJAC0011,86338,2016,11,27,11.6,1,Y
IDCJAC0011,86338,2016,11,28,12.2,1,Y
IDCJAC0011,86338,2016,11,29,10.4,1,Y
IDCJAC0011,86338,2016,11,30,13.3,1,Y
IDCJAC0011,86338,2016,12,1,12.9,1,Y
IDCJAC0011,86338,2016,12,2,13,1,Y
IDCJAC0011,86338,2016,12,3,9.9,1,Y
IDCJAC0011,86338,2016,12,4,12.7,1,Y
IDCJAC0011,86338,2016,12,5,16.9,1,Y
IDCJAC0011,86338,2016,12,6,12.8,1,Y
IDCJAC0011,86338,2016,12,7,10.5,1,Y
IDCJAC0011,86338,2016,12,8,15.4,1,Y
IDCJAC0011,86338,2016,12,9,10,1,Y
IDCJAC0011,86338,2016,12,10,11.2,1,Y
IDCJAC0011,86338,2016,12,11,12.9,1,Y
IDCJAC0011,86338,2016,12,12,10.7,1,Y
IDCJAC0011,86338,2016,12,13,16.5,1,Y
IDCJAC0011,86338,2016,12,14,15.7,1,Y
IDCJAC0011,86338,2016,12,15,11.7,1,Y
IDCJAC0011,86338,2016,12,16,9.7,1,Y
IDCJAC0011,86338,2016,12,17,15.1,1,Y
IDCJAC0011,86338,2016,12,18,10,1,Y
IDCJAC0011,86338,2016,12,19,8.8,1,Y
IDCJAC0011,86338,2016,12,20,14.4,1,Y
IDCJAC0011,86338,2016,12,21,13.5,1,Y
IDCJAC0011,86338,2016,12,22,14.6,1,Y
IDCJAC0011,86338,2016,12,23,12.5,1,Y
IDCJAC0011,86338,2016,12,24,16.2,1,Y
IDCJAC0011,86338,2016,12,25,16.4,1,Y
IDCJAC0011,86338,2016,12,26,25.4,1,Y
IDCJAC0011,86338,2016,12,27,18,1,Y
IDCJAC0011,86338,2016,12,28,20.3,1,Y
IDCJAC0011,86338,2016,12,29,27,1,Y
IDCJAC0011,86338,2016,12,30,20.1,1,Y
IDCJAC0011,86338,2016,12,31,17.3,1,Y
IDCJAC0011,86338,2017,1,1,16.8,1,Y
IDCJAC0011,86338,2017,1,2,14.8,1,Y
IDCJAC0011,86338,2017,1,3,14.6,1,Y
IDCJAC0011,86338,2017,1,4,13.3,1,Y
IDCJAC0011,86338,2017,1,5,18.5,1,Y
IDCJAC0011,86338,2017,1,6,18.3,1,Y
IDCJAC0011,86338,2017,1,7,20.9,1,Y
IDCJAC0011,86338,2017,1,8,28,1,Y
IDCJAC0011,86338,2017,1,9,18.5,1,Y
IDCJAC0011,86338,2017,1,10,17.7,1,Y
IDCJAC0011,86338,2017,1,11,16.6,1,Y
IDCJAC0011,86338,2017,1,12,14.9,1,Y
IDCJAC0011,86338,2017,1,13,17.5,1,Y
IDCJAC0011,86338,2017,1,14,15.2,1,Y
IDCJAC0011,86338,2017,1,15,15.2,1,Y
IDCJAC0011,86338,2017,1,16,12.2,1,Y
IDCJAC0011,86338,2017,1,17,16.4,1,Y
IDCJAC0011,86338,2017,1,18,15.6,1,Y
IDCJAC0011,86338,2017,1,19,11,1,Y
IDCJAC0011,86338,2017,1,20,16.1,1,Y
IDCJAC0011,86338,2017,1,21,15.3,1,Y
IDCJAC0011,86338,2017,1,22,12.7,1,Y
IDCJAC0011,86338,2017,1,23,17.8,1,Y
IDCJAC0011,86338,2017,1,24,19.1,1,Y
IDCJAC0011,86338,2017,1,25,13.5,1,Y
IDCJAC0011,86338,2017,1,26,16.4,1,Y
IDCJAC0011,86338,2017,1,27,17,1,Y
IDCJAC0011,86338,2017,1,28,15,1,Y
IDCJAC0011,86338,2017,1,29,15.1,1,Y
IDCJAC0011,86338,2017,1,30,17.8,1,Y
IDCJAC0011,86338,2017,1,31,16.5,1,Y
IDCJAC0011,86338,2017,2,1,14.3,1,N
IDCJAC0011,86338,2017,2,2,14.2,1,N
IDCJAC0011,86338,2017,2,3,15.4,1,N
IDCJAC0011,86338,2017,2,4,14.6,1,N
IDCJAC0011,86338,2017,2,5,18.5,1,N
IDCJAC0011,86338,2017,2,6,15.1,1,N
IDCJAC0011,86338,2017,2,7,15.4,1,N
IDCJAC0011,86338,2017,2,8,16.5,1,N
IDCJAC0011,86338,2017,2,9,20.3,1,N
IDCJAC0011,86338,2017,2,10,18.7,1,N
IDCJAC0011,86338,2017,2,11,18.5,1,N
IDCJAC0011,86338,2017,2,12,15.1,1,N
IDCJAC0011,86338,2017,2,13,14,1,N
IDCJAC0011,86338,2017,2,14,14.5,1,N
IDCJAC0011,86338,2017,2,15,10,1,N
IDCJAC0011,86338,2017,2,16,14.9,1,N
IDCJAC0011,86338,2017,2,17,13.7,1,N
IDCJAC0011,86338,2017,2,18,13.3,1,N
IDCJAC0011,86338,2017,2,19,11.7,1,N
IDCJAC0011,86338,2017,2,20,11.6,1,N
IDCJAC0011,86338,2017,2,21,10.1,1,N
IDCJAC0011,86338,2017,2,22,12.8,1,N
IDCJAC0011,86338,2017,2,23,15.9,1,N
IDCJAC0011,86338,2017,2,24,15.8,1,N
IDCJAC0011,86338,2017,2,25,13.7,1,N
IDCJAC0011,86338,2017,2,26,13.2,1,N
IDCJAC0011,86338,2017,2,27,15.6,1,N
IDCJAC0011,86338,2017,2,28,17.3,1,N
IDCJAC0011,86338,2017,3,1,16.6,1,Y
IDCJAC0011,86338,2017,3,2,17.7,1,Y
IDCJAC0011,86338,2017,3,3,18.1,1,Y
IDCJAC0011,86338,2017,3,4,16.1,1,Y
IDCJAC0011,86338,2017,3,5,17.6,1,Y
IDCJAC0011,86338,2017,3,6,17.7,1,Y
IDCJAC0011,86338,2017,3,7,15,1,Y
IDCJAC0011,86338,2017,3,8,14.2,1,Y
IDCJAC0011,86338,2017,3,9,15,1,Y
IDCJAC0011,86338,2017,3,10,18.5,1,Y
IDCJAC0011,86338,2017,3,11,18,1,Y
IDCJAC0011,86338,2017,3,12,17.9,1,Y
IDCJAC0011,86338,2017,3,13,15.7,1,Y
IDCJAC0011,86338,2017,3,14,18.8,1,Y
IDCJAC0011,86338,2017,3,15,20.8,1,Y
IDCJAC0011,86338,2017,3,16,21.7,1,Y
IDCJAC0011,86338,2017,3,17,15.8,1,Y
IDCJAC0011,86338,2017,3,18,12.4,1,Y
IDCJAC0011,86338,2017,3,19,14.5,1,Y
IDCJAC0011,86338,2017,3,20,19.3,1,Y
IDCJAC0011,86338,2017,3,21,19.9,1,Y
IDCJAC0011,86338,2017,3,22,17.8,1,Y
IDCJAC0011,86338,2017,3,23,16.2,1,Y
IDCJAC0011,86338,2017,3,24,13.9,1,Y
IDCJAC0011,86338,2017,3,25,15.3,1,Y
IDCJAC0011,86338,2017,3,26,19.3,1,Y
IDCJAC0011,86338,2017,3,27,19.3,1,Y
IDCJAC0011,86338,2017,3,28,11.9,1,Y
IDCJAC0011,86338,2017,3,29,13.9,1,Y
IDCJAC0011,86338,2017,3,30,10.2,1,Y
IDCJAC0011,86338,2017,3,31,10.1,1,Y
IDCJAC0011,86338,2017,4,1,10,1,N
IDCJAC0011,86338,2017,4,2,11.7,1,Y
IDCJAC0011,86338,2017,4,3,8.2,1,N
IDCJAC0011,86338,2017,4,4,10,1,N
IDCJAC0011,86338,2017,4,5,11,1,N
IDCJAC0011,86338,2017,4,6,12,1,N
IDCJAC0011,86338,2017,4,7,12.7,1,N
IDCJAC0011,86338,2017,4,8,18.6,1,N
IDCJAC0011,86338,2017,4,9,11.7,1,N
IDCJAC0011,86338,2017,4,10,9,1,N
IDCJAC0011,86338,2017,4,11,12.3,1,N
IDCJAC0011,86338,2017,4,12,10.8,1,N
IDCJAC0011,86338,2017,4,13,10.9,1,N
IDCJAC0011,86338,2017,4,14,13,1,N
IDCJAC0011,86338,2017,4,15,11.8,1,N
IDCJAC0011,86338,2017,4,16,9.9,1,N
IDCJAC0011,86338,2017,4,17,11.1,1,N
IDCJAC0011,86338,2017,4,18,9.5,1,N
IDCJAC0011,86338,2017,4,19,13,1,N
IDCJAC0011,86338,2017,4,20,14.6,1,N
IDCJAC0011,86338,2017,4,21,16.5,1,N
IDCJAC0011,86338,2017,4,22,16.9,1,N
IDCJAC0011,86338,2017,4,23,14.4,1,N
IDCJAC0011,86338,2017,4,24,15.9,1,N
IDCJAC0011,86338,2017,4,25,16.2,1,N
IDCJAC0011,86338,2017,4,26,10.1,1,N
IDCJAC0011,86338,2017,4,27,8.3,1,N
IDCJAC0011,86338,2017,4,28,9.4,1,N
IDCJAC0011,86338,2017,4,29,14.9,1,N
IDCJAC0011,86338,2017,4,30,13.6,1,N
IDCJAC0011,86338,2017,5,1,13.6,1,Y
IDCJAC0011,86338,2017,5,2,10.4,1,Y
IDCJAC0011,86338,2017,5,3,7.4,1,Y
IDCJAC0011,86338,2017,5,4,5.8,1,Y
IDCJAC0011,86338,2017,5,5,6.2,1,Y
IDCJAC0011,86338,2017,5,6,9.6,1,Y
IDCJAC0011,86338,2017,5,7,8.9,1,Y
IDCJAC0011,86338,2017,5,8,10.1,1,Y
IDCJAC0011,86338,2017,5,9,10.9,1,Y
IDCJAC0011,86338,2017,5,10,8.1,1,Y
IDCJAC0011,86338,2017,5,11,6.1,1,Y
IDCJAC0011,86338,2017,5,12,5.9,1,Y
IDCJAC0011,86338,2017,5,13,8.4,1,Y
IDCJAC0011,86338,2017,5,14,6.4,1,Y
IDCJAC0011,86338,2017,5,15,6.3,1,Y
IDCJAC0011,86338,2017,5,16,5.6,1,Y
IDCJAC0011,86338,2017,5,17,7.6,1,Y
IDCJAC0011,86338,2017,5,18,10.7,1,Y
IDCJAC0011,86338,2017,5,19,10.2,1,Y
IDCJAC0011,86338,2017,5,20,10.2,1,Y
IDCJAC0011,86338,2017,5,21,10.8,1,Y
IDCJAC0011,86338,2017,5,22,10.4,1,Y
IDCJAC0011,86338,2017,5,23,12.8,1,Y
IDCJAC0011,86338,2017,5,24,11.7,1,Y
IDCJAC0011,86338,2017,5,25,13.7,1,Y
IDCJAC0011,86338,2017,5,26,13.1,1,Y
IDCJAC0011,86338,2017,5,27,11.9,1,Y
IDCJAC0011,86338,2017,5,28,10.2,1,Y
IDCJAC0011,86338,2017,5,29,7.7,1,Y
IDCJAC0011,86338,2017,5,30,9.3,1,Y
IDCJAC0011,86338,2017,5,31,6.7,1,Y
IDCJAC0011,86338,2017,6,1,7.9,1,Y
IDCJAC0011,86338,2017,6,2,8,1,Y
IDCJAC0011,86338,2017,6,3,9.9,1,Y
IDCJAC0011,86338,2017,6,4,4.4,1,Y
IDCJAC0011,86338,2017,6,5,5.6,1,Y
IDCJAC0011,86338,2017,6,6,8.7,1,Y
IDCJAC0011,86338,2017,6,7,5.9,1,Y
IDCJAC0011,86338,2017,6,8,3.6,1,Y
IDCJAC0011,86338,2017,6,9,6.6,1,Y
IDCJAC0011,86338,2017,6,10,7,1,Y
IDCJAC0011,86338,2017,6,11,3.4,1,Y
IDCJAC0011,86338,2017,6,12,6,1,Y
IDCJAC0011,86338,2017,6,13,8.8,1,Y
IDCJAC0011,86338,2017,6,14,4,1,Y
IDCJAC0011,86338,2017,6,15,7.7,1,Y
IDCJAC0011,86338,2017,6,16,6.6,1,Y
IDCJAC0011,86338,2017,6,17,4.2,1,Y
IDCJAC0011,86338,2017,6,18,5.4,1,Y
IDCJAC0011,86338,2017,6,19,7.1,1,Y
IDCJAC0011,86338,2017,6,20,6.4,1,Y
IDCJAC0011,86338,2017,6,21,7.8,1,Y
IDCJAC0011,86338,2017,6,22,6.7,1,Y
IDCJAC0011,86338,2017,6,23,7.4,1,Y
IDCJAC0011,86338,2017,6,24,8.3,1,Y
IDCJAC0011,86338,2017,6,25,8.6,1,Y
IDCJAC0011,86338,2017,6,26,8.8,1,Y
IDCJAC0011,86338,2017,6,27,6,1,Y
IDCJAC0011,86338,2017,6,28,6.8,1,Y
IDCJAC0011,86338,2017,6,29,9.2,1,Y
IDCJAC0011,86338,2017,6,30,7.1,1,Y
IDCJAC0011,86338,2017,7,1,1.1,1,N
IDCJAC0011,86338,2017,7,2,0.8,1,N
IDCJAC0011,86338,2017,7,3,3.8,1,N
IDCJAC0011,86338,2017,7,4,9,1,N
IDCJAC0011,86338,2017,7,5,10.1,1,Y
IDCJAC0011,86338,2017,7,6,4.8,1,N
IDCJAC0011,86338,2017,7,7,8,1,N
IDCJAC0011,86338,2017,7,8,5.3,1,N
IDCJAC0011,86338,2017,7,9,7.3,1,N
IDCJAC0011,86338,2017,7,10,7,1,N
IDCJAC0011,86338,2017,7,11,6.9,1,N
IDCJAC0011,86338,2017,7,12,3.2,1,N
IDCJAC0011,86338,2017,7,13,4.8,1,N
IDCJAC0011,86338,2017,7,14,9.9,1,N
IDCJAC0011,86338,2017,7,15,4.5,1,N
IDCJAC0011,86338,2017,7,16,3,1,N
IDCJAC0011,86338,2017,7,17,5.7,1,N
IDCJAC0011,86338,2017,7,18,9.7,1,N
IDCJAC0011,86338,2017,7,19,8.9,1,N
IDCJAC0011,86338,2017,7,20,7.9,1,N
IDCJAC0011,86338,2017,7,21,3.3,1,N
IDCJAC0011,86338,2017,7,22,5.4,1,N
IDCJAC0011,86338,2017,7,23,8.4,1,N
IDCJAC0011,86338,2017,7,24,8.1,1,N
IDCJAC0011,86338,2017,7,25,9.8,1,N
IDCJAC0011,86338,2017,7,26,10.9,1,N
IDCJAC0011,86338,2017,7,27,4.4,1,N
IDCJAC0011,86338,2017,7,28,6.2,1,N
IDCJAC0011,86338,2017,7,29,9.7,1,N
IDCJAC0011,86338,2017,7,30,11.3,1,N
IDCJAC0011,86338,2017,7,31,6.7,1,N
IDCJAC0011,86338,2017,8,1,3.5,1,Y
IDCJAC0011,86338,2017,8,2,3.4,1,Y
IDCJAC0011,86338,2017,8,3,3.1,1,Y
IDCJAC0011,86338,2017,8,4,4.3,1,Y
IDCJAC0011,86338,2017,8,5,8.8,1,Y
IDCJAC0011,86338,2017,8,6,9,1,Y
IDCJAC0011,86338,2017,8,7,7.7,1,Y
IDCJAC0011,86338,2017,8,8,7.9,1,Y
IDCJAC0011,86338,2017,8,9,8.9,1,Y
IDCJAC0011,86338,2017,8,10,11.4,1,Y
IDCJAC0011,86338,2017,8,11,10.3,1,Y
IDCJAC0011,86338,2017,8,12,10.3,1,Y
IDCJAC0011,86338,2017,8,13,9.4,1,Y
IDCJAC0011,86338,2017,8,14,12.3,1,Y
IDCJAC0011,86338,2017,8,15,10.4,1,Y
IDCJAC0011,86338,2017,8,16,12.1,1,Y
IDCJAC0011,86338,2017,8,17,9.3,1,Y
IDCJAC0011,86338,2017,8,18,8,1,Y
IDCJAC0011,86338,2017,8,19,5.9,1,Y
IDCJAC0011,86338,2017,8,20,5.1,1,Y
IDCJAC0011,86338,2017,8,21,6.8,1,Y
IDCJAC0011,86338,2017,8,22,5.7,1,Y
IDCJAC0011,86338,2017,8,23,8.3,1,Y
IDCJAC0011,86338,2017,8,24,5.2,1,Y
IDCJAC0011,86338,2017,8,25,4.9,1,Y
IDCJAC0011,86338,2017,8,26,9.9,1,Y
IDCJAC0011,86338,2017,8,27,5.8,1,Y
IDCJAC0011,86338,2017,8,28,5.8,1,Y
IDCJAC0011,86338,2017,8,29,5.4,1,Y
IDCJAC0011,86338,2017,8,30,7.7,1,Y
IDCJAC0011,86338,2017,8,31,4,1,Y
IDCJAC0011,86338,2017,9,1,3.7,1,Y
IDCJAC0011,86338,2017,9,2,7.3,1,Y
IDCJAC0011,86338,2017,9,3,13.4,1,Y
IDCJAC0011,86338,2017,9,4,8.8,1,Y
IDCJAC0011,86338,2017,9,5,6.5,1,Y
IDCJAC0011,86338,2017,9,6,6.7,1,Y
IDCJAC0011,86338,2017,9,7,7.9,1,Y
IDCJAC0011,86338,2017,9,8,8,1,Y
IDCJAC0011,86338,2017,9,9,7.1,1,Y
IDCJAC0011,86338,2017,9,10,5.3,1,Y
IDCJAC0011,86338,2017,9,11,8.1,1,Y
IDCJAC0011,86338,2017,9,12,12.2,1,Y
IDCJAC0011,86338,2017,9,13,13.3,1,Y
IDCJAC0011,86338,2017,9,14,5.8,1,Y
IDCJAC0011,86338,2017,9,15,9.6,1,Y
IDCJAC0011,86338,2017,9,16,7.4,1,Y
IDCJAC0011,86338,2017,9,17,4,1,Y
IDCJAC0011,86338,2017,9,18,10.5,1,Y
IDCJAC0011,86338,2017,9,19,9,1,Y
IDCJAC0011,86338,2017,9,20,6,1,Y
IDCJAC0011,86338,2017,9,21,11.6,1,Y
IDCJAC0011,86338,2017,9,22,12.8,1,Y
IDCJAC0011,86338,2017,9,23,14.8,1,Y
IDCJAC0011,86338,2017,9,24,12.9,1,Y
IDCJAC0011,86338,2017,9,25,10.3,1,Y
IDCJAC0011,86338,2017,9,26,5,1,Y
IDCJAC0011,86338,2017,9,27,9.6,1,Y
IDCJAC0011,86338,2017,9,28,10.4,1,Y
IDCJAC0011,86338,2017,9,29,10.6,1,Y
IDCJAC0011,86338,2017,9,30,11,1,Y
IDCJAC0011,86338,2017,10,1,9.7,1,N
IDCJAC0011,86338,2017,10,2,9.5,1,N
IDCJAC0011,86338,2017,10,3,6.8,1,N
IDCJAC0011,86338,2017,10,4,8.5,1,N
IDCJAC0011,86338,2017,10,5,11.7,1,N
IDCJAC0011,86338,2017,10,6,10.1,1,N
IDCJAC0011,86338,2017,10,7,7.2,1,N
IDCJAC0011,86338,2017,10,8,11.1,1,N
IDCJAC0011,86338,2017,10,9,14,1,N
IDCJAC0011,86338,2017,10,10,8,1,N
IDCJAC0011,86338,2017,10,11,9.8,1,N
IDCJAC0011,86338,2017,10,12,10.5,1,N
IDCJAC0011,86338,2017,10,13,13.1,1,N
IDCJAC0011,86338,2017,10,14,8.2,1,N
IDCJAC0011,86338,2017,10,15,6.8,1,N
IDCJAC0011,86338,2017,10,16,11.3,1,N
IDCJAC0011,86338,2017,10,17,12.8,1,N
IDCJAC0011,86338,2017,10,18,14.5,1,Y
IDCJAC0011,86338,2017,10,19,21.7,1,N
IDCJAC0011,86338,2017,10,20,11.3,1,N
IDCJAC0011,86338,2017,10,21,11,1,N
IDCJAC0011,86338,2017,10,22,11.1,1,N
IDCJAC0011,86338,2017,10,23,11.9,1,N
IDCJAC0011,86338,2017,10,24,12.1,1,N
IDCJAC0011,86338,2017,10,25,13.3,1,N
IDCJAC0011,86338,2017,10,26,12.9,1,N
IDCJAC0011,86338,2017,10,27,10.3,1,N
IDCJAC0011,86338,2017,10,28,15,1,N
IDCJAC0011,86338,2017,10,29,11.5,1,N
IDCJAC0011,86338,2017,10,30,8.8,1,N
IDCJAC0011,86338,2017,10,31,8.1,1,N
IDCJAC0011,86338,2017,11,1,11.9,1,Y
IDCJAC0011,86338,2017,11,2,11.3,1,Y
IDCJAC0011,86338,2017,11,3,9.4,1,Y
IDCJAC0011,86338,2017,11,4,8.3,1,Y
IDCJAC0011,86338,2017,11,5,6.4,1,Y
IDCJAC0011,86338,2017,11,6,10.9,1,Y
IDCJAC0011,86338,2017,11,7,10,1,Y
IDCJAC0011,86338,2017,11,8,12.1,1,Y
IDCJAC0011,86338,2017,11,9,8.7,1,Y
IDCJAC0011,86338,2017,11,10,12.1,1,Y
IDCJAC0011,86338,2017,11,11,14.8,1,Y
IDCJAC0011,86338,2017,11,12,13.2,1,Y
IDCJAC0011,86338,2017,11,13,13.7,1,Y
IDCJAC0011,86338,2017,11,14,18.2,1,Y
IDCJAC0011,86338,2017,11,15,21.5,1,Y
IDCJAC0011,86338,2017,11,16,18.1,1,Y
IDCJAC0011,86338,2017,11,17,16.4,1,Y
IDCJAC0011,86338,2017,11,18,16.1,1,Y
IDCJAC0011,86338,2017,11,19,15.1,1,Y
IDCJAC0011,86338,2017,11,20,16.6,1,Y
IDCJAC0011,86338,2017,11,21,17.8,1,Y
IDCJAC0011,86338,2017,11,22,18.7,1,Y
IDCJAC0011,86338,2017,11,23,16.2,1,Y
IDCJAC0011,86338,2017,11,24,18.6,1,Y
IDCJAC0011,86338,2017,11,25,19.3,1,Y
IDCJAC0011,86338,2017,11,26,19.4,1,Y
IDCJAC0011,86338,2017,11,27,16.5,1,Y
IDCJAC0011,86338,2017,11,28,13.7,1,Y
IDCJAC0011,86338,2017,11,29,18.5,1,Y
IDCJAC0011,86338,2017,11,30,22.5,1,Y
IDCJAC0011,86338,2017,12,1,21.5,1,Y
IDCJAC0011,86338,2017,12,2,14.7,1,Y
IDCJAC0011,86338,2017,12,3,11.5,1,Y
IDCJAC0011,86338,2017,12,4,12.4,1,Y
IDCJAC0011,86338,2017,12,5,10.8,1,Y
IDCJAC0011,86338,2017,12,6,13.6,1,Y
IDCJAC0011,86338,2017,12,7,11.6,1,Y
IDCJAC0011,86338,2017,12,8,11.4,1,Y
IDCJAC0011,86338,2017,12,9,12.7,1,Y
IDCJAC0011,86338,2017,12,10,14.5,1,Y
IDCJAC0011,86338,2017,12,11,16.4,1,Y
IDCJAC0011,86338,2017,12,12,15.8,1,Y
IDCJAC0011,86338,2017,12,13,15.8,1,Y
IDCJAC0011,86338,2017,12,14,20.5,1,Y
IDCJAC0011,86338,2017,12,15,14.1,1,Y
IDCJAC0011,86338,2017,12,16,13.8,1,Y
IDCJAC0011,86338,2017,12,17,15.7,1,Y
IDCJAC0011,86338,2017,12,18,17.1,1,Y
IDCJAC0011,86338,2017,12,19,19.7,1,Y
IDCJAC0011,86338,2017,12,20,15.8,1,Y
IDCJAC0011,86338,2017,12,21,12.3,1,Y
IDCJAC0011,86338,2017,12,22,13.6,1,Y
IDCJAC0011,86338,2017,12,23,14.7,1,Y
IDCJAC0011,86338,2017,12,24,15.8,1,Y
IDCJAC0011,86338,2017,12,25,15.1,1,Y
IDCJAC0011,86338,2017,12,26,12.5,1,Y
IDCJAC0011,86338,2017,12,27,17.3,1,Y
IDCJAC0011,86338,2017,12,28,24,1,Y
IDCJAC0011,86338,2017,12,29,18.6,1,Y
IDCJAC0011,86338,2017,12,30,15.6,1,Y
IDCJAC0011,86338,2017,12,31,12,1,Y
IDCJAC0011,86338,2018,1,1,16.6,1,Y
IDCJAC0011,86338,2018,1,2,16.4,1,Y
IDCJAC0011,86338,2018,1,3,14.6,1,Y
IDCJAC0011,86338,2018,1,4,14.1,1,Y
IDCJAC0011,86338,2018,1,5,14.7,1,Y
IDCJAC0011,86338,2018,1,6,18.8,1,Y
IDCJAC0011,86338,2018,1,7,18.7,1,Y
IDCJAC0011,86338,2018,1,8,17.3,1,Y
IDCJAC0011,86338,2018,1,9,15.7,1,Y
IDCJAC0011,86338,2018,1,10,13.6,1,Y
IDCJAC0011,86338,2018,1,11,15.5,1,Y
IDCJAC0011,86338,2018,1,12,20.4,1,Y
IDCJAC0011,86338,2018,1,13,16,1,Y
IDCJAC0011,86338,2018,1,14,12.7,1,Y
IDCJAC0011,86338,2018,1,15,14.6,1,Y
IDCJAC0011,86338,2018,1,16,12.9,1,Y
IDCJAC0011,86338,2018,1,17,12.4,1,Y
IDCJAC0011,86338,2018,1,18,16.6,1,Y
IDCJAC0011,86338,2018,1,19,22.5,1,Y
IDCJAC0011,86338,2018,1,20,20.3,1,Y
IDCJAC0011,86338,2018,1,21,21,1,Y
IDCJAC0011,86338,2018,1,22,20.5,1,Y
IDCJAC0011,86338,2018,1,23,18,1,Y
IDCJAC0011,86338,2018,1,24,14.8,1,Y
IDCJAC0011,86338,2018,1,25,17.1,1,Y
IDCJAC0011,86338,2018,1,26,19.4,1,Y
IDCJAC0011,86338,2018,1,27,21.2,1,Y
IDCJAC0011,86338,2018,1,28,22.7,1,Y
IDCJAC0011,86338,2018,1,29,27.8,1,Y
IDCJAC0011,86338,2018,1,30,15.6,1,Y
IDCJAC0011,86338,2018,1,31,14.6,1,Y
IDCJAC0011,86338,2018,2,1,12.1,1,Y
IDCJAC0011,86338,2018,2,2,13.4,1,Y
IDCJAC0011,86338,2018,2,3,15.8,1,Y
IDCJAC0011,86338,2018,2,4,14.7,1,Y
IDCJAC0011,86338,2018,2,5,17,1,Y
IDCJAC0011,86338,2018,2,6,17.7,1,Y
IDCJAC0011,86338,2018,2,7,18.7,1,Y
IDCJAC0011,86338,2018,2,8,20.6,1,Y
IDCJAC0011,86338,2018,2,9,20.4,1,Y
IDCJAC0011,86338,2018,2,10,18.7,1,Y
IDCJAC0011,86338,2018,2,11,15.5,1,Y
IDCJAC0011,86338,2018,2,12,16.3,1,Y
IDCJAC0011,86338,2018,2,13,13.6,1,Y
IDCJAC0011,86338,2018,2,14,17.5,1,Y
IDCJAC0011,86338,2018,2,15,13.5,1,Y
IDCJAC0011,86338,2018,2,16,15.7,1,Y
IDCJAC0011,86338,2018,2,17,12.4,1,Y
IDCJAC0011,86338,2018,2,18,13.6,1,Y
IDCJAC0011,86338,2018,2,19,17.6,1,Y
IDCJAC0011,86338,2018,2,20,14.1,1,Y
IDCJAC0011,86338,2018,2,21,16,1,Y
IDCJAC0011,86338,2018,2,22,20.3,1,Y
IDCJAC0011,86338,2018,2,23,21.2,1,Y
IDCJAC0011,86338,2018,2,24,22.7,1,Y
IDCJAC0011,86338,2018,2,25,16.2,1,Y
IDCJAC0011,86338,2018,2,26,14.3,1,Y
IDCJAC0011,86338,2018,2,27,14.9,1,Y
IDCJAC0011,86338,2018,2,28,20,1,Y
IDCJAC0011,86338,2018,3,1,16.2,1,Y
IDCJAC0011,86338,2018,3,2,14.5,1,Y
IDCJAC0011,86338,2018,3,3,13.9,1,Y
IDCJAC0011,86338,2018,3,4,15.8,1,Y
IDCJAC0011,86338,2018,3,5,14.9,1,Y
IDCJAC0011,86338,2018,3,6,12.5,1,Y
IDCJAC0011,86338,2018,3,7,14.4,1,Y
IDCJAC0011,86338,2018,3,8,14.9,1,Y
IDCJAC0011,86338,2018,3,9,14.6,1,Y
IDCJAC0011,86338,2018,3,10,14.3,1,Y
IDCJAC0011,86338,2018,3,11,17,1,Y
IDCJAC0011,86338,2018,3,12,16.7,1,Y
IDCJAC0011,86338,2018,3,13,14.6,1,Y
IDCJAC0011,86338,2018,3,14,12.8,1,Y
IDCJAC0011,86338,2018,3,15,15.3,1,Y
IDCJAC0011,86338,2018,3,16,12.5,1,Y
IDCJAC0011,86338,2018,3,17,15.4,1,Y
IDCJAC0011,86338,2018,3,18,22.6,1,Y
IDCJAC0011,86338,2018,3,19,13.2,1,Y
IDCJAC0011,86338,2018,3,20,15.4,1,Y
IDCJAC0011,86338,2018,3,21,11.2,1,Y
IDCJAC0011,86338,2018,3,22,12.3,1,Y
IDCJAC0011,86338,2018,3,23,15.2,1,Y
IDCJAC0011,86338,2018,3,24,20.2,1,Y
IDCJAC0011,86338,2018,3,25,17.8,1,Y
IDCJAC0011,86338,2018,3,26,10.7,1,Y
IDCJAC0011,86338,2018,3,27,9.6,1,Y
IDCJAC0011,86338,2018,3,28,11.3,1,Y
IDCJAC0011,86338,2018,3,29,16.5,1,Y
IDCJAC0011,86338,2018,3,30,12.2,1,Y
IDCJAC0011,86338,2018,3,31,13.2,1,Y
IDCJAC0011,86338,2018,4,1,13,1,Y
IDCJAC0011,86338,2018,4,2,14.9,1,Y
IDCJAC0011,86338,2018,4,3,13.4,1,Y
IDCJAC0011,86338,2018,4,4,13.3,1,Y
IDCJAC0011,86338,2018,4,5,13.3,1,Y
IDCJAC0011,86338,2018,4,6,13.8,1,Y
IDCJAC0011,86338,2018,4,7,9.8,1,Y
IDCJAC0011,86338,2018,4,8,11.8,1,Y
IDCJAC0011,86338,2018,4,9,15.9,1,Y
IDCJAC0011,86338,2018,4,10,14.8,1,Y
IDCJAC0011,86338,2018,4,11,18.1,1,Y
IDCJAC0011,86338,2018,4,12,15.9,1,Y
IDCJAC0011,86338,2018,4,13,11.9,1,Y
IDCJAC0011,86338,2018,4,14,13.5,1,Y
IDCJAC0011,86338,2018,4,15,9.7,1,Y
IDCJAC0011,86338,2018,4,16,13.1,1,Y
IDCJAC0011,86338,2018,4,17,13.2,1,Y
IDCJAC0011,86338,2018,4,18,6.2,1,Y
IDCJAC0011,86338,2018,4,19,11,1,Y
IDCJAC0011,86338,2018,4,20,8.9,1,Y
IDCJAC0011,86338,2018,4,21,11.9,1,Y
IDCJAC0011,86338,2018,4,22,11.2,1,Y
IDCJAC0011,86338,2018,4,23,11.9,1,Y
IDCJAC0011,86338,2018,4,24,13.7,1,Y
IDCJAC0011,86338,2018,4,25,15.7,1,Y
IDCJAC0011,86338,2018,4,26,11.9,1,Y
IDCJAC0011,86338,2018,4,27,11.6,1,Y
IDCJAC0011,86338,2018,4,28,7.7,1,Y
IDCJAC0011,86338,2018,4,29,10.5,1,Y
IDCJAC0011,86338,2018,4,30,8.8,1,Y
IDCJAC0011,86338,2018,5,1,7.2,1,Y
IDCJAC0011,86338,2018,5,2,10.2,1,Y
IDCJAC0011,86338,2018,5,3,14.5,1,Y
IDCJAC0011,86338,2018,5,4,11.5,1,Y
IDCJAC0011,86338,2018,5,5,12.1,1,Y
IDCJAC0011,86338,2018,5,6,9.9,1,Y
IDCJAC0011,86338,2018,5,7,12,1,Y
IDCJAC0011,86338,2018,5,8,13.4,1,Y
IDCJAC0011,86338,2018,5,9,8,1,Y
IDCJAC0011,86338,2018,5,10,9,1,Y
IDCJAC0011,86338,2018,5,11,7.4,1,Y
IDCJAC0011,86338,2018,5,12,11,1,Y
IDCJAC0011,86338,2018,5,13,13,1,Y
IDCJAC0011,86338,2018,5,14,6.8,1,Y
IDCJAC0011,86338,2018,5,15,8.9,1,Y
IDCJAC0011,86338,2018,5,16,9.4,1,Y
IDCJAC0011,86338,2018,5,17,11.7,1,Y
IDCJAC0011,86338,2018,5,18,12.3,1,Y
IDCJAC0011,86338,2018,5,19,10.6,1,Y
IDCJAC0011,86338,2018,5,20,11.8,1,Y
IDCJAC0011,86338,2018,5,21,12.6,1,Y
IDCJAC0011,86338,2018,5,22,13,1,Y
IDCJAC0011,86338,2018,5,23,11.8,1,Y
IDCJAC0011,86338,2018,5,24,12.9,1,Y
IDCJAC0011,86338,2018,5,25,9.4,1,Y
IDCJAC0011,86338,2018,5,26,5.2,1,Y
IDCJAC0011,86338,2018,5,27,7.3,1,Y
IDCJAC0011,86338,2018,5,28,12.9,1,Y
IDCJAC0011,86338,2018,5,29,13.7,1,Y
IDCJAC0011,86338,2018,5,30,7.7,1,Y
IDCJAC0011,86338,2018,5,31,9.6,1,Y
IDCJAC0011,86338,2018,6,1,4.1,1,Y
IDCJAC0011,86338,2018,6,2,3.5,1,Y
IDCJAC0011,86338,2018,6,3,4.3,1,Y
IDCJAC0011,86338,2018,6,4,4.5,1,Y
IDCJAC0011,86338,2018,6,5,7.5,1,Y
IDCJAC0011,86338,2018,6,6,5.6,1,Y
IDCJAC0011,86338,2018,6,7,7.7,1,Y
IDCJAC0011,86338,2018,6,8,12.4,1,Y
IDCJAC0011,86338,2018,6,9,11.3,1,Y
IDCJAC0011,86338,2018,6,10,4.1,1,Y
IDCJAC0011,86338,2018,6,11,5.3,1,Y
IDCJAC0011,86338,2018,6,12,7.9,1,Y
IDCJAC0011,86338,2018,6,13,9.5,1,Y
IDCJAC0011,86338,2018,6,14,8.6,1,Y
IDCJAC0011,86338,2018,6,15,9.6,1,Y
IDCJAC0011,86338,2018,6,16,6.9,1,Y
IDCJAC0011,86338,2018,6,17,8,1,Y
IDCJAC0011,86338,2018,6,18,9.5,1,Y
IDCJAC0011,86338,2018,6,19,3,1,Y
IDCJAC0011,86338,2018,6,20,4.3,1,Y
IDCJAC0011,86338,2018,6,21,4,1,Y
IDCJAC0011,86338,2018,6,22,4.3,1,Y
IDCJAC0011,86338,2018,6,23,6,1,Y
IDCJAC0011,86338,2018,6,24,9,1,Y
IDCJAC0011,86338,2018,6,25,8.4,1,Y
IDCJAC0011,86338,2018,6,26,8.4,1,Y
IDCJAC0011,86338,2018,6,27,4.8,1,Y
IDCJAC0011,86338,2018,6,28,5.3,1,Y
IDCJAC0011,86338,2018,6,29,6.1,1,Y
IDCJAC0011,86338,2018,6,30,9.4,1,Y
IDCJAC0011,86338,2018,7,1,3.5,1,Y
IDCJAC0011,86338,2018,7,2,2.4,1,Y
IDCJAC0011,86338,2018,7,3,4.1,1,Y
IDCJAC0011,86338,2018,7,4,10.4,1,Y
IDCJAC0011,86338,2018,7,5,12.7,1,Y
IDCJAC0011,86338,2018,7,6,12.5,1,Y
IDCJAC0011,86338,2018,7,7,9.6,1,Y
IDCJAC0011,86338,2018,7,8,9.3,1,Y
IDCJAC0011,86338,2018,7,9,10.1,1,Y
IDCJAC0011,86338,2018,7,10,9.3,1,Y
IDCJAC0011,86338,2018,7,11,6.6,1,Y
IDCJAC0011,86338,2018,7,12,4.3,1,Y
IDCJAC0011,86338,2018,7,13,5.8,1,Y
IDCJAC0011,86338,2018,7,14,4.4,1,Y
IDCJAC0011,86338,2018,7,15,6,1,Y
IDCJAC0011,86338,2018,7,16,7.9,1,Y
IDCJAC0011,86338,2018,7,17,9.1,1,Y
IDCJAC0011,86338,2018,7,18,6.2,1,Y
IDCJAC0011,86338,2018,7,19,8.7,1,Y
IDCJAC0011,86338,2018,7,20,7.2,1,Y
IDCJAC0011,86338,2018,7,21,6.7,1,Y
IDCJAC0011,86338,2018,7,22,8,1,Y
IDCJAC0011,86338,2018,7,23,8.4,1,Y
IDCJAC0011,86338,2018,7,24,8.6,1,Y
IDCJAC0011,86338,2018,7,25,8.3,1,Y
IDCJAC0011,86338,2018,7,26,7.7,1,Y
IDCJAC0011,86338,2018,7,27,9.2,1,Y
IDCJAC0011,86338,2018,7,28,8.4,1,Y
IDCJAC0011,86338,2018,7,29,10.8,1,Y
IDCJAC0011,86338,2018,7,30,8.2,1,Y
IDCJAC0011,86338,2018,7,31,8.3,1,Y
IDCJAC0011,86338,2018,8,1,9.9,1,Y
IDCJAC0011,86338,2018,8,2,4.9,1,Y
IDCJAC0011,86338,2018,8,3,7.8,1,Y
IDCJAC0011,86338,2018,8,4,8,1,Y
IDCJAC0011,86338,2018,8,5,10.6,1,Y
IDCJAC0011,86338,2018,8,6,9.4,1,Y
IDCJAC0011,86338,2018,8,7,7.3,1,Y
IDCJAC0011,86338,2018,8,8,9.6,1,Y
IDCJAC0011,86338,2018,8,9,5.6,1,Y
IDCJAC0011,86338,2018,8,10,9.4,1,Y
IDCJAC0011,86338,2018,8,11,8.1,1,Y
IDCJAC0011,86338,2018,8,12,5.4,1,Y
IDCJAC0011,86338,2018,8,13,7.9,1,Y
IDCJAC0011,86338,2018,8,14,9.4,1,Y
IDCJAC0011,86338,2018,8,15,11.5,1,Y
IDCJAC0011,86338,2018,8,16,8.7,1,Y
IDCJAC0011,86338,2018,8,17,7.7,1,Y
IDCJAC0011,86338,2018,8,18,8.9,1,Y
IDCJAC0011,86338,2018,8,19,6.7,1,Y
IDCJAC0011,86338,2018,8,20,5.5,1,Y
IDCJAC0011,86338,2018,8,21,8.6,1,Y
IDCJAC0011,86338,2018,8,22,8.7,1,Y
IDCJAC0011,86338,2018,8,23,5.6,1,Y
IDCJAC0011,86338,2018,8,24,4.8,1,Y
IDCJAC0011,86338,2018,8,25,3.9,1,Y
IDCJAC0011,86338,2018,8,26,4.9,1,Y
IDCJAC0011,86338,2018,8,27,6.8,1,Y
IDCJAC0011,86338,2018,8,28,1.9,1,Y
IDCJAC0011,86338,2018,8,29,0.8,1,Y
IDCJAC0011,86338,2018,8,30,4.8,1,Y
IDCJAC0011,86338,2018,8,31,8.9,1,Y
IDCJAC0011,86338,2018,9,1,10.5,1,Y
IDCJAC0011,86338,2018,9,2,5,1,Y
IDCJAC0011,86338,2018,9,3,5,1,Y
IDCJAC0011,86338,2018,9,4,3.4,1,Y
IDCJAC0011,86338,2018,9,5,8.1,1,Y
IDCJAC0011,86338,2018,9,6,13.8,1,Y
IDCJAC0011,86338,2018,9,7,8.7,1,Y
IDCJAC0011,86338,2018,9,8,4.2,1,Y
IDCJAC0011,86338,2018,9,9,8.6,1,Y
IDCJAC0011,86338,2018,9,10,13.4,1,Y
IDCJAC0011,86338,2018,9,11,9.1,1,Y
IDCJAC0011,86338,2018,9,12,11.7,1,Y
IDCJAC0011,86338,2018,9,13,7.1,1,Y
IDCJAC0011,86338,2018,9,14,10.9,1,Y
IDCJAC0011,86338,2018,9,15,10.2,1,Y
IDCJAC0011,86338,2018,9,16,5.5,1,Y
IDCJAC0011,86338,2018,9,17,6.7,1,Y
IDCJAC0011,86338,2018,9,18,11,1,Y
IDCJAC0011,86338,2018,9,19,8.5,1,Y
IDCJAC0011,86338,2018,9,20,3.8,1,Y
IDCJAC0011,86338,2018,9,21,8.3,1,Y
IDCJAC0011,86338,2018,9,22,6.8,1,Y
IDCJAC0011,86338,2018,9,23,10.4,1,Y
IDCJAC0011,86338,2018,9,24,4.6,1,Y
IDCJAC0011,86338,2018,9,25,8.6,1,Y
IDCJAC0011,86338,2018,9,26,6.4,1,Y
IDCJAC0011,86338,2018,9,27,9.2,1,Y
IDCJAC0011,86338,2018,9,28,10.7,1,Y
IDCJAC0011,86338,2018,9,29,5.5,1,Y
IDCJAC0011,86338,2018,9,30,6.8,1,Y
IDCJAC0011,86338,2018,10,1,4.7,1,N
IDCJAC0011,86338,2018,10,2,11.4,1,N
IDCJAC0011,86338,2018,10,3,14.7,1,N
IDCJAC0011,86338,2018,10,4,10.9,1,N
IDCJAC0011,86338,2018,10,5,9.1,1,N
IDCJAC0011,86338,2018,10,6,8.3,1,N
IDCJAC0011,86338,2018,10,7,10.3,1,N
IDCJAC0011,86338,2018,10,8,13.5,1,N
IDCJAC0011,86338,2018,10,9,16.1,1,N
IDCJAC0011,86338,2018,10,10,10.1,1,N
IDCJAC0011,86338,2018,10,11,6.4,1,N
IDCJAC0011,86338,2018,10,12,8.7,1,N
IDCJAC0011,86338,2018,10,13,10.5,1,Y
IDCJAC0011,86338,2018,10,14,12.4,1,N
IDCJAC0011,86338,2018,10,15,19.5,1,N
IDCJAC0011,86338,2018,10,16,20,1,N
IDCJAC0011,86338,2018,10,17,16.1,1,N
IDCJAC0011,86338,2018,10,18,14.7,1,N
IDCJAC0011,86338,2018,10,19,12.8,1,N
IDCJAC0011,86338,2018,10,20,11.7,1,N
IDCJAC0011,86338,2018,10,21,7.6,1,N
IDCJAC0011,86338,2018,10,22,8.9,1,N
IDCJAC0011,86338,2018,10,23,13,1,N
IDCJAC0011,86338,2018,10,24,9.2,1,N
IDCJAC0011,86338,2018,10,25,6.4,1,N
IDCJAC0011,86338,2018,10,26,9.6,1,N
IDCJAC0011,86338,2018,10,27,11.3,1,N
IDCJAC0011,86338,2018,10,28,9.3,1,N
IDCJAC0011,86338,2018,10,29,9.1,1,N
IDCJAC0011,86338,2018,10,30,8.3,1,N
IDCJAC0011,86338,2018,10,31,13,1,N
IDCJAC0011,86338,2018,11,1,12.8,1,Y
IDCJAC0011,86338,2018,11,2,16.3,1,Y
IDCJAC0011,86338,2018,11,3,12.6,1,Y
IDCJAC0011,86338,2018,11,4,9.2,1,Y
IDCJAC0011,86338,2018,11,5,14.5,1,Y
IDCJAC0011,86338,2018,11,6,16.3,1,Y
IDCJAC0011,86338,2018,11,7,11.1,1,Y
IDCJAC0011,86338,2018,11,8,7.7,1,Y
IDCJAC0011,86338,2018,11,9,8,1,Y
IDCJAC0011,86338,2018,11,10,9,1,Y
IDCJAC0011,86338,2018,11,11,9.3,1,Y
IDCJAC0011,86338,2018,11,12,10.9,1,Y
IDCJAC0011,86338,2018,11,13,16.9,1,Y
IDCJAC0011,86338,2018,11,14,14.8,1,Y
IDCJAC0011,86338,2018,11,15,13.7,1,Y
IDCJAC0011,86338,2018,11,16,8.3,1,Y
IDCJAC0011,86338,2018,11,17,9.6,1,Y
IDCJAC0011,86338,2018,11,18,9.8,1,Y
IDCJAC0011,86338,2018,11,19,15.4,1,Y
IDCJAC0011,86338,2018,11,20,22.5,1,Y
IDCJAC0011,86338,2018,11,21,12.3,1,Y
IDCJAC0011,86338,2018,11,22,9.7,1,Y
IDCJAC0011,86338,2018,11,23,11,1,Y
IDCJAC0011,86338,2018,11,24,11.1,1,Y
IDCJAC0011,86338,2018,11,25,12.7,1,Y
IDCJAC0011,86338,2018,11,26,11.9,1,Y
IDCJAC0011,86338,2018,11,27,14.4,1,Y
IDCJAC0011,86338,2018,11,28,14.4,1,Y
IDCJAC0011,86338,2018,11,29,13.9,1,Y
IDCJAC0011,86338,2018,11,30,14.7,1,Y
IDCJAC0011,86338,2018,12,1,10.3,1,Y
IDCJAC0011,86338,2018,12,2,12.2,1,Y
IDCJAC0011,86338,2018,12,3,13.3,1,Y
IDCJAC0011,86338,2018,12,4,13.4,1,Y
IDCJAC0011,86338,2018,12,5,13.4,1,Y
IDCJAC0011,86338,2018,12,6,14.5,1,Y
IDCJAC0011,86338,2018,12,7,25.1,1,Y
IDCJAC0011,86338,2018,12,8,22.7,1,Y
IDCJAC0011,86338,2018,12,9,16,1,Y
IDCJAC0011,86338,2018,12,10,15.8,1,Y
IDCJAC0011,86338,2018,12,11,13,1,Y
IDCJAC0011,86338,2018,12,12,16,1,Y
IDCJAC0011,86338,2018,12,13,16.9,1,Y
IDCJAC0011,86338,2018,12,14,16.4,1,Y
IDCJAC0011,86338,2018,12,15,17.2,1,Y
IDCJAC0011,86338,2018,12,16,15.8,1,Y
IDCJAC0011,86338,2018,12,17,15.6,1,Y
IDCJAC0011,86338,2018,12,18,16.7,1,Y
IDCJAC0011,86338,2018,12,19,16.8,1,Y
IDCJAC0011,86338,2018,12,20,16.9,1,Y
IDCJAC0011,86338,2018,12,21,15.4,1,Y
IDCJAC0011,86338,2018,12,22,14.1,1,Y
IDCJAC0011,86338,2018,12,23,11.5,1,Y
IDCJAC0011,86338,2018,12,24,14.3,1,Y
IDCJAC0011,86338,2018,12,25,15.8,1,Y
IDCJAC0011,86338,2018,12,26,13.3,1,Y
IDCJAC0011,86338,2018,12,27,16.2,1,Y
IDCJAC0011,86338,2018,12,28,21.9,1,Y
IDCJAC0011,86338,2018,12,29,21,1,Y
IDCJAC0011,86338,2018,12,30,18.2,1,Y
IDCJAC0011,86338,2018,12,31,17.3,1,Y
IDCJAC0011,86338,2019,1,1,15.5,1,Y
IDCJAC0011,86338,2019,1,2,18.4,1,Y
IDCJAC0011,86338,2019,1,3,15.9,1,Y
IDCJAC0011,86338,2019,1,4,18,1,Y
IDCJAC0011,86338,2019,1,5,17.4,1,Y
IDCJAC0011,86338,2019,1,6,14.6,1,Y
IDCJAC0011,86338,2019,1,7,17.1,1,Y
IDCJAC0011,86338,2019,1,8,16.7,1,Y
IDCJAC0011,86338,2019,1,9,16.1,1,Y
IDCJAC0011,86338,2019,1,10,13.5,1,Y
IDCJAC0011,86338,2019,1,11,12.9,1,Y
IDCJAC0011,86338,2019,1,12,17.7,1,Y
IDCJAC0011,86338,2019,1,13,14.4,1,Y
IDCJAC0011,86338,2019,1,14,18.7,1,Y
IDCJAC0011,86338,2019,1,15,19.4,1,Y
IDCJAC0011,86338,2019,1,16,19.8,1,Y
IDCJAC0011,86338,2019,1,17,20.7,1,Y
IDCJAC0011,86338,2019,1,18,22.3,1,Y
IDCJAC0011,86338,2019,1,19,16.5,1,Y
IDCJAC0011,86338,2019,1,20,15.2,1,Y
IDCJAC0011,86338,2019,1,21,18.4,1,Y
IDCJAC0011,86338,2019,1,22,19,1,Y
IDCJAC0011,86338,2019,1,23,18.7,1,Y
IDCJAC0011,86338,2019,1,24,17.3,1,Y
IDCJAC0011,86338,2019,1,25,21.1,1,Y
IDCJAC0011,86338,2019,1,26,19.9,1,Y
IDCJAC0011,86338,2019,1,27,18.4,1,Y
IDCJAC0011,86338,2019,1,28,15.5,1,Y
IDCJAC0011,86338,2019,1,29,17.5,1,Y
IDCJAC0011,86338,2019,1,30,18,1,Y
IDCJAC0011,86338,2019,1,31,17.2,1,Y
IDCJAC0011,86338,2019,2,1,12.6,1,N
IDCJAC0011,86338,2019,2,2,15,1,N
IDCJAC0011,86338,2019,2,3,19.1,1,N
IDCJAC0011,86338,2019,2,4,20,1,N
IDCJAC0011,86338,2019,2,5,17.7,1,N
IDCJAC0011,86338,2019,2,6,18.5,1,N
IDCJAC0011,86338,2019,2,7,20.7,1,N
IDCJAC0011,86338,2019,2,8,18.1,1,N
IDCJAC0011,86338,2019,2,9,14.6,1,N
IDCJAC0011,86338,2019,2,10,13,1,N
IDCJAC0011,86338,2019,2,11,14.4,1,N
IDCJAC0011,86338,2019,2,12,18.4,1,N
IDCJAC0011,86338,2019,2,13,11.8,1,N
IDCJAC0011,86338,2019,2,14,12.3,1,N
IDCJAC0011,86338,2019,2,15,14.8,1,N
IDCJAC0011,86338,2019,2,16,16.1,1,N
IDCJAC0011,86338,2019,2,17,15,1,N
IDCJAC0011,86338,2019,2,18,18,1,N
IDCJAC0011,86338,2019,2,19,13.7,1,N
IDCJAC0011,86338,2019,2,20,13.5,1,N
IDCJAC0011,86338,2019,2,21,14,1,N
IDCJAC0011,86338,2019,2,22,15.5,1,N
IDCJAC0011,86338,2019,2,23,16.4,1,N
IDCJAC0011,86338,2019,2,24,13.8,1,N
IDCJAC0011,86338,2019,2,25,18,1,N
IDCJAC0011,86338,2019,2,26,17.9,1,N
IDCJAC0011,86338,2019,2,27,12.9,1,N
IDCJAC0011,86338,2019,2,28,16.3,1,Y
IDCJAC0011,86338,2019,3,1,22.6,1,N
IDCJAC0011,86338,2019,3,2,22.3,1,N
IDCJAC0011,86338,2019,3,3,25.1,1,N
IDCJAC0011,86338,2019,3,4,19,1,N
IDCJAC0011,86338,2019,3,5,18,1,N
IDCJAC0011,86338,2019,3,6,13.2,1,N
IDCJAC0011,86338,2019,3,7,9.7,1,N
IDCJAC0011,86338,2019,3,8,11.3,1,N
IDCJAC0011,86338,2019,3,9,13.9,1,N
IDCJAC0011,86338,2019,3,10,14.3,1,N
IDCJAC0011,86338,2019,3,11,15.9,1,N
IDCJAC0011,86338,2019,3,12,15.8,1,N
IDCJAC0011,86338,2019,3,13,11.9,1,N
IDCJAC0011,86338,2019,3,14,12.1,1,N
IDCJAC0011,86338,2019,3,15,11.7,1,N
IDCJAC0011,86338,2019,3,16,12.2,1,N
IDCJAC0011,86338,2019,3,17,14.2,1,N
IDCJAC0011,86338,2019,3,18,16.5,1,N
IDCJAC0011,86338,2019,3,19,16.9,1,N
IDCJAC0011,86338,2019,3,20,19.3,1,N
IDCJAC0011,86338,2019,3,21,18.2,1,N
IDCJAC0011,86338,2019,3,22,18.7,1,N
IDCJAC0011,86338,2019,3,23,19.9,1,N
IDCJAC0011,86338,2019,3,24,16.5,1,N
IDCJAC0011,86338,2019,3,25,14.8,1,N
IDCJAC0011,86338,2019,3,26,12.3,1,N
IDCJAC0011,86338,2019,3,27,11.1,1,N
IDCJAC0011,86338,2019,3,28,11.6,1,N
IDCJAC0011,86338,2019,3,29,14.6,1,N
IDCJAC0011,86338,2019,3,30,9.1,1,N
IDCJAC0011,86338,2019,3,31,9.4,1,N
IDCJAC0011,86338,2019,4,1,13,1,Y
IDCJAC0011,86338,2019,4,2,7.4,1,Y
IDCJAC0011,86338,2019,4,3,9.4,1,Y
IDCJAC0011,86338,2019,4,4,13.3,1,Y
IDCJAC0011,86338,2019,4,5,14.4,1,Y
IDCJAC0011,86338,2019,4,6,16.5,1,Y
IDCJAC0011,86338,2019,4,7,9.5,1,Y
IDCJAC0011,86338,2019,4,8,12.5,1,Y
IDCJAC0011,86338,2019,4,9,11.1,1,Y
IDCJAC0011,86338,2019,4,10,10.7,1,Y
IDCJAC0011,86338,2019,4,11,11.3,1,Y
IDCJAC0011,86338,2019,4,12,6.7,1,Y
IDCJAC0011,86338,2019,4,13,10.5,1,Y
IDCJAC0011,86338,2019,4,14,11.8,1,Y
IDCJAC0011,86338,2019,4,15,12.9,1,Y
IDCJAC0011,86338,2019,4,16,17.1,1,Y
IDCJAC0011,86338,2019,4,17,22.1,1,Y
IDCJAC0011,86338,2019,4,18,13.2,1,Y
IDCJAC0011,86338,2019,4,19,8.6,1,Y
IDCJAC0011,86338,2019,4,20,10.2,1,Y
IDCJAC0011,86338,2019,4,21,14.8,1,Y
IDCJAC0011,86338,2019,4,22,13.7,1,Y
IDCJAC0011,86338,2019,4,23,11.1,1,Y
IDCJAC0011,86338,2019,4,24,14.6,1,Y
IDCJAC0011,86338,2019,4,25,10.2,1,Y
IDCJAC0011,86338,2019,4,26,11.9,1,Y
IDCJAC0011,86338,2019,4,27,8.7,1,Y
IDCJAC0011,86338,2019,4,28,12.4,1,Y
IDCJAC0011,86338,2019,4,29,11.5,1,Y
IDCJAC0011,86338,2019,4,30,7.9,1,Y
IDCJAC0011,86338,2019,5,1,15.6,1,Y
IDCJAC0011,86338,2019,5,2,17.1,1,Y
IDCJAC0011,86338,2019,5,3,11.8,1,Y
IDCJAC0011,86338,2019,5,4,13,1,Y
IDCJAC0011,86338,2019,5,5,11.3,1,Y
IDCJAC0011,86338,2019,5,6,11.7,1,Y
IDCJAC0011,86338,2019,5,7,7.4,1,Y
IDCJAC0011,86338,2019,5,8,10.3,1,Y
IDCJAC0011,86338,2019,5,9,9.7,1,Y
IDCJAC0011,86338,2019,5,10,10.2,1,Y
IDCJAC0011,86338,2019,5,11,10.2,1,Y
IDCJAC0011,86338,2019,5,12,12.2,1,Y
IDCJAC0011,86338,2019,5,13,12.7,1,Y
IDCJAC0011,86338,2019,5,14,11.3,1,Y
IDCJAC0011,86338,2019,5,15,12,1,Y
IDCJAC0011,86338,2019,5,16,10.5,1,Y
IDCJAC0011,86338,2019,5,17,6.5,1,Y
IDCJAC0011,86338,2019,5,18,6.2,1,Y
IDCJAC0011,86338,2019,5,19,8.9,1,Y
IDCJAC0011,86338,2019,5,20,12,1,Y
IDCJAC0011,86338,2019,5,21,11.1,1,Y
IDCJAC0011,86338,2019,5,22,10.7,1,Y
IDCJAC0011,86338,2019,5,23,9.9,1,Y
IDCJAC0011,86338,2019,5,24,13.8,1,Y
IDCJAC0011,86338,2019,5,25,13.7,1,Y
IDCJAC0011,86338,2019,5,26,9.5,1,Y
IDCJAC0011,86338,2019,5,27,7.8,1,Y
IDCJAC0011,86338,2019,5,28,8.2,1,Y
IDCJAC0011,86338,2019,5,29,8.7,1,Y
IDCJAC0011,86338,2019,5,30,6.7,1,Y
IDCJAC0011,86338,2019,5,31,8.5,1,Y
IDCJAC0011,86338,2019,6,1,11.7,1,Y
IDCJAC0011,86338,2019,6,2,11,1,Y
IDCJAC0011,86338,2019,6,3,8.2,1,Y
IDCJAC0011,86338,2019,6,4,8.4,1,Y
IDCJAC0011,86338,2019,6,5,8.6,1,Y
IDCJAC0011,86338,2019,6,6,10.2,1,Y
IDCJAC0011,86338,2019,6,7,11.7,1,Y
IDCJAC0011,86338,2019,6,8,6.7,1,Y
IDCJAC0011,86338,2019,6,9,7.8,1,Y
IDCJAC0011,86338,2019,6,10,12,1,Y
IDCJAC0011,86338,2019,6,11,9.6,1,Y
IDCJAC0011,86338,2019,6,12,11.9,1,Y
IDCJAC0011,86338,2019,6,13,8.8,1,Y
IDCJAC0011,86338,2019,6,14,10,1,Y
IDCJAC0011,86338,2019,6,15,9,1,Y
IDCJAC0011,86338,2019,6,16,8.6,1,Y
IDCJAC0011,86338,2019,6,17,6.3,1,Y
IDCJAC0011,86338,2019,6,18,8,1,Y
IDCJAC0011,86338,2019,6,19,6.6,1,Y
IDCJAC0011,86338,2019,6,20,6.4,1,Y
IDCJAC0011,86338,2019,6,21,6.5,1,Y
IDCJAC0011,86338,2019,6,22,6.8,1,Y
IDCJAC0011,86338,2019,6,23,3.6,1,Y
IDCJAC0011,86338,2019,6,24,4.2,1,Y
IDCJAC0011,86338,2019,6,25,3.5,1,Y
IDCJAC0011,86338,2019,6,26,4.6,1,Y
IDCJAC0011,86338,2019,6,27,5.9,1,Y
IDCJAC0011,86338,2019,6,28,10.7,1,Y
IDCJAC0011,86338,2019,6,29,13,1,Y
IDCJAC0011,86338,2019,6,30,8.1,1,Y
IDCJAC0011,86338,2019,7,1,9.5,1,Y
IDCJAC0011,86338,2019,7,2,8.6,1,Y
IDCJAC0011,86338,2019,7,3,8.2,1,Y
IDCJAC0011,86338,2019,7,4,5.3,1,Y
IDCJAC0011,86338,2019,7,5,3.5,1,Y
IDCJAC0011,86338,2019,7,6,6,1,Y
IDCJAC0011,86338,2019,7,7,9,1,Y
IDCJAC0011,86338,2019,7,8,11,1,Y
IDCJAC0011,86338,2019,7,9,6.8,1,Y
IDCJAC0011,86338,2019,7,10,9.5,1,Y
IDCJAC0011,86338,2019,7,11,7.8,1,Y
IDCJAC0011,86338,2019,7,12,10.1,1,Y
IDCJAC0011,86338,2019,7,13,7,1,Y
IDCJAC0011,86338,2019,7,14,7.1,1,Y
IDCJAC0011,86338,2019,7,15,8.9,1,Y
IDCJAC0011,86338,2019,7,16,9.9,1,Y
IDCJAC0011,86338,2019,7,17,9.7,1,Y
IDCJAC0011,86338,2019,7,18,9,1,Y
IDCJAC0011,86338,2019,7,19,7.5,1,Y
IDCJAC0011,86338,2019,7,20,8,1,Y
IDCJAC0011,86338,2019,7,21,11.3,1,Y
IDCJAC0011,86338,2019,7,22,7.9,1,Y
IDCJAC0011,86338,2019,7,23,9.9,1,Y
IDCJAC0011,86338,2019,7,24,7,1,Y
IDCJAC0011,86338,2019,7,25,9.2,1,Y
IDCJAC0011,86338,2019,7,26,11,1,Y
IDCJAC0011,86338,2019,7,27,9.8,1,Y
IDCJAC0011,86338,2019,7,28,6.6,1,Y
IDCJAC0011,86338,2019,7,29,8.9,1,Y
IDCJAC0011,86338,2019,7,30,7.9,1,Y
IDCJAC0011,86338,2019,7,31,3,1,Y
IDCJAC0011,86338,2019,8,1,5.8,1,Y
IDCJAC0011,86338,2019,8,2,9.7,1,Y
IDCJAC0011,86338,2019,8,3,10,1,Y
IDCJAC0011,86338,2019,8,4,9.2,1,Y
IDCJAC0011,86338,2019,8,5,10,1,Y
IDCJAC0011,86338,2019,8,6,9.1,1,Y
IDCJAC0011,86338,2019,8,7,9.3,1,Y
IDCJAC0011,86338,2019,8,8,6.7,1,Y
IDCJAC0011,86338,2019,8,9,7.8,1,Y
IDCJAC0011,86338,2019,8,10,5.2,1,Y
IDCJAC0011,86338,2019,8,11,4.8,1,Y
IDCJAC0011,86338,2019,8,12,6.3,1,Y
IDCJAC0011,86338,2019,8,13,8.8,1,Y
IDCJAC0011,86338,2019,8,14,9.1,1,Y
IDCJAC0011,86338,2019,8,15,7.3,1,Y
IDCJAC0011,86338,2019,8,16,10.6,1,Y
IDCJAC0011,86338,2019,8,17,7,1,Y
IDCJAC0011,86338,2019,8,18,8.8,1,Y
IDCJAC0011,86338,2019,8,19,5.8,1,Y
IDCJAC0011,86338,2019,8,20,7.6,1,Y
IDCJAC0011,86338,2019,8,21,11.5,1,Y
IDCJAC0011,86338,2019,8,22,9.6,1,Y
IDCJAC0011,86338,2019,8,23,3.8,1,Y
IDCJAC0011,86338,2019,8,24,7.9,1,Y
IDCJAC0011,86338,2019,8,25,6.5,1,Y
IDCJAC0011,86338,2019,8,26,5.3,1,Y
IDCJAC0011,86338,2019,8,27,4.2,1,Y
IDCJAC0011,86338,2019,8,28,8.3,1,Y
IDCJAC0011,86338,2019,8,29,6.1,1,Y
IDCJAC0011,86338,2019,8,30,2.3,1,Y
IDCJAC0011,86338,2019,8,31,5,1,Y
IDCJAC0011,86338,2019,9,1,11.1,1,Y
IDCJAC0011,86338,2019,9,2,10.2,1,Y
IDCJAC0011,86338,2019,9,3,9.2,1,Y
IDCJAC0011,86338,2019,9,4,8.2,1,Y
IDCJAC0011,86338,2019,9,5,8.7,1,Y
IDCJAC0011,86338,2019,9,6,11.3,1,Y
IDCJAC0011,86338,2019,9,7,8.8,1,Y
IDCJAC0011,86338,2019,9,8,8.2,1,Y
IDCJAC0011,86338,2019,9,9,6.8,1,Y
IDCJAC0011,86338,2019,9,10,7.7,1,Y
IDCJAC0011,86338,2019,9,11,5,1,Y
IDCJAC0011,86338,2019,9,12,11.1,1,Y
IDCJAC0011,86338,2019,9,13,7.7,1,Y
IDCJAC0011,86338,2019,9,14,9.3,1,Y
IDCJAC0011,86338,2019,9,15,12.4,1,Y
IDCJAC0011,86338,2019,9,16,9.7,1,Y
IDCJAC0011,86338,2019,9,17,3.6,1,Y
IDCJAC0011,86338,2019,9,18,4.3,1,Y
IDCJAC0011,86338,2019,9,19,8.2,1,Y
IDCJAC0011,86338,2019,9,20,15.7,1,Y
IDCJAC0011,86338,2019,9,21,14.5,1,Y
IDCJAC0011,86338,2019,9,22,7.9,1,Y
IDCJAC0011,86338,2019,9,23,8.9,1,Y
IDCJAC0011,86338,2019,9,24,8.3,1,Y
IDCJAC0011,86338,2019,9,25,8.7,1,Y
IDCJAC0011,86338,2019,9,26,8.3,1,Y
IDCJAC0011,86338,2019,9,27,12.3,1,Y
IDCJAC0011,86338,2019,9,28,7.2,1,Y
IDCJAC0011,86338,2019,9,29,9.1,1,Y
IDCJAC0011,86338,2019,9,30,10.1,1,Y
IDCJAC0011,86338,2019,10,1,4.2,1,N
IDCJAC0011,86338,2019,10,2,9.3,1,N
IDCJAC0011,86338,2019,10,3,15.1,1,N
IDCJAC0011,86338,2019,10,4,12.5,1,N
IDCJAC0011,86338,2019,10,5,7.6,1,N
IDCJAC0011,86338,2019,10,6,12.9,1,Y
IDCJAC0011,86338,2019,10,7,11.6,1,Y
IDCJAC0011,86338,2019,10,8,9.5,1,Y
IDCJAC0011,86338,2019,10,9,8.5,1,N
IDCJAC0011,86338,2019,10,10,10.2,1,N
IDCJAC0011,86338,2019,10,11,9.5,1,N
IDCJAC0011,86338,2019,10,12,8.2,1,N
IDCJAC0011,86338,2019,10,13,9.4,1,N
IDCJAC0011,86338,2019,10,14,13.6,1,N
IDCJAC0011,86338,2019,10,15,13,1,Y
IDCJAC0011,86338,2019,10,16,13.3,1,N
IDCJAC0011,86338,2019,10,17,9.5,1,N
IDCJAC0011,86338,2019,10,18,7.3,1,N
IDCJAC0011,86338,2019,10,19,9.4,1,N
IDCJAC0011,86338,2019,10,20,10,1,N
IDCJAC0011,86338,2019,10,21,11.5,1,N
IDCJAC0011,86338,2019,10,22,11.9,1,N
IDCJAC0011,86338,2019,10,23,8.2,1,N
IDCJAC0011,86338,2019,10,24,13,1,N
IDCJAC0011,86338,2019,10,25,16.8,1,N
IDCJAC0011,86338,2019,10,26,9.6,1,N
IDCJAC0011,86338,2019,10,27,10.3,1,N
IDCJAC0011,86338,2019,10,28,8.7,1,N
IDCJAC0011,86338,2019,10,29,9.7,1,N
IDCJAC0011,86338,2019,10,30,13.8,1,N
IDCJAC0011,86338,2019,10,31,14.2,1,N
IDCJAC0011,86338,2019,11,1,20,1,N
IDCJAC0011,86338,2019,11,2,15.8,1,N
IDCJAC0011,86338,2019,11,3,12.8,1,N
IDCJAC0011,86338,2019,11,4,9.5,1,N
IDCJAC0011,86338,2019,11,5,7.7,1,N
IDCJAC0011,86338,2019,11,6,10.5,1,N
IDCJAC0011,86338,2019,11,7,11.5,1,N
IDCJAC0011,86338,2019,11,8,10.3,1,N
IDCJAC0011,86338,2019,11,9,7.6,1,N
IDCJAC0011,86338,2019,11,10,10.8,1,N
IDCJAC0011,86338,2019,11,11,10,1,N
IDCJAC0011,86338,2019,11,12,11.5,1,N
IDCJAC0011,86338,2019,11,13,9.1,1,N
IDCJAC0011,86338,2019,11,14,12.1,1,N
IDCJAC0011,86338,2019,11,15,13,1,N
IDCJAC0011,86338,2019,11,16,9.2,1,N
IDCJAC0011,86338,2019,11,17,10.8,1,N
IDCJAC0011,86338,2019,11,18,8.5,1,N
IDCJAC0011,86338,2019,11,19,11.4,1,N
IDCJAC0011,86338,2019,11,20,9.4,1,N
IDCJAC0011,86338,2019,11,21,14,1,N
IDCJAC0011,86338,2019,11,22,13.6,1,N
IDCJAC0011,86338,2019,11,23,10.1,1,N
IDCJAC0011,86338,2019,11,24,11.9,1,N
IDCJAC0011,86338,2019,11,25,11.4,1,N
IDCJAC0011,86338,2019,11,26,11.4,1,N
IDCJAC0011,86338,2019,11,27,8.6,1,N
IDCJAC0011,86338,2019,11,28,11.4,1,N
IDCJAC0011,86338,2019,11,29,11.9,1,N
IDCJAC0011,86338,2019,11,30,10.3,1,N
IDCJAC0011,86338,2019,12,1,12.2,1,Y
IDCJAC0011,86338,2019,12,2,9.8,1,Y
IDCJAC0011,86338,2019,12,3,11,1,Y
IDCJAC0011,86338,2019,12,4,12.1,1,Y
IDCJAC0011,86338,2019,12,5,12.3,1,Y
IDCJAC0011,86338,2019,12,6,13.3,1,Y
IDCJAC0011,86338,2019,12,7,11.2,1,Y
IDCJAC0011,86338,2019,12,8,13.8,1,Y
IDCJAC0011,86338,2019,12,9,16.3,1,Y
IDCJAC0011,86338,2019,12,10,14.3,1,Y
IDCJAC0011,86338,2019,12,11,13.4,1,Y
IDCJAC0011,86338,2019,12,12,13.4,1,Y
IDCJAC0011,86338,2019,12,13,11.4,1,Y
IDCJAC0011,86338,2019,12,14,14.1,1,Y
IDCJAC0011,86338,2019,12,15,15.1,1,Y
IDCJAC0011,86338,2019,12,16,13,1,Y
IDCJAC0011,86338,2019,12,17,12.6,1,Y
IDCJAC0011,86338,2019,12,18,15.9,1,Y
IDCJAC0011,86338,2019,12,19,17.2,1,Y
IDCJAC0011,86338,2019,12,20,13.7,1,Y
IDCJAC0011,86338,2019,12,21,16.9,1,Y
IDCJAC0011,86338,2019,12,22,13.1,1,Y
IDCJAC0011,86338,2019,12,23,12.1,1,Y
IDCJAC0011,86338,2019,12,24,14.1,1,Y
IDCJAC0011,86338,2019,12,25,14,1,Y
IDCJAC0011,86338,2019,12,26,16.5,1,Y
IDCJAC0011,86338,2019,12,27,13.6,1,Y
IDCJAC0011,86338,2019,12,28,16.7,1,Y
IDCJAC0011,86338,2019,12,29,16.8,1,Y
IDCJAC0011,86338,2019,12,30,19.7,1,Y
IDCJAC0011,86338,2019,12,31,15.3,1,Y
IDCJAC0011,86338,2020,1,1,11.8,1,Y
IDCJAC0011,86338,2020,1,2,12.8,1,Y
IDCJAC0011,86338,2020,1,3,13.7,1,Y
IDCJAC0011,86338,2020,1,4,18.6,1,Y
IDCJAC0011,86338,2020,1,5,12.7,1,Y
IDCJAC0011,86338,2020,1,6,11.9,1,Y
IDCJAC0011,86338,2020,1,7,12.6,1,Y
IDCJAC0011,86338,2020,1,8,16.8,1,Y
IDCJAC0011,86338,2020,1,9,17.9,1,Y
IDCJAC0011,86338,2020,1,10,20.1,1,Y
IDCJAC0011,86338,2020,1,11,13.5,1,Y
IDCJAC0011,86338,2020,1,12,14.2,1,Y
IDCJAC0011,86338,2020,1,13,12.7,1,Y
IDCJAC0011,86338,2020,1,14,16.7,1,Y
IDCJAC0011,86338,2020,1,15,19.5,1,Y
IDCJAC0011,86338,2020,1,16,15.7,1,Y
IDCJAC0011,86338,2020,1,17,14.4,1,Y
IDCJAC0011,86338,2020,1,18,13.9,1,Y
IDCJAC0011,86338,2020,1,19,17.5,1,Y
IDCJAC0011,86338,2020,1,20,19.1,1,Y
IDCJAC0011,86338,2020,1,21,14.8,1,Y
IDCJAC0011,86338,2020,1,22,14.1,1,Y
IDCJAC0011,86338,2020,1,23,12.9,1,Y
IDCJAC0011,86338,2020,1,24,11.7,1,Y
IDCJAC0011,86338,2020,1,25,13,1,Y
IDCJAC0011,86338,2020,1,26,15.8,1,Y
IDCJAC0011,86338,2020,1,27,12.8,1,Y
IDCJAC0011,86338,2020,1,28,13.6,1,Y
IDCJAC0011,86338,2020,1,29,15.2,1,Y
IDCJAC0011,86338,2020,1,30,16.4,1,Y
IDCJAC0011,86338,2020,1,31,21.5,1,Y
IDCJAC0011,86338,2020,2,1,23.5,1,Y
IDCJAC0011,86338,2020,2,2,14.2,1,Y
IDCJAC0011,86338,2020,2,3,13.2,1,Y
IDCJAC0011,86338,2020,2,4,11.3,1,Y
IDCJAC0011,86338,2020,2,5,10.8,1,Y
IDCJAC0011,86338,2020,2,6,13.7,1,Y
IDCJAC0011,86338,2020,2,7,16.5,1,Y
IDCJAC0011,86338,2020,2,8,17.4,1,Y
IDCJAC0011,86338,2020,2,9,19.6,1,Y
IDCJAC0011,86338,2020,2,10,18.5,1,Y
IDCJAC0011,86338,2020,2,11,19.5,1,Y
IDCJAC0011,86338,2020,2,12,19.1,1,Y
IDCJAC0011,86338,2020,2,13,19.4,1,Y
IDCJAC0011,86338,2020,2,14,20.3,1,Y
IDCJAC0011,86338,2020,2,15,18.9,1,Y
IDCJAC0011,86338,2020,2,16,16.9,1,Y
IDCJAC0011,86338,2020,2,17,15.2,1,Y
IDCJAC0011,86338,2020,2,18,17.6,1,Y
IDCJAC0011,86338,2020,2,19,13.3,1,Y
IDCJAC0011,86338,2020,2,20,14.2,1,Y
IDCJAC0011,86338,2020,2,21,13.5,1,Y
IDCJAC0011,86338,2020,2,22,11.4,1,Y
IDCJAC0011,86338,2020,2,23,13.3,1,Y
IDCJAC0011,86338,2020,2,24,16.8,1,Y
IDCJAC0011,86338,2020,2,25,18.4,1,Y
IDCJAC0011,86338,2020,2,26,16.2,1,Y
IDCJAC0011,86338,2020,2,27,11,1,Y
IDCJAC0011,86338,2020,2,28,13.1,1,Y
IDCJAC0011,86338,2020,2,29,14.7,1,Y
IDCJAC0011,86338,2020,3,1,13.2,1,Y
IDCJAC0011,86338,2020,3,2,14.2,1,Y
IDCJAC0011,86338,2020,3,3,14.7,1,Y
IDCJAC0011,86338,2020,3,4,13.6,1,Y
IDCJAC0011,86338,2020,3,5,15.4,1,Y
IDCJAC0011,86338,2020,3,6,15.9,1,Y
IDCJAC0011,86338,2020,3,7,15.4,1,Y
IDCJAC0011,86338,2020,3,8,13.9,1,Y
IDCJAC0011,86338,2020,3,9,12.3,1,Y
IDCJAC0011,86338,2020,3,10,10.3,1,Y
IDCJAC0011,86338,2020,3,11,12.6,1,Y
IDCJAC0011,86338,2020,3,12,16.6,1,Y
IDCJAC0011,86338,2020,3,13,19.1,1,Y
IDCJAC0011,86338,2020,3,14,13.1,1,Y
IDCJAC0011,86338,2020,3,15,12.7,1,Y
IDCJAC0011,86338,2020,3,16,9.3,1,Y
IDCJAC0011,86338,2020,3,17,11.6,1,Y
IDCJAC0011,86338,2020,3,18,17.7,1,Y
IDCJAC0011,86338,2020,3,19,18.7,1,Y
IDCJAC0011,86338,2020,3,20,16.1,1,Y
IDCJAC0011,86338,2020,3,21,14.6,1,Y
IDCJAC0011,86338,2020,3,22,12.1,1,Y
IDCJAC0011,86338,2020,3,23,12.7,1,Y
IDCJAC0011,86338,2020,3,24,8.5,1,Y
IDCJAC0011,86338,2020,3,25,10.8,1,Y
IDCJAC0011,86338,2020,3,26,13.7,1,Y
IDCJAC0011,86338,2020,3,27,13.6,1,Y
IDCJAC0011,86338,2020,3,28,14.8,1,Y
IDCJAC0011,86338,2020,3,29,16.5,1,Y
IDCJAC0011,86338,2020,3,30,15.9,1,Y
IDCJAC0011,86338,2020,3,31,12.2,1,Y
IDCJAC0011,86338,2020,4,1,11,1,N
IDCJAC0011,86338,2020,4,2,12.4,1,N
IDCJAC0011,86338,2020,4,3,13.7,1,Y
IDCJAC0011,86338,2020,4,4,12.8,1,N
IDCJAC0011,86338,2020,4,5,9.5,1,Y
IDCJAC0011,86338,2020,4,6,10.7,1,N
IDCJAC0011,86338,2020,4,7,11.9,1,N
IDCJAC0011,86338,2020,4,8,11.7,1,N
IDCJAC0011,86338,2020,4,9,8.9,1,N
IDCJAC0011,86338,2020,4,10,12.7,1,N
IDCJAC0011,86338,2020,4,11,13,1,N
IDCJAC0011,86338,2020,4,12,11,1,N
IDCJAC0011,86338,2020,4,13,12.2,1,N
IDCJAC0011,86338,2020,4,14,12.1,1,N
IDCJAC0011,86338,2020,4,15,15.6,1,N
IDCJAC0011,86338,2020,4,16,15.4,1,N
IDCJAC0011,86338,2020,4,17,11.4,1,N
IDCJAC0011,86338,2020,4,18,12.9,1,N
IDCJAC0011,86338,2020,4,19,11.2,1,N
IDCJAC0011,86338,2020,4,20,12,1,N
IDCJAC0011,86338,2020,4,21,8.5,1,N
IDCJAC0011,86338,2020,4,22,12.8,1,N
IDCJAC0011,86338,2020,4,23,9.6,1,N
IDCJAC0011,86338,2020,4,24,15.1,1,N
IDCJAC0011,86338,2020,4,25,10.5,1,N
IDCJAC0011,86338,2020,4,26,15.4,1,N
IDCJAC0011,86338,2020,4,27,8.1,1,N
IDCJAC0011,86338,2020,4,28,7.1,1,N
IDCJAC0011,86338,2020,4,29,11.2,1,N
IDCJAC0011,86338,2020,4,30,8.9,1,N
IDCJAC0011,86338,2020,5,1,7.6,1,N
IDCJAC0011,86338,2020,5,2,8.3,1,N
IDCJAC0011,86338,2020,5,3,9.8,1,N
IDCJAC0011,86338,2020,5,4,9.4,1,N
IDCJAC0011,86338,2020,5,5,8,1,N
IDCJAC0011,86338,2020,5,6,10.2,1,N
IDCJAC0011,86338,2020,5,7,15.1,1,N
IDCJAC0011,86338,2020,5,8,12.6,1,N
IDCJAC0011,86338,2020,5,9,12.6,1,N
IDCJAC0011,86338,2020,5,10,7.2,1,N
IDCJAC0011,86338,2020,5,11,7.8,1,N
IDCJAC0011,86338,2020,5,12,10.3,1,N
IDCJAC0011,86338,2020,5,13,10.4,1,N
IDCJAC0011,86338,2020,5,14,6.6,1,N
IDCJAC0011,86338,2020,5,15,4.5,1,N
IDCJAC0011,86338,2020,5,16,4.5,1,N
IDCJAC0011,86338,2020,5,17,5.1,1,N
IDCJAC0011,86338,2020,5,18,5.5,1,N
IDCJAC0011,86338,2020,5,19,8.1,1,N
IDCJAC0011,86338,2020,5,20,10.3,1,N
IDCJAC0011,86338,2020,5,21,9.4,1,N
IDCJAC0011,86338,2020,5,22,9.1,1,N
IDCJAC0011,86338,2020,5,23,9.4,1,N
IDCJAC0011,86338,2020,5,24,10.9,1,N
IDCJAC0011,86338,2020,5,25,5.5,1,N
IDCJAC0011,86338,2020,5,26,5.4,1,N
IDCJAC0011,86338,2020,5,27,5.9,1,N
IDCJAC0011,86338,2020,5,28,12.1,1,N
IDCJAC0011,86338,2020,5,29,7.2,1,N
IDCJAC0011,86338,2020,5,30,8.1,1,N
IDCJAC0011,86338,2020,5,31,12.4,1,N
IDCJAC0011,86338,2020,6,1,9.3,1,N
IDCJAC0011,86338,2020,6,2,8.4,1,N
IDCJAC0011,86338,2020,6,3,10.5,1,N
IDCJAC0011,86338,2020,6,4,9.3,1,N
IDCJAC0011,86338,2020,6,5,4.1,1,N
IDCJAC0011,86338,2020,6,6,6,1,N
IDCJAC0011,86338,2020,6,7,7.9,1,N
IDCJAC0011,86338,2020,6,8,4.5,1,N
IDCJAC0011,86338,2020,6,9,2,1,N
IDCJAC0011,86338,2020,6,10,3.9,1,N
IDCJAC0011,86338,2020,6,11,4.5,1,N
IDCJAC0011,86338,2020,6,12,4.2,1,N
IDCJAC0011,86338,2020,6,13,5.7,1,N
IDCJAC0011,86338,2020,6,14,10.4,1,N
IDCJAC0011,86338,2020,6,15,11.6,1,N
IDCJAC0011,86338,2020,6,16,13,1,N
IDCJAC0011,86338,2020,6,17,10.2,1,N
IDCJAC0011,86338,2020,6,18,4.6,1,N
IDCJAC0011,86338,2020,6,19,6.4,1,N
IDCJAC0011,86338,2020,6,20,12.8,1,N
IDCJAC0011,86338,2020,6,21,6.9,1,N
IDCJAC0011,86338,2020,6,22,8.1,1,N
IDCJAC0011,86338,2020,6,23,9,1,N
IDCJAC0011,86338,2020,6,24,10.1,1,N
IDCJAC0011,86338,2020,6,25,10.2,1,N
IDCJAC0011,86338,2020,6,26,7.9,1,Y
IDCJAC0011,86338,2020,6,27,6.2,1,N
IDCJAC0011,86338,2020,6,28,1.7,1,N
IDCJAC0011,86338,2020,6,29,2.2,1,N
IDCJAC0011,86338,2020,6,30,3,1,N
IDCJAC0011,86338,2020,7,1,9.8,1,N
IDCJAC0011,86338,2020,7,2,10.2,1,Y
IDCJAC0011,86338,2020,7,3,7.7,1,N
IDCJAC0011,86338,2020,7,4,6.5,1,N
IDCJAC0011,86338,2020,7,5,8.9,1,N
IDCJAC0011,86338,2020,7,6,8.1,1,N
IDCJAC0011,86338,2020,7,7,8.9,1,N
IDCJAC0011,86338,2020,7,8,4.9,1,N
IDCJAC0011,86338,2020,7,9,5.7,1,N
IDCJAC0011,86338,2020,7,10,6.4,1,N
IDCJAC0011,86338,2020,7,11,7.3,1,N
IDCJAC0011,86338,2020,7,12,9,1,N
IDCJAC0011,86338,2020,7,13,8.7,1,N
IDCJAC0011,86338,2020,7,14,7.7,1,N
IDCJAC0011,86338,2020,7,15,6.2,1,N
IDCJAC0011,86338,2020,7,16,4.2,1,N
IDCJAC0011,86338,2020,7,17,3.1,1,N
IDCJAC0011,86338,2020,7,18,4,1,N
IDCJAC0011,86338,2020,7,19,8.2,1,N
IDCJAC0011,86338,2020,7,20,7.6,1,N
IDCJAC0011,86338,2020,7,21,7.2,1,N
IDCJAC0011,86338,2020,7,22,8.1,1,N
IDCJAC0011,86338,2020,7,23,8.1,1,N
IDCJAC0011,86338,2020,7,24,6.1,1,N
IDCJAC0011,86338,2020,7,25,4.3,1,N
IDCJAC0011,86338,2020,7,26,5,1,N
IDCJAC0011,86338,2020,7,27,7.4,1,N
IDCJAC0011,86338,2020,7,28,9.6,1,N
IDCJAC0011,86338,2020,7,29,8.6,1,N
IDCJAC0011,86338,2020,7,30,8,1,N
IDCJAC0011,86338,2020,7,31,3.4,1,N
IDCJAC0011,86338,2020,8,1,5.7,1,Y
IDCJAC0011,86338,2020,8,2,9,1,Y
IDCJAC0011,86338,2020,8,3,7.5,1,Y
IDCJAC0011,86338,2020,8,4,5.1,1,Y
IDCJAC0011,86338,2020,8,5,4.7,1,Y
IDCJAC0011,86338,2020,8,6,5.5,1,Y
IDCJAC0011,86338,2020,8,7,3.3,1,Y
IDCJAC0011,86338,2020,8,8,4.7,1,Y
IDCJAC0011,86338,2020,8,9,8.9,1,Y
IDCJAC0011,86338,2020,8,10,5.7,1,Y
IDCJAC0011,86338,2020,8,11,4.3,1,Y
IDCJAC0011,86338,2020,8,12,9.4,1,Y
IDCJAC0011,86338,2020,8,13,11.4,1,Y
IDCJAC0011,86338,2020,8,14,10.7,1,Y
IDCJAC0011,86338,2020,8,15,7.4,1,Y
IDCJAC0011,86338,2020,8,16,10.7,1,Y
IDCJAC0011,86338,2020,8,17,9.5,1,Y
IDCJAC0011,86338,2020,8,18,10,1,Y
IDCJAC0011,86338,2020,8,19,9.7,1,Y
IDCJAC0011,86338,2020,8,20,9.6,1,Y
IDCJAC0011,86338,2020,8,21,8.5,1,Y
IDCJAC0011,86338,2020,8,22,5.8,1,Y
IDCJAC0011,86338,2020,8,23,6.8,1,Y
IDCJAC0011,86338,2020,8,24,6.3,1,Y
IDCJAC0011,86338,2020,8,25,3.6,1,Y
IDCJAC0011,86338,2020,8,26,6.1,1,Y
IDCJAC0011,86338,2020,8,27,8.8,1,Y
IDCJAC0011,86338,2020,8,28,8.5,1,Y
IDCJAC0011,86338,2020,8,29,9.2,1,Y
IDCJAC0011,86338,2020,8,30,12,1,Y
IDCJAC0011,86338,2020,8,31,6.9,1,Y
IDCJAC0011,86338,2020,9,1,6.6,1,N
IDCJAC0011,86338,2020,9,2,8.6,1,N
IDCJAC0011,86338,2020,9,3,12.9,1,N
IDCJAC0011,86338,2020,9,4,9,1,N
IDCJAC0011,86338,2020,9,5,9.7,1,N
IDCJAC0011,86338,2020,9,6,6.9,1,N
IDCJAC0011,86338,2020,9,7,8.8,1,N
IDCJAC0011,86338,2020,9,8,16.6,1,N
IDCJAC0011,86338,2020,9,9,8.1,1,N
IDCJAC0011,86338,2020,9,10,5.4,1,N
IDCJAC0011,86338,2020,9,11,10.4,1,N
IDCJAC0011,86338,2020,9,12,13.3,1,N
IDCJAC0011,86338,2020,9,13,11.9,1,N
IDCJAC0011,86338,2020,9,14,11.1,1,N
IDCJAC0011,86338,2020,9,15,7.4,1,N
IDCJAC0011,86338,2020,9,16,7.1,1,N
IDCJAC0011,86338,2020,9,17,11.8,1,N
IDCJAC0011,86338,2020,9,18,8.4,1,N
IDCJAC0011,86338,2020,9,19,11.3,1,N
IDCJAC0011,86338,2020,9,20,17.1,1,N
IDCJAC0011,86338,2020,9,21,16.6,1,N
IDCJAC0011,86338,2020,9,22,12.3,1,N
IDCJAC0011,86338,2020,9,23,10.6,1,N
IDCJAC0011,86338,2020,9,24,8.2,1,N
IDCJAC0011,86338,2020,9,25,7.2,1,N
IDCJAC0011,86338,2020,9,26,6.2,1,N
IDCJAC0011,86338,2020,9,27,8.8,1,N
IDCJAC0011,86338,2020,9,28,6.5,1,N
IDCJAC0011,86338,2020,9,29,4.3,1,N
IDCJAC0011,86338,2020,9,30,10.7,1,N
