Product code,Bureau of Meteorology station number,Year,Month,Day,Daily global solar exposure (MJ/m*m)
IDCJAC0016,86338,2013,6,1,2.8
IDCJAC0016,86338,2013,6,2,8
IDCJAC0016,86338,2013,6,3,5.2
IDCJAC0016,86338,2013,6,4,3.8
IDCJAC0016,86338,2013,6,5,4.9
IDCJAC0016,86338,2013,6,6,6.2
IDCJAC0016,86338,2013,6,7,6.1
IDCJAC0016,86338,2013,6,8,8.2
IDCJAC0016,86338,2013,6,9,8.3
IDCJAC0016,86338,2013,6,10,7.6
IDCJAC0016,86338,2013,6,11,3.1
IDCJAC0016,86338,2013,6,12,2.7
IDCJAC0016,86338,2013,6,13,2.5
IDCJAC0016,86338,2013,6,14,5.7
IDCJAC0016,86338,2013,6,15,4.3
IDCJAC0016,86338,2013,6,16,6.5
IDCJAC0016,86338,2013,6,17,2.8
IDCJAC0016,86338,2013,6,18,6.7
IDCJAC0016,86338,2013,6,19,8.1
IDCJAC0016,86338,2013,6,20,8.2
IDCJAC0016,86338,2013,6,21,8
IDCJAC0016,86338,2013,6,22,8.1
IDCJAC0016,86338,2013,6,23,8
IDCJAC0016,86338,2013,6,24,6.2
IDCJAC0016,86338,2013,6,25,7.9
IDCJAC0016,86338,2013,6,26,8
IDCJAC0016,86338,2013,6,27,6.9
IDCJAC0016,86338,2013,6,28,7.6
IDCJAC0016,86338,2013,6,29,4.6
IDCJAC0016,86338,2013,6,30,7.2
IDCJAC0016,86338,2013,7,1,3.8
IDCJAC0016,86338,2013,7,2,8.2
IDCJAC0016,86338,2013,7,3,8.7
IDCJAC0016,86338,2013,7,4,3
IDCJAC0016,86338,2013,7,5,6.5
IDCJAC0016,86338,2013,7,6,5.9
IDCJAC0016,86338,2013,7,7,5.8
IDCJAC0016,86338,2013,7,8,8.5
IDCJAC0016,86338,2013,7,9,9.1
IDCJAC0016,86338,2013,7,10,9.1
IDCJAC0016,86338,2013,7,11,7.7
IDCJAC0016,86338,2013,7,12,8.4
IDCJAC0016,86338,2013,7,13,2.9
IDCJAC0016,86338,2013,7,14,2.6
IDCJAC0016,86338,2013,7,15,6.7
IDCJAC0016,86338,2013,7,16,6.5
IDCJAC0016,86338,2013,7,17,6.8
IDCJAC0016,86338,2013,7,18,5.9
IDCJAC0016,86338,2013,7,19,7.6
IDCJAC0016,86338,2013,7,20,3.2
IDCJAC0016,86338,2013,7,21,9.8
IDCJAC0016,86338,2013,7,22,7.1
IDCJAC0016,86338,2013,7,23,5
IDCJAC0016,86338,2013,7,24,5.9
IDCJAC0016,86338,2013,7,25,8.7
IDCJAC0016,86338,2013,7,26,8.3
IDCJAC0016,86338,2013,7,27,8.5
IDCJAC0016,86338,2013,7,28,4.8
IDCJAC0016,86338,2013,7,29,10.5
IDCJAC0016,86338,2013,7,30,11
IDCJAC0016,86338,2013,7,31,11.1
IDCJAC0016,86338,2013,8,1,10.4
IDCJAC0016,86338,2013,8,2,5.2
IDCJAC0016,86338,2013,8,3,4.9
IDCJAC0016,86338,2013,8,4,7.2
IDCJAC0016,86338,2013,8,5,4.4
IDCJAC0016,86338,2013,8,6,9.3
IDCJAC0016,86338,2013,8,7,6.9
IDCJAC0016,86338,2013,8,8,12.3
IDCJAC0016,86338,2013,8,9,2.7
IDCJAC0016,86338,2013,8,10,11.6
IDCJAC0016,86338,2013,8,11,11.6
IDCJAC0016,86338,2013,8,12,9.5
IDCJAC0016,86338,2013,8,13,12
IDCJAC0016,86338,2013,8,14,4.2
IDCJAC0016,86338,2013,8,15,11.6
IDCJAC0016,86338,2013,8,16,13.7
IDCJAC0016,86338,2013,8,17,9.9
IDCJAC0016,86338,2013,8,18,9.8
IDCJAC0016,86338,2013,8,19,10.5
IDCJAC0016,86338,2013,8,20,12.3
IDCJAC0016,86338,2013,8,21,9.2
IDCJAC0016,86338,2013,8,22,9.8
IDCJAC0016,86338,2013,8,23,4.1
IDCJAC0016,86338,2013,8,24,7.3
IDCJAC0016,86338,2013,8,25,7.3
IDCJAC0016,86338,2013,8,26,12.6
IDCJAC0016,86338,2013,8,27,13
IDCJAC0016,86338,2013,8,28,11.4
IDCJAC0016,86338,2013,8,29,7.2
IDCJAC0016,86338,2013,8,30,7.7
IDCJAC0016,86338,2013,8,31,16.4
IDCJAC0016,86338,2013,9,1,15
IDCJAC0016,86338,2013,9,2,15.5
IDCJAC0016,86338,2013,9,3,14.8
IDCJAC0016,86338,2013,9,4,11.4
IDCJAC0016,86338,2013,9,5,2.3
IDCJAC0016,86338,2013,9,6,4.2
IDCJAC0016,86338,2013,9,7,10
IDCJAC0016,86338,2013,9,8,16.8
IDCJAC0016,86338,2013,9,9,9.5
IDCJAC0016,86338,2013,9,10,12
IDCJAC0016,86338,2013,9,11,12.9
IDCJAC0016,86338,2013,9,12,13.9
IDCJAC0016,86338,2013,9,13,13.2
IDCJAC0016,86338,2013,9,14,14.6
IDCJAC0016,86338,2013,9,15,17.4
IDCJAC0016,86338,2013,9,16,3.6
IDCJAC0016,86338,2013,9,17,13
IDCJAC0016,86338,2013,9,18,8.1
IDCJAC0016,86338,2013,9,19,9.3
IDCJAC0016,86338,2013,9,20,12.9
IDCJAC0016,86338,2013,9,21,15.5
IDCJAC0016,86338,2013,9,22,17.9
IDCJAC0016,86338,2013,9,23,14
IDCJAC0016,86338,2013,9,24,12.6
IDCJAC0016,86338,2013,9,25,17
IDCJAC0016,86338,2013,9,26,13.7
IDCJAC0016,86338,2013,9,27,20.7
IDCJAC0016,86338,2013,9,28,17.3
IDCJAC0016,86338,2013,9,29,20.8
IDCJAC0016,86338,2013,9,30,4.9
IDCJAC0016,86338,2013,10,1,11.7
IDCJAC0016,86338,2013,10,2,8.7
IDCJAC0016,86338,2013,10,3,15.7
IDCJAC0016,86338,2013,10,4,22.3
IDCJAC0016,86338,2013,10,5,13.9
IDCJAC0016,86338,2013,10,6,11.9
IDCJAC0016,86338,2013,10,7,21.3
IDCJAC0016,86338,2013,10,8,22.5
IDCJAC0016,86338,2013,10,9,19.9
IDCJAC0016,86338,2013,10,10,2.8
IDCJAC0016,86338,2013,10,11,20.5
IDCJAC0016,86338,2013,10,12,24.1
IDCJAC0016,86338,2013,10,13,10.2
IDCJAC0016,86338,2013,10,14,12.8
IDCJAC0016,86338,2013,10,15,18.3
IDCJAC0016,86338,2013,10,16,16.9
IDCJAC0016,86338,2013,10,17,20
IDCJAC0016,86338,2013,10,18,25.6
IDCJAC0016,86338,2013,10,19,26
IDCJAC0016,86338,2013,10,20,11.8
IDCJAC0016,86338,2013,10,21,3.8
IDCJAC0016,86338,2013,10,22,3.2
IDCJAC0016,86338,2013,10,23,6.4
IDCJAC0016,86338,2013,10,24,17.7
IDCJAC0016,86338,2013,10,25,8.7
IDCJAC0016,86338,2013,10,26,11.4
IDCJAC0016,86338,2013,10,27,18.1
IDCJAC0016,86338,2013,10,28,9.2
IDCJAC0016,86338,2013,10,29,19.6
IDCJAC0016,86338,2013,10,30,15
IDCJAC0016,86338,2013,10,31,20.9
IDCJAC0016,86338,2013,11,1,27.8
IDCJAC0016,86338,2013,11,2,26.1
IDCJAC0016,86338,2013,11,3,21.5
IDCJAC0016,86338,2013,11,4,25.1
IDCJAC0016,86338,2013,11,5,29.1
IDCJAC0016,86338,2013,11,6,29.5
IDCJAC0016,86338,2013,11,7,11.8
IDCJAC0016,86338,2013,11,8,3
IDCJAC0016,86338,2013,11,9,21.5
IDCJAC0016,86338,2013,11,10,20.4
IDCJAC0016,86338,2013,11,11,17
IDCJAC0016,86338,2013,11,12,4.3
IDCJAC0016,86338,2013,11,13,3.4
IDCJAC0016,86338,2013,11,14,11.9
IDCJAC0016,86338,2013,11,15,21.7
IDCJAC0016,86338,2013,11,16,18.3
IDCJAC0016,86338,2013,11,17,30.8
IDCJAC0016,86338,2013,11,18,29.8
IDCJAC0016,86338,2013,11,19,26.8
IDCJAC0016,86338,2013,11,20,9.4
IDCJAC0016,86338,2013,11,21,16.7
IDCJAC0016,86338,2013,11,22,18.4
IDCJAC0016,86338,2013,11,23,19.9
IDCJAC0016,86338,2013,11,24,18.5
IDCJAC0016,86338,2013,11,25,30.5
IDCJAC0016,86338,2013,11,26,27.1
IDCJAC0016,86338,2013,11,27,24.6
IDCJAC0016,86338,2013,11,28,2.1
IDCJAC0016,86338,2013,11,29,17.9
IDCJAC0016,86338,2013,11,30,29.8
IDCJAC0016,86338,2013,12,1,28.3
IDCJAC0016,86338,2013,12,2,30.9
IDCJAC0016,86338,2013,12,3,14.4
IDCJAC0016,86338,2013,12,4,2.8
IDCJAC0016,86338,2013,12,5,12.9
IDCJAC0016,86338,2013,12,6,27.2
IDCJAC0016,86338,2013,12,7,33
IDCJAC0016,86338,2013,12,8,5.4
IDCJAC0016,86338,2013,12,9,2.4
IDCJAC0016,86338,2013,12,10,23
IDCJAC0016,86338,2013,12,11,21.7
IDCJAC0016,86338,2013,12,12,30.9
IDCJAC0016,86338,2013,12,13,13.9
IDCJAC0016,86338,2013,12,14,25.6
IDCJAC0016,86338,2013,12,15,27.8
IDCJAC0016,86338,2013,12,16,26
IDCJAC0016,86338,2013,12,17,22.8
IDCJAC0016,86338,2013,12,18,28.2
IDCJAC0016,86338,2013,12,19,28.7
IDCJAC0016,86338,2013,12,20,29.8
IDCJAC0016,86338,2013,12,21,5.7
IDCJAC0016,86338,2013,12,22,2.9
IDCJAC0016,86338,2013,12,23,9
IDCJAC0016,86338,2013,12,24,32.3
IDCJAC0016,86338,2013,12,25,29.2
IDCJAC0016,86338,2013,12,26,20.8
IDCJAC0016,86338,2013,12,27,28.6
IDCJAC0016,86338,2013,12,28,30
IDCJAC0016,86338,2013,12,29,33.8
IDCJAC0016,86338,2013,12,30,34.1
IDCJAC0016,86338,2013,12,31,33.3
IDCJAC0016,86338,2014,1,1,2.7
IDCJAC0016,86338,2014,1,2,25.8
IDCJAC0016,86338,2014,1,3,28.8
IDCJAC0016,86338,2014,1,4,13.4
IDCJAC0016,86338,2014,1,5,25.6
IDCJAC0016,86338,2014,1,6,24.4
IDCJAC0016,86338,2014,1,7,22.2
IDCJAC0016,86338,2014,1,8,32.7
IDCJAC0016,86338,2014,1,9,27.5
IDCJAC0016,86338,2014,1,10,27.9
IDCJAC0016,86338,2014,1,11,20.3
IDCJAC0016,86338,2014,1,12,24.6
IDCJAC0016,86338,2014,1,13,32.1
IDCJAC0016,86338,2014,1,14,30.2
IDCJAC0016,86338,2014,1,15,25.6
IDCJAC0016,86338,2014,1,16,25.9
IDCJAC0016,86338,2014,1,17,28.7
IDCJAC0016,86338,2014,1,18,16.7
IDCJAC0016,86338,2014,1,19,25.6
IDCJAC0016,86338,2014,1,20,23.1
IDCJAC0016,86338,2014,1,21,23.2
IDCJAC0016,86338,2014,1,22,31.7
IDCJAC0016,86338,2014,1,23,30.9
IDCJAC0016,86338,2014,1,24,11.3
IDCJAC0016,86338,2014,1,25,29.7
IDCJAC0016,86338,2014,1,26,31.1
IDCJAC0016,86338,2014,1,27,30.5
IDCJAC0016,86338,2014,1,28,28.2
IDCJAC0016,86338,2014,1,29,26.1
IDCJAC0016,86338,2014,1,30,27.8
IDCJAC0016,86338,2014,1,31,27.2
IDCJAC0016,86338,2014,2,1,27.6
IDCJAC0016,86338,2014,2,2,29.7
IDCJAC0016,86338,2014,2,3,7.4
IDCJAC0016,86338,2014,2,4,27.6
IDCJAC0016,86338,2014,2,5,29
IDCJAC0016,86338,2014,2,6,27.7
IDCJAC0016,86338,2014,2,7,25.6
IDCJAC0016,86338,2014,2,8,27.9
IDCJAC0016,86338,2014,2,9,27.3
IDCJAC0016,86338,2014,2,10,28.7
IDCJAC0016,86338,2014,2,11,28.1
IDCJAC0016,86338,2014,2,12,21
IDCJAC0016,86338,2014,2,13,8.4
IDCJAC0016,86338,2014,2,14,10.2
IDCJAC0016,86338,2014,2,15,14.7
IDCJAC0016,86338,2014,2,16,20.8
IDCJAC0016,86338,2014,2,17,24.2
IDCJAC0016,86338,2014,2,18,26.3
IDCJAC0016,86338,2014,2,19,11.2
IDCJAC0016,86338,2014,2,20,16.7
IDCJAC0016,86338,2014,2,21,17.5
IDCJAC0016,86338,2014,2,22,9.5
IDCJAC0016,86338,2014,2,23,26.2
IDCJAC0016,86338,2014,2,24,24.8
IDCJAC0016,86338,2014,2,25,14.7
IDCJAC0016,86338,2014,2,26,16.6
IDCJAC0016,86338,2014,2,27,21.5
IDCJAC0016,86338,2014,2,28,25.1
IDCJAC0016,86338,2014,3,1,16.7
IDCJAC0016,86338,2014,3,2,19.6
IDCJAC0016,86338,2014,3,3,23.1
IDCJAC0016,86338,2014,3,4,20.9
IDCJAC0016,86338,2014,3,5,3.2
IDCJAC0016,86338,2014,3,6,23.5
IDCJAC0016,86338,2014,3,7,11.6
IDCJAC0016,86338,2014,3,8,21.1
IDCJAC0016,86338,2014,3,9,22.3
IDCJAC0016,86338,2014,3,10,13.1
IDCJAC0016,86338,2014,3,11,5
IDCJAC0016,86338,2014,3,12,20.7
IDCJAC0016,86338,2014,3,13,21.5
IDCJAC0016,86338,2014,3,14,21.2
IDCJAC0016,86338,2014,3,15,10.6
IDCJAC0016,86338,2014,3,16,9.6
IDCJAC0016,86338,2014,3,17,7.2
IDCJAC0016,86338,2014,3,18,13.8
IDCJAC0016,86338,2014,3,19,20.7
IDCJAC0016,86338,2014,3,20,20.7
IDCJAC0016,86338,2014,3,21,11.2
IDCJAC0016,86338,2014,3,22,11.5
IDCJAC0016,86338,2014,3,23,8.1
IDCJAC0016,86338,2014,3,24,6
IDCJAC0016,86338,2014,3,25,16.4
IDCJAC0016,86338,2014,3,26,12.8
IDCJAC0016,86338,2014,3,27,6.9
IDCJAC0016,86338,2014,3,28,11.8
IDCJAC0016,86338,2014,3,29,16.7
IDCJAC0016,86338,2014,3,30,16.3
IDCJAC0016,86338,2014,3,31,16.9
IDCJAC0016,86338,2014,4,1,15.6
IDCJAC0016,86338,2014,4,2,4
IDCJAC0016,86338,2014,4,3,3.9
IDCJAC0016,86338,2014,4,4,7.8
IDCJAC0016,86338,2014,4,5,12.7
IDCJAC0016,86338,2014,4,6,14.4
IDCJAC0016,86338,2014,4,7,10.7
IDCJAC0016,86338,2014,4,8,3.7
IDCJAC0016,86338,2014,4,9,3.3
IDCJAC0016,86338,2014,4,10,3.2
IDCJAC0016,86338,2014,4,11,4
IDCJAC0016,86338,2014,4,12,9.7
IDCJAC0016,86338,2014,4,13,14
IDCJAC0016,86338,2014,4,14,12.2
IDCJAC0016,86338,2014,4,15,12.6
IDCJAC0016,86338,2014,4,16,12.6
IDCJAC0016,86338,2014,4,17,14.4
IDCJAC0016,86338,2014,4,18,6.9
IDCJAC0016,86338,2014,4,19,9
IDCJAC0016,86338,2014,4,20,8.3
IDCJAC0016,86338,2014,4,21,10.4
IDCJAC0016,86338,2014,4,22,2.5
IDCJAC0016,86338,2014,4,23,11.8
IDCJAC0016,86338,2014,4,24,12.9
IDCJAC0016,86338,2014,4,25,13.8
IDCJAC0016,86338,2014,4,26,3.8
IDCJAC0016,86338,2014,4,27,12.9
IDCJAC0016,86338,2014,4,28,9.5
IDCJAC0016,86338,2014,4,29,2.2
IDCJAC0016,86338,2014,4,30,9.5
IDCJAC0016,86338,2014,5,1,9.8
IDCJAC0016,86338,2014,5,2,5
IDCJAC0016,86338,2014,5,3,8.1
IDCJAC0016,86338,2014,5,4,7
IDCJAC0016,86338,2014,5,5,4.7
IDCJAC0016,86338,2014,5,6,8.5
IDCJAC0016,86338,2014,5,7,9
IDCJAC0016,86338,2014,5,8,11.7
IDCJAC0016,86338,2014,5,9,7.5
IDCJAC0016,86338,2014,5,10,3.9
IDCJAC0016,86338,2014,5,11,9.7
IDCJAC0016,86338,2014,5,12,10.7
IDCJAC0016,86338,2014,5,13,10.1
IDCJAC0016,86338,2014,5,14,10.4
IDCJAC0016,86338,2014,5,15,10.2
IDCJAC0016,86338,2014,5,16,9.1
IDCJAC0016,86338,2014,5,17,4.3
IDCJAC0016,86338,2014,5,18,7.4
IDCJAC0016,86338,2014,5,19,7.7
IDCJAC0016,86338,2014,5,20,3.9
IDCJAC0016,86338,2014,5,21,9.3
IDCJAC0016,86338,2014,5,22,6.2
IDCJAC0016,86338,2014,5,23,5.1
IDCJAC0016,86338,2014,5,24,7.4
IDCJAC0016,86338,2014,5,25,8.3
IDCJAC0016,86338,2014,5,26,4.2
IDCJAC0016,86338,2014,5,27,3.3
IDCJAC0016,86338,2014,5,28,3.7
IDCJAC0016,86338,2014,5,29,5.2
IDCJAC0016,86338,2014,5,30,9.1
IDCJAC0016,86338,2014,5,31,4.7
IDCJAC0016,86338,2014,6,1,3.3
IDCJAC0016,86338,2014,6,2,4.8
IDCJAC0016,86338,2014,6,3,4.2
IDCJAC0016,86338,2014,6,4,4.7
IDCJAC0016,86338,2014,6,5,7.5
IDCJAC0016,86338,2014,6,6,7.5
IDCJAC0016,86338,2014,6,7,6
IDCJAC0016,86338,2014,6,8,6.7
IDCJAC0016,86338,2014,6,9,7.9
IDCJAC0016,86338,2014,6,10,7.4
IDCJAC0016,86338,2014,6,11,7.6
IDCJAC0016,86338,2014,6,12,4.3
IDCJAC0016,86338,2014,6,13,7.3
IDCJAC0016,86338,2014,6,14,4.6
IDCJAC0016,86338,2014,6,15,7.4
IDCJAC0016,86338,2014,6,16,5.6
IDCJAC0016,86338,2014,6,17,5.8
IDCJAC0016,86338,2014,6,18,4.7
IDCJAC0016,86338,2014,6,19,6.4
IDCJAC0016,86338,2014,6,20,6.8
IDCJAC0016,86338,2014,6,21,6.1
IDCJAC0016,86338,2014,6,22,6.8
IDCJAC0016,86338,2014,6,23,4.2
IDCJAC0016,86338,2014,6,24,3.7
IDCJAC0016,86338,2014,6,25,4.9
IDCJAC0016,86338,2014,6,26,4.9
IDCJAC0016,86338,2014,6,27,4.3
IDCJAC0016,86338,2014,6,28,6.5
IDCJAC0016,86338,2014,6,29,3.4
IDCJAC0016,86338,2014,6,30,5
IDCJAC0016,86338,2014,7,1,4.2
IDCJAC0016,86338,2014,7,2,7.1
IDCJAC0016,86338,2014,7,3,8.7
IDCJAC0016,86338,2014,7,4,6.5
IDCJAC0016,86338,2014,7,5,3.9
IDCJAC0016,86338,2014,7,6,5.8
IDCJAC0016,86338,2014,7,7,8.5
IDCJAC0016,86338,2014,7,8,8.6
IDCJAC0016,86338,2014,7,9,4
IDCJAC0016,86338,2014,7,10,7.1
IDCJAC0016,86338,2014,7,11,7.6
IDCJAC0016,86338,2014,7,12,6.6
IDCJAC0016,86338,2014,7,13,8.1
IDCJAC0016,86338,2014,7,14,5.6
IDCJAC0016,86338,2014,7,15,3
IDCJAC0016,86338,2014,7,16,7.9
IDCJAC0016,86338,2014,7,17,8
IDCJAC0016,86338,2014,7,18,8.8
IDCJAC0016,86338,2014,7,19,6
IDCJAC0016,86338,2014,7,20,8.4
IDCJAC0016,86338,2014,7,21,8.6
IDCJAC0016,86338,2014,7,22,7.7
IDCJAC0016,86338,2014,7,23,9.1
IDCJAC0016,86338,2014,7,24,5.4
IDCJAC0016,86338,2014,7,25,7.2
IDCJAC0016,86338,2014,7,26,3.3
IDCJAC0016,86338,2014,7,27,9.3
IDCJAC0016,86338,2014,7,28,10
IDCJAC0016,86338,2014,7,29,5.3
IDCJAC0016,86338,2014,7,30,6.1
IDCJAC0016,86338,2014,7,31,8.4
IDCJAC0016,86338,2014,8,1,4.5
IDCJAC0016,86338,2014,8,2,9.9
IDCJAC0016,86338,2014,8,3,11.4
IDCJAC0016,86338,2014,8,4,11.5
IDCJAC0016,86338,2014,8,5,6.9
IDCJAC0016,86338,2014,8,6,7
IDCJAC0016,86338,2014,8,7,6.1
IDCJAC0016,86338,2014,8,8,5.5
IDCJAC0016,86338,2014,8,9,8.5
IDCJAC0016,86338,2014,8,10,11.2
IDCJAC0016,86338,2014,8,11,10.7
IDCJAC0016,86338,2014,8,12,8.7
IDCJAC0016,86338,2014,8,13,11
IDCJAC0016,86338,2014,8,14,8.9
IDCJAC0016,86338,2014,8,15,12.8
IDCJAC0016,86338,2014,8,16,9.4
IDCJAC0016,86338,2014,8,17,7.7
IDCJAC0016,86338,2014,8,18,5.5
IDCJAC0016,86338,2014,8,19,6.1
IDCJAC0016,86338,2014,8,20,6.4
IDCJAC0016,86338,2014,8,21,10.3
IDCJAC0016,86338,2014,8,22,13
IDCJAC0016,86338,2014,8,23,13.1
IDCJAC0016,86338,2014,8,24,6.2
IDCJAC0016,86338,2014,8,25,9.4
IDCJAC0016,86338,2014,8,26,13.2
IDCJAC0016,86338,2014,8,27,14.5
IDCJAC0016,86338,2014,8,28,12.8
IDCJAC0016,86338,2014,8,29,9.4
IDCJAC0016,86338,2014,8,30,15
IDCJAC0016,86338,2014,8,31,14.6
IDCJAC0016,86338,2014,9,1,3
IDCJAC0016,86338,2014,9,2,14.1
IDCJAC0016,86338,2014,9,3,12.9
IDCJAC0016,86338,2014,9,4,15.9
IDCJAC0016,86338,2014,9,5,16.5
IDCJAC0016,86338,2014,9,6,14.8
IDCJAC0016,86338,2014,9,7,16.9
IDCJAC0016,86338,2014,9,8,15.2
IDCJAC0016,86338,2014,9,9,8
IDCJAC0016,86338,2014,9,10,13
IDCJAC0016,86338,2014,9,11,14.4
IDCJAC0016,86338,2014,9,12,15.2
IDCJAC0016,86338,2014,9,13,18
IDCJAC0016,86338,2014,9,14,17.6
IDCJAC0016,86338,2014,9,15,7.8
IDCJAC0016,86338,2014,9,16,3.4
IDCJAC0016,86338,2014,9,17,14.4
IDCJAC0016,86338,2014,9,18,13.7
IDCJAC0016,86338,2014,9,19,12.1
IDCJAC0016,86338,2014,9,20,17.6
IDCJAC0016,86338,2014,9,21,18.5
IDCJAC0016,86338,2014,9,22,20.2
IDCJAC0016,86338,2014,9,23,18.8
IDCJAC0016,86338,2014,9,24,11.4
IDCJAC0016,86338,2014,9,25,10.5
IDCJAC0016,86338,2014,9,26,18.3
IDCJAC0016,86338,2014,9,27,19.3
IDCJAC0016,86338,2014,9,28,19
IDCJAC0016,86338,2014,9,29,19.1
IDCJAC0016,86338,2014,9,30,12.1
IDCJAC0016,86338,2014,10,1,16.6
IDCJAC0016,86338,2014,10,2,9.1
IDCJAC0016,86338,2014,10,3,18.7
IDCJAC0016,86338,2014,10,4,21.2
IDCJAC0016,86338,2014,10,5,20.8
IDCJAC0016,86338,2014,10,6,2.8
IDCJAC0016,86338,2014,10,7,16.7
IDCJAC0016,86338,2014,10,8,10.7
IDCJAC0016,86338,2014,10,9,21.6
IDCJAC0016,86338,2014,10,10,10.9
IDCJAC0016,86338,2014,10,11,18.2
IDCJAC0016,86338,2014,10,12,21.9
IDCJAC0016,86338,2014,10,13,16.2
IDCJAC0016,86338,2014,10,14,20.5
IDCJAC0016,86338,2014,10,15,17.9
IDCJAC0016,86338,2014,10,16,13.7
IDCJAC0016,86338,2014,10,17,25.2
IDCJAC0016,86338,2014,10,18,15.7
IDCJAC0016,86338,2014,10,19,16.9
IDCJAC0016,86338,2014,10,20,26.4
IDCJAC0016,86338,2014,10,21,25.8
IDCJAC0016,86338,2014,10,22,23.5
IDCJAC0016,86338,2014,10,23,12
IDCJAC0016,86338,2014,10,24,23.3
IDCJAC0016,86338,2014,10,25,18.4
IDCJAC0016,86338,2014,10,26,18.6
IDCJAC0016,86338,2014,10,27,16.4
IDCJAC0016,86338,2014,10,28,12.2
IDCJAC0016,86338,2014,10,29,20.6
IDCJAC0016,86338,2014,10,30,23.8
IDCJAC0016,86338,2014,10,31,24.1
IDCJAC0016,86338,2014,11,1,19.8
IDCJAC0016,86338,2014,11,2,19.9
IDCJAC0016,86338,2014,11,3,26.1
IDCJAC0016,86338,2014,11,4,18.4
IDCJAC0016,86338,2014,11,5,25.8
IDCJAC0016,86338,2014,11,6,28
IDCJAC0016,86338,2014,11,7,28.6
IDCJAC0016,86338,2014,11,8,27.3
IDCJAC0016,86338,2014,11,9,29
IDCJAC0016,86338,2014,11,10,26.2
IDCJAC0016,86338,2014,11,11,25.8
IDCJAC0016,86338,2014,11,12,29.9
IDCJAC0016,86338,2014,11,13,23.5
IDCJAC0016,86338,2014,11,14,10.2
IDCJAC0016,86338,2014,11,15,11.8
IDCJAC0016,86338,2014,11,16,14.7
IDCJAC0016,86338,2014,11,17,20.6
IDCJAC0016,86338,2014,11,18,24.6
IDCJAC0016,86338,2014,11,19,29.3
IDCJAC0016,86338,2014,11,20,2.9
IDCJAC0016,86338,2014,11,21,25.4
IDCJAC0016,86338,2014,11,22,14.3
IDCJAC0016,86338,2014,11,23,27.3
IDCJAC0016,86338,2014,11,24,2.4
IDCJAC0016,86338,2014,11,25,23
IDCJAC0016,86338,2014,11,26,15.4
IDCJAC0016,86338,2014,11,27,29.1
IDCJAC0016,86338,2014,11,28,29.1
IDCJAC0016,86338,2014,11,29,29.6
IDCJAC0016,86338,2014,11,30,27.7
IDCJAC0016,86338,2014,12,1,21.4
IDCJAC0016,86338,2014,12,2,29.7
IDCJAC0016,86338,2014,12,3,5
IDCJAC0016,86338,2014,12,4,28.1
IDCJAC0016,86338,2014,12,5,5.2
IDCJAC0016,86338,2014,12,6,14.7
IDCJAC0016,86338,2014,12,7,6.4
IDCJAC0016,86338,2014,12,8,29.7
IDCJAC0016,86338,2014,12,9,28.7
IDCJAC0016,86338,2014,12,10,7.3
IDCJAC0016,86338,2014,12,11,25.8
IDCJAC0016,86338,2014,12,12,33
IDCJAC0016,86338,2014,12,13,32.7
IDCJAC0016,86338,2014,12,14,27.1
IDCJAC0016,86338,2014,12,15,26.5
IDCJAC0016,86338,2014,12,16,23.9
IDCJAC0016,86338,2014,12,17,31.9
IDCJAC0016,86338,2014,12,18,17
IDCJAC0016,86338,2014,12,19,28.9
IDCJAC0016,86338,2014,12,20,32.3
IDCJAC0016,86338,2014,12,21,31.8
IDCJAC0016,86338,2014,12,22,18.7
IDCJAC0016,86338,2014,12,23,11.6
IDCJAC0016,86338,2014,12,24,33.4
IDCJAC0016,86338,2014,12,25,32.7
IDCJAC0016,86338,2014,12,26,31.8
IDCJAC0016,86338,2014,12,27,33.8
IDCJAC0016,86338,2014,12,28,31.6
IDCJAC0016,86338,2014,12,29,12.6
IDCJAC0016,86338,2014,12,30,25.7
IDCJAC0016,86338,2014,12,31,32
IDCJAC0016,86338,2015,1,1,23.6
IDCJAC0016,86338,2015,1,2,26.8
IDCJAC0016,86338,2015,1,3,26.5
IDCJAC0016,86338,2015,1,4,25.2
IDCJAC0016,86338,2015,1,5,30.7
IDCJAC0016,86338,2015,1,6,31.6
IDCJAC0016,86338,2015,1,7,20.7
IDCJAC0016,86338,2015,1,8,13.5
IDCJAC0016,86338,2015,1,9,3.1
IDCJAC0016,86338,2015,1,10,5.6
IDCJAC0016,86338,2015,1,11,29.9
IDCJAC0016,86338,2015,1,12,31.6
IDCJAC0016,86338,2015,1,13,4.2
IDCJAC0016,86338,2015,1,14,15.2
IDCJAC0016,86338,2015,1,15,14.6
IDCJAC0016,86338,2015,1,16,30.3
IDCJAC0016,86338,2015,1,17,27.5
IDCJAC0016,86338,2015,1,18,23.4
IDCJAC0016,86338,2015,1,19,29
IDCJAC0016,86338,2015,1,20,19.6
IDCJAC0016,86338,2015,1,21,25.8
IDCJAC0016,86338,2015,1,22,23.1
IDCJAC0016,86338,2015,1,23,28.6
IDCJAC0016,86338,2015,1,24,30.3
IDCJAC0016,86338,2015,1,25,25.4
IDCJAC0016,86338,2015,1,26,19.9
IDCJAC0016,86338,2015,1,27,17.7
IDCJAC0016,86338,2015,1,28,27
IDCJAC0016,86338,2015,1,29,28.9
IDCJAC0016,86338,2015,1,30,27.6
IDCJAC0016,86338,2015,1,31,26.2
IDCJAC0016,86338,2015,2,1,17.3
IDCJAC0016,86338,2015,2,2,23.9
IDCJAC0016,86338,2015,2,3,22.7
IDCJAC0016,86338,2015,2,4,21.2
IDCJAC0016,86338,2015,2,5,28.8
IDCJAC0016,86338,2015,2,6,28.4
IDCJAC0016,86338,2015,2,7,16.1
IDCJAC0016,86338,2015,2,8,16.6
IDCJAC0016,86338,2015,2,9,28.6
IDCJAC0016,86338,2015,2,10,27.7
IDCJAC0016,86338,2015,2,11,24.1
IDCJAC0016,86338,2015,2,12,23.8
IDCJAC0016,86338,2015,2,13,14.9
IDCJAC0016,86338,2015,2,14,20.8
IDCJAC0016,86338,2015,2,15,25.7
IDCJAC0016,86338,2015,2,16,26.3
IDCJAC0016,86338,2015,2,17,8.3
IDCJAC0016,86338,2015,2,18,7.8
IDCJAC0016,86338,2015,2,19,24.7
IDCJAC0016,86338,2015,2,20,24.7
IDCJAC0016,86338,2015,2,21,20
IDCJAC0016,86338,2015,2,22,11.7
IDCJAC0016,86338,2015,2,23,4.7
IDCJAC0016,86338,2015,2,24,21.4
IDCJAC0016,86338,2015,2,25,24.1
IDCJAC0016,86338,2015,2,26,18.5
IDCJAC0016,86338,2015,2,27,21.7
IDCJAC0016,86338,2015,2,28,6.9
IDCJAC0016,86338,2015,3,1,23.3
IDCJAC0016,86338,2015,3,2,22
IDCJAC0016,86338,2015,3,3,21.2
IDCJAC0016,86338,2015,3,4,23
IDCJAC0016,86338,2015,3,5,22.5
IDCJAC0016,86338,2015,3,6,10.8
IDCJAC0016,86338,2015,3,7,10.8
IDCJAC0016,86338,2015,3,8,20.4
IDCJAC0016,86338,2015,3,9,18.6
IDCJAC0016,86338,2015,3,10,22.1
IDCJAC0016,86338,2015,3,11,22.3
IDCJAC0016,86338,2015,3,12,18.7
IDCJAC0016,86338,2015,3,13,21.2
IDCJAC0016,86338,2015,3,14,20
IDCJAC0016,86338,2015,3,15,17.5
IDCJAC0016,86338,2015,3,16,14.5
IDCJAC0016,86338,2015,3,17,4.8
IDCJAC0016,86338,2015,3,18,9.4
IDCJAC0016,86338,2015,3,19,15.1
IDCJAC0016,86338,2015,3,20,19.9
IDCJAC0016,86338,2015,3,21,20.8
IDCJAC0016,86338,2015,3,22,19.9
IDCJAC0016,86338,2015,3,23,3.9
IDCJAC0016,86338,2015,3,24,3.8
IDCJAC0016,86338,2015,3,25,13.8
IDCJAC0016,86338,2015,3,26,9.9
IDCJAC0016,86338,2015,3,27,11.2
IDCJAC0016,86338,2015,3,28,14.4
IDCJAC0016,86338,2015,3,29,18.6
IDCJAC0016,86338,2015,3,30,18.1
IDCJAC0016,86338,2015,3,31,18.1
IDCJAC0016,86338,2015,4,1,10.7
IDCJAC0016,86338,2015,4,2,17.5
IDCJAC0016,86338,2015,4,3,17.4
IDCJAC0016,86338,2015,4,4,16.2
IDCJAC0016,86338,2015,4,5,9.8
IDCJAC0016,86338,2015,4,6,13
IDCJAC0016,86338,2015,4,7,3.9
IDCJAC0016,86338,2015,4,8,12.6
IDCJAC0016,86338,2015,4,9,10.9
IDCJAC0016,86338,2015,4,10,15.9
IDCJAC0016,86338,2015,4,11,14.9
IDCJAC0016,86338,2015,4,12,13.4
IDCJAC0016,86338,2015,4,13,14.9
IDCJAC0016,86338,2015,4,14,8.4
IDCJAC0016,86338,2015,4,15,12.8
IDCJAC0016,86338,2015,4,16,10.9
IDCJAC0016,86338,2015,4,17,7.5
IDCJAC0016,86338,2015,4,18,9.9
IDCJAC0016,86338,2015,4,19,11
IDCJAC0016,86338,2015,4,20,12.7
IDCJAC0016,86338,2015,4,21,13.8
IDCJAC0016,86338,2015,4,22,7.1
IDCJAC0016,86338,2015,4,23,7.5
IDCJAC0016,86338,2015,4,24,7.8
IDCJAC0016,86338,2015,4,25,3.5
IDCJAC0016,86338,2015,4,26,5.9
IDCJAC0016,86338,2015,4,27,8.3
IDCJAC0016,86338,2015,4,28,8.9
IDCJAC0016,86338,2015,4,29,12.6
IDCJAC0016,86338,2015,4,30,12.3
IDCJAC0016,86338,2015,5,1,12.1
IDCJAC0016,86338,2015,5,2,6.1
IDCJAC0016,86338,2015,5,3,11.2
IDCJAC0016,86338,2015,5,4,11.6
IDCJAC0016,86338,2015,5,5,7.1
IDCJAC0016,86338,2015,5,6,7.6
IDCJAC0016,86338,2015,5,7,6.9
IDCJAC0016,86338,2015,5,8,5.9
IDCJAC0016,86338,2015,5,9,7.3
IDCJAC0016,86338,2015,5,10,5.9
IDCJAC0016,86338,2015,5,11,7.9
IDCJAC0016,86338,2015,5,12,5.9
IDCJAC0016,86338,2015,5,13,8.7
IDCJAC0016,86338,2015,5,14,6.7
IDCJAC0016,86338,2015,5,15,6.2
IDCJAC0016,86338,2015,5,16,10.4
IDCJAC0016,86338,2015,5,17,10.3
IDCJAC0016,86338,2015,5,18,10.2
IDCJAC0016,86338,2015,5,19,3.2
IDCJAC0016,86338,2015,5,20,6
IDCJAC0016,86338,2015,5,21,3.5
IDCJAC0016,86338,2015,5,22,6.7
IDCJAC0016,86338,2015,5,23,7.7
IDCJAC0016,86338,2015,5,24,8.6
IDCJAC0016,86338,2015,5,25,8.1
IDCJAC0016,86338,2015,5,26,6.8
IDCJAC0016,86338,2015,5,27,7.4
IDCJAC0016,86338,2015,5,28,8.4
IDCJAC0016,86338,2015,5,29,6.6
IDCJAC0016,86338,2015,5,30,8
IDCJAC0016,86338,2015,5,31,4.9
IDCJAC0016,86338,2015,6,1,8.1
IDCJAC0016,86338,2015,6,2,4.6
IDCJAC0016,86338,2015,6,3,8.2
IDCJAC0016,86338,2015,6,4,5.5
IDCJAC0016,86338,2015,6,5,7
IDCJAC0016,86338,2015,6,6,6.4
IDCJAC0016,86338,2015,6,7,6.9
IDCJAC0016,86338,2015,6,8,8.2
IDCJAC0016,86338,2015,6,9,8.6
IDCJAC0016,86338,2015,6,10,7.1
IDCJAC0016,86338,2015,6,11,8.3
IDCJAC0016,86338,2015,6,12,6.9
IDCJAC0016,86338,2015,6,13,8
IDCJAC0016,86338,2015,6,14,8
IDCJAC0016,86338,2015,6,15,6.6
IDCJAC0016,86338,2015,6,16,3.3
IDCJAC0016,86338,2015,6,17,4.7
IDCJAC0016,86338,2015,6,18,4.2
IDCJAC0016,86338,2015,6,19,7.9
IDCJAC0016,86338,2015,6,20,7.1
IDCJAC0016,86338,2015,6,21,8.6
IDCJAC0016,86338,2015,6,22,6.2
IDCJAC0016,86338,2015,6,23,5.8
IDCJAC0016,86338,2015,6,24,7.7
IDCJAC0016,86338,2015,6,25,6.3
IDCJAC0016,86338,2015,6,26,7.1
IDCJAC0016,86338,2015,6,27,5
IDCJAC0016,86338,2015,6,28,4.1
IDCJAC0016,86338,2015,6,29,5.6
IDCJAC0016,86338,2015,6,30,7.9
IDCJAC0016,86338,2015,7,1,6.9
IDCJAC0016,86338,2015,7,2,7
IDCJAC0016,86338,2015,7,3,5
IDCJAC0016,86338,2015,7,4,2.8
IDCJAC0016,86338,2015,7,5,8.2
IDCJAC0016,86338,2015,7,6,4.4
IDCJAC0016,86338,2015,7,7,7
IDCJAC0016,86338,2015,7,8,8.5
IDCJAC0016,86338,2015,7,9,3.5
IDCJAC0016,86338,2015,7,10,5.8
IDCJAC0016,86338,2015,7,11,3.7
IDCJAC0016,86338,2015,7,12,2.9
IDCJAC0016,86338,2015,7,13,4.2
IDCJAC0016,86338,2015,7,14,4.8
IDCJAC0016,86338,2015,7,15,7.4
IDCJAC0016,86338,2015,7,16,8.1
IDCJAC0016,86338,2015,7,17,6.5
IDCJAC0016,86338,2015,7,18,9.5
IDCJAC0016,86338,2015,7,19,9.7
IDCJAC0016,86338,2015,7,20,9.7
IDCJAC0016,86338,2015,7,21,8.6
IDCJAC0016,86338,2015,7,22,6
IDCJAC0016,86338,2015,7,23,9.5
IDCJAC0016,86338,2015,7,24,4.4
IDCJAC0016,86338,2015,7,25,7.7
IDCJAC0016,86338,2015,7,26,8.5
IDCJAC0016,86338,2015,7,27,9.6
IDCJAC0016,86338,2015,7,28,10.2
IDCJAC0016,86338,2015,7,29,9
IDCJAC0016,86338,2015,7,30,4.5
IDCJAC0016,86338,2015,7,31,10.8
IDCJAC0016,86338,2015,8,1,4.2
IDCJAC0016,86338,2015,8,2,8.3
IDCJAC0016,86338,2015,8,3,9.4
IDCJAC0016,86338,2015,8,4,7.1
IDCJAC0016,86338,2015,8,5,8
IDCJAC0016,86338,2015,8,6,7
IDCJAC0016,86338,2015,8,7,9
IDCJAC0016,86338,2015,8,8,6.6
IDCJAC0016,86338,2015,8,9,6.9
IDCJAC0016,86338,2015,8,10,10.7
IDCJAC0016,86338,2015,8,11,11.7
IDCJAC0016,86338,2015,8,12,9.2
IDCJAC0016,86338,2015,8,13,7
IDCJAC0016,86338,2015,8,14,7.3
IDCJAC0016,86338,2015,8,15,10.9
IDCJAC0016,86338,2015,8,16,9.5
IDCJAC0016,86338,2015,8,17,9.9
IDCJAC0016,86338,2015,8,18,9.8
IDCJAC0016,86338,2015,8,19,10.2
IDCJAC0016,86338,2015,8,20,12.7
IDCJAC0016,86338,2015,8,21,4.1
IDCJAC0016,86338,2015,8,22,11.8
IDCJAC0016,86338,2015,8,23,13.1
IDCJAC0016,86338,2015,8,24,9.6
IDCJAC0016,86338,2015,8,25,8.1
IDCJAC0016,86338,2015,8,26,7.8
IDCJAC0016,86338,2015,8,27,2.7
IDCJAC0016,86338,2015,8,28,12.2
IDCJAC0016,86338,2015,8,29,9.1
IDCJAC0016,86338,2015,8,30,14.3
IDCJAC0016,86338,2015,8,31,11.5
IDCJAC0016,86338,2015,9,1,15.7
IDCJAC0016,86338,2015,9,2,10.5
IDCJAC0016,86338,2015,9,3,8
IDCJAC0016,86338,2015,9,4,13
IDCJAC0016,86338,2015,9,5,14.8
IDCJAC0016,86338,2015,9,6,11.8
IDCJAC0016,86338,2015,9,7,9.2
IDCJAC0016,86338,2015,9,8,11.1
IDCJAC0016,86338,2015,9,9,11.4
IDCJAC0016,86338,2015,9,10,17.3
IDCJAC0016,86338,2015,9,11,17.7
IDCJAC0016,86338,2015,9,12,10.2
IDCJAC0016,86338,2015,9,13,17.1
IDCJAC0016,86338,2015,9,14,17.8
IDCJAC0016,86338,2015,9,15,15
IDCJAC0016,86338,2015,9,16,17.6
IDCJAC0016,86338,2015,9,17,12.4
IDCJAC0016,86338,2015,9,18,8.1
IDCJAC0016,86338,2015,9,19,17
IDCJAC0016,86338,2015,9,20,17.3
IDCJAC0016,86338,2015,9,21,6.7
IDCJAC0016,86338,2015,9,22,17.4
IDCJAC0016,86338,2015,9,23,20.3
IDCJAC0016,86338,2015,9,24,18.2
IDCJAC0016,86338,2015,9,25,20.2
IDCJAC0016,86338,2015,9,26,20.1
IDCJAC0016,86338,2015,9,27,19.6
IDCJAC0016,86338,2015,9,28,13.6
IDCJAC0016,86338,2015,9,29,13.5
IDCJAC0016,86338,2015,9,30,16.8
IDCJAC0016,86338,2015,10,1,21.7
IDCJAC0016,86338,2015,10,2,21.7
IDCJAC0016,86338,2015,10,3,22.2
IDCJAC0016,86338,2015,10,4,22.2
IDCJAC0016,86338,2015,10,5,22
IDCJAC0016,86338,2015,10,6,18.9
IDCJAC0016,86338,2015,10,7,23.6
IDCJAC0016,86338,2015,10,8,23.3
IDCJAC0016,86338,2015,10,9,22
IDCJAC0016,86338,2015,10,10,11.9
IDCJAC0016,86338,2015,10,11,19.6
IDCJAC0016,86338,2015,10,12,13.4
IDCJAC0016,86338,2015,10,13,24.3
IDCJAC0016,86338,2015,10,14,24.4
IDCJAC0016,86338,2015,10,15,22.2
IDCJAC0016,86338,2015,10,16,8.4
IDCJAC0016,86338,2015,10,17,20.4
IDCJAC0016,86338,2015,10,18,24.2
IDCJAC0016,86338,2015,10,19,25.8
IDCJAC0016,86338,2015,10,20,14.4
IDCJAC0016,86338,2015,10,21,7.3
IDCJAC0016,86338,2015,10,22,8.5
IDCJAC0016,86338,2015,10,23,21
IDCJAC0016,86338,2015,10,24,25.1
IDCJAC0016,86338,2015,10,25,20.1
IDCJAC0016,86338,2015,10,26,14.5
IDCJAC0016,86338,2015,10,27,28.1
IDCJAC0016,86338,2015,10,28,27.6
IDCJAC0016,86338,2015,10,29,26.8
IDCJAC0016,86338,2015,10,30,22.6
IDCJAC0016,86338,2015,10,31,13.5
IDCJAC0016,86338,2015,11,1,10
IDCJAC0016,86338,2015,11,2,8.2
IDCJAC0016,86338,2015,11,3,25.4
IDCJAC0016,86338,2015,11,4,19.6
IDCJAC0016,86338,2015,11,5,16.4
IDCJAC0016,86338,2015,11,6,3.7
IDCJAC0016,86338,2015,11,7,25.2
IDCJAC0016,86338,2015,11,8,25.1
IDCJAC0016,86338,2015,11,9,26.4
IDCJAC0016,86338,2015,11,10,5.3
IDCJAC0016,86338,2015,11,11,16
IDCJAC0016,86338,2015,11,12,19.2
IDCJAC0016,86338,2015,11,13,26.1
IDCJAC0016,86338,2015,11,14,27.5
IDCJAC0016,86338,2015,11,15,27.6
IDCJAC0016,86338,2015,11,16,29.4
IDCJAC0016,86338,2015,11,17,24
IDCJAC0016,86338,2015,11,18,29.2
IDCJAC0016,86338,2015,11,19,20.6
IDCJAC0016,86338,2015,11,20,6.4
IDCJAC0016,86338,2015,11,21,20.9
IDCJAC0016,86338,2015,11,22,27.3
IDCJAC0016,86338,2015,11,23,27.3
IDCJAC0016,86338,2015,11,24,30
IDCJAC0016,86338,2015,11,25,9.3
IDCJAC0016,86338,2015,11,26,23.3
IDCJAC0016,86338,2015,11,27,16.8
IDCJAC0016,86338,2015,11,28,27.1
IDCJAC0016,86338,2015,11,29,23.4
IDCJAC0016,86338,2015,11,30,26.6
IDCJAC0016,86338,2015,12,1,24.4
IDCJAC0016,86338,2015,12,2,32.4
IDCJAC0016,86338,2015,12,3,30.1
IDCJAC0016,86338,2015,12,4,32.2
IDCJAC0016,86338,2015,12,5,27.9
IDCJAC0016,86338,2015,12,6,13.5
IDCJAC0016,86338,2015,12,7,8.7
IDCJAC0016,86338,2015,12,8,19.8
IDCJAC0016,86338,2015,12,9,27
IDCJAC0016,86338,2015,12,10,32
IDCJAC0016,86338,2015,12,11,13
IDCJAC0016,86338,2015,12,12,27.9
IDCJAC0016,86338,2015,12,13,28.6
IDCJAC0016,86338,2015,12,14,31.6
IDCJAC0016,86338,2015,12,15,30.3
IDCJAC0016,86338,2015,12,16,32.5
IDCJAC0016,86338,2015,12,17,33.1
IDCJAC0016,86338,2015,12,18,31.2
IDCJAC0016,86338,2015,12,19,20.5
IDCJAC0016,86338,2015,12,20,10.4
IDCJAC0016,86338,2015,12,21,25.4
IDCJAC0016,86338,2015,12,22,32.9
IDCJAC0016,86338,2015,12,23,32.4
IDCJAC0016,86338,2015,12,24,32.8
IDCJAC0016,86338,2015,12,25,33.3
IDCJAC0016,86338,2015,12,26,19.2
IDCJAC0016,86338,2015,12,27,27.6
IDCJAC0016,86338,2015,12,28,33.2
IDCJAC0016,86338,2015,12,29,33
IDCJAC0016,86338,2015,12,30,32.8
IDCJAC0016,86338,2015,12,31,29.6
IDCJAC0016,86338,2016,1,1,22
IDCJAC0016,86338,2016,1,2,25.1
IDCJAC0016,86338,2016,1,3,25.7
IDCJAC0016,86338,2016,1,4,15.3
IDCJAC0016,86338,2016,1,5,25.8
IDCJAC0016,86338,2016,1,6,18.1
IDCJAC0016,86338,2016,1,7,30.4
IDCJAC0016,86338,2016,1,8,25.4
IDCJAC0016,86338,2016,1,9,21.3
IDCJAC0016,86338,2016,1,10,31.3
IDCJAC0016,86338,2016,1,11,15.8
IDCJAC0016,86338,2016,1,12,29.1
IDCJAC0016,86338,2016,1,13,25
IDCJAC0016,86338,2016,1,14,3.9
IDCJAC0016,86338,2016,1,15,19.7
IDCJAC0016,86338,2016,1,16,32.6
IDCJAC0016,86338,2016,1,17,31.5
IDCJAC0016,86338,2016,1,18,30.4
IDCJAC0016,86338,2016,1,19,27.2
IDCJAC0016,86338,2016,1,20,18.6
IDCJAC0016,86338,2016,1,21,14.9
IDCJAC0016,86338,2016,1,22,6.5
IDCJAC0016,86338,2016,1,23,23.2
IDCJAC0016,86338,2016,1,24,23.4
IDCJAC0016,86338,2016,1,25,25.7
IDCJAC0016,86338,2016,1,26,28.7
IDCJAC0016,86338,2016,1,27,22.2
IDCJAC0016,86338,2016,1,28,19
IDCJAC0016,86338,2016,1,29,14.3
IDCJAC0016,86338,2016,1,30,24
IDCJAC0016,86338,2016,1,31,26.3
IDCJAC0016,86338,2016,2,1,29.4
IDCJAC0016,86338,2016,2,2,25.5
IDCJAC0016,86338,2016,2,3,11
IDCJAC0016,86338,2016,2,4,21.7
IDCJAC0016,86338,2016,2,5,29
IDCJAC0016,86338,2016,2,6,28.8
IDCJAC0016,86338,2016,2,7,28.5
IDCJAC0016,86338,2016,2,8,23.3
IDCJAC0016,86338,2016,2,9,27.7
IDCJAC0016,86338,2016,2,10,25.3
IDCJAC0016,86338,2016,2,11,27.6
IDCJAC0016,86338,2016,2,12,27.9
IDCJAC0016,86338,2016,2,13,23.4
IDCJAC0016,86338,2016,2,14,22.9
IDCJAC0016,86338,2016,2,15,25.4
IDCJAC0016,86338,2016,2,16,14.5
IDCJAC0016,86338,2016,2,17,16.2
IDCJAC0016,86338,2016,2,18,20.6
IDCJAC0016,86338,2016,2,19,11.2
IDCJAC0016,86338,2016,2,20,23.8
IDCJAC0016,86338,2016,2,21,26.5
IDCJAC0016,86338,2016,2,22,8.4
IDCJAC0016,86338,2016,2,23,19.4
IDCJAC0016,86338,2016,2,24,15.8
IDCJAC0016,86338,2016,2,25,13.8
IDCJAC0016,86338,2016,2,26,19.3
IDCJAC0016,86338,2016,2,27,17.7
IDCJAC0016,86338,2016,2,28,21.5
IDCJAC0016,86338,2016,2,29,18.2
IDCJAC0016,86338,2016,3,1,23.4
IDCJAC0016,86338,2016,3,2,22.6
IDCJAC0016,86338,2016,3,3,21.8
IDCJAC0016,86338,2016,3,4,21.2
IDCJAC0016,86338,2016,3,5,11.4
IDCJAC0016,86338,2016,3,6,21.3
IDCJAC0016,86338,2016,3,7,7.9
IDCJAC0016,86338,2016,3,8,20.8
IDCJAC0016,86338,2016,3,9,10.8
IDCJAC0016,86338,2016,3,10,3.9
IDCJAC0016,86338,2016,3,11,19.6
IDCJAC0016,86338,2016,3,12,7
IDCJAC0016,86338,2016,3,13,13.8
IDCJAC0016,86338,2016,3,14,10.6
IDCJAC0016,86338,2016,3,15,20.7
IDCJAC0016,86338,2016,3,16,18.9
IDCJAC0016,86338,2016,3,17,19.6
IDCJAC0016,86338,2016,3,18,6.7
IDCJAC0016,86338,2016,3,19,10.7
IDCJAC0016,86338,2016,3,20,19
IDCJAC0016,86338,2016,3,21,19.7
IDCJAC0016,86338,2016,3,22,21.1
IDCJAC0016,86338,2016,3,23,12.7
IDCJAC0016,86338,2016,3,24,10.4
IDCJAC0016,86338,2016,3,25,14.4
IDCJAC0016,86338,2016,3,26,8.2
IDCJAC0016,86338,2016,3,27,14
IDCJAC0016,86338,2016,3,28,13
IDCJAC0016,86338,2016,3,29,5.7
IDCJAC0016,86338,2016,3,30,8.5
IDCJAC0016,86338,2016,3,31,17.1
IDCJAC0016,86338,2016,4,1,16.7
IDCJAC0016,86338,2016,4,2,8.3
IDCJAC0016,86338,2016,4,3,15.4
IDCJAC0016,86338,2016,4,4,18.4
IDCJAC0016,86338,2016,4,5,17.1
IDCJAC0016,86338,2016,4,6,3.9
IDCJAC0016,86338,2016,4,7,13.1
IDCJAC0016,86338,2016,4,8,9.6
IDCJAC0016,86338,2016,4,9,13
IDCJAC0016,86338,2016,4,10,9.6
IDCJAC0016,86338,2016,4,11,14.1
IDCJAC0016,86338,2016,4,12,13.5
IDCJAC0016,86338,2016,4,13,12.6
IDCJAC0016,86338,2016,4,14,12.7
IDCJAC0016,86338,2016,4,15,15.9
IDCJAC0016,86338,2016,4,16,8.3
IDCJAC0016,86338,2016,4,17,14.7
IDCJAC0016,86338,2016,4,18,15
IDCJAC0016,86338,2016,4,19,14.5
IDCJAC0016,86338,2016,4,20,14
IDCJAC0016,86338,2016,4,21,5.6
IDCJAC0016,86338,2016,4,22,7.9
IDCJAC0016,86338,2016,4,23,8.5
IDCJAC0016,86338,2016,4,24,14.8
IDCJAC0016,86338,2016,4,25,14.8
IDCJAC0016,86338,2016,4,26,14.6
IDCJAC0016,86338,2016,4,27,13.5
IDCJAC0016,86338,2016,4,28,5.3
IDCJAC0016,86338,2016,4,29,3.7
IDCJAC0016,86338,2016,4,30,12.7
IDCJAC0016,86338,2016,5,1,9
IDCJAC0016,86338,2016,5,2,12.3
IDCJAC0016,86338,2016,5,3,8.8
IDCJAC0016,86338,2016,5,4,11.8
IDCJAC0016,86338,2016,5,5,12.3
IDCJAC0016,86338,2016,5,6,13.2
IDCJAC0016,86338,2016,5,7,12.6
IDCJAC0016,86338,2016,5,8,3.5
IDCJAC0016,86338,2016,5,9,6.7
IDCJAC0016,86338,2016,5,10,7.6
IDCJAC0016,86338,2016,5,11,6.3
IDCJAC0016,86338,2016,5,12,6.1
IDCJAC0016,86338,2016,5,13,9.9
IDCJAC0016,86338,2016,5,14,12.6
IDCJAC0016,86338,2016,5,15,6.7
IDCJAC0016,86338,2016,5,16,8.9
IDCJAC0016,86338,2016,5,17,5.4
IDCJAC0016,86338,2016,5,18,7.2
IDCJAC0016,86338,2016,5,19,2.2
IDCJAC0016,86338,2016,5,20,8.3
IDCJAC0016,86338,2016,5,21,8.9
IDCJAC0016,86338,2016,5,22,8.5
IDCJAC0016,86338,2016,5,23,7.1
IDCJAC0016,86338,2016,5,24,7.3
IDCJAC0016,86338,2016,5,25,4.9
IDCJAC0016,86338,2016,5,26,3.1
IDCJAC0016,86338,2016,5,27,8
IDCJAC0016,86338,2016,5,28,6.2
IDCJAC0016,86338,2016,5,29,6.5
IDCJAC0016,86338,2016,5,30,9.5
IDCJAC0016,86338,2016,5,31,9.5
IDCJAC0016,86338,2016,6,1,8.2
IDCJAC0016,86338,2016,6,2,9.2
IDCJAC0016,86338,2016,6,3,8.5
IDCJAC0016,86338,2016,6,4,3.7
IDCJAC0016,86338,2016,6,5,3.3
IDCJAC0016,86338,2016,6,6,7.1
IDCJAC0016,86338,2016,6,7,4.7
IDCJAC0016,86338,2016,6,8,4.7
IDCJAC0016,86338,2016,6,9,6
IDCJAC0016,86338,2016,6,10,6.6
IDCJAC0016,86338,2016,6,11,6.5
IDCJAC0016,86338,2016,6,12,7.3
IDCJAC0016,86338,2016,6,13,9
IDCJAC0016,86338,2016,6,14,8.3
IDCJAC0016,86338,2016,6,15,9.2
IDCJAC0016,86338,2016,6,16,5.1
IDCJAC0016,86338,2016,6,17,3.5
IDCJAC0016,86338,2016,6,18,5.3
IDCJAC0016,86338,2016,6,19,7.2
IDCJAC0016,86338,2016,6,20,3.4
IDCJAC0016,86338,2016,6,21,7
IDCJAC0016,86338,2016,6,22,6.6
IDCJAC0016,86338,2016,6,23,7.2
IDCJAC0016,86338,2016,6,24,5.8
IDCJAC0016,86338,2016,6,25,8.8
IDCJAC0016,86338,2016,6,26,7.7
IDCJAC0016,86338,2016,6,27,4.7
IDCJAC0016,86338,2016,6,28,7.8
IDCJAC0016,86338,2016,6,29,8.9
IDCJAC0016,86338,2016,6,30,5.6
IDCJAC0016,86338,2016,7,1,7.1
IDCJAC0016,86338,2016,7,2,6.7
IDCJAC0016,86338,2016,7,3,7.8
IDCJAC0016,86338,2016,7,4,3.6
IDCJAC0016,86338,2016,7,5,1.8
IDCJAC0016,86338,2016,7,6,4.6
IDCJAC0016,86338,2016,7,7,4.1
IDCJAC0016,86338,2016,7,8,7.4
IDCJAC0016,86338,2016,7,9,9.5
IDCJAC0016,86338,2016,7,10,3.6
IDCJAC0016,86338,2016,7,11,7.6
IDCJAC0016,86338,2016,7,12,8.1
IDCJAC0016,86338,2016,7,13,9
IDCJAC0016,86338,2016,7,14,7.8
IDCJAC0016,86338,2016,7,15,7.2
IDCJAC0016,86338,2016,7,16,10.2
IDCJAC0016,86338,2016,7,17,10.3
IDCJAC0016,86338,2016,7,18,8.8
IDCJAC0016,86338,2016,7,19,5.7
IDCJAC0016,86338,2016,7,20,9.2
IDCJAC0016,86338,2016,7,21,7.4
IDCJAC0016,86338,2016,7,22,5.1
IDCJAC0016,86338,2016,7,23,9
IDCJAC0016,86338,2016,7,24,10.3
IDCJAC0016,86338,2016,7,25,7.5
IDCJAC0016,86338,2016,7,26,7.2
IDCJAC0016,86338,2016,7,27,6.9
IDCJAC0016,86338,2016,7,28,6.3
IDCJAC0016,86338,2016,7,29,5
IDCJAC0016,86338,2016,7,30,8.5
IDCJAC0016,86338,2016,7,31,11.3
IDCJAC0016,86338,2016,8,1,5.2
IDCJAC0016,86338,2016,8,2,11.2
IDCJAC0016,86338,2016,8,3,8.4
IDCJAC0016,86338,2016,8,4,11.1
IDCJAC0016,86338,2016,8,5,8.7
IDCJAC0016,86338,2016,8,6,7
IDCJAC0016,86338,2016,8,7,10.4
IDCJAC0016,86338,2016,8,8,8
IDCJAC0016,86338,2016,8,9,7.8
IDCJAC0016,86338,2016,8,10,11.3
IDCJAC0016,86338,2016,8,11,10.3
IDCJAC0016,86338,2016,8,12,11.7
IDCJAC0016,86338,2016,8,13,9.5
IDCJAC0016,86338,2016,8,14,11.6
IDCJAC0016,86338,2016,8,15,13.4
IDCJAC0016,86338,2016,8,16,13.5
IDCJAC0016,86338,2016,8,17,9.6
IDCJAC0016,86338,2016,8,18,13.1
IDCJAC0016,86338,2016,8,19,2.7
IDCJAC0016,86338,2016,8,20,9.7
IDCJAC0016,86338,2016,8,21,7
IDCJAC0016,86338,2016,8,22,8.7
IDCJAC0016,86338,2016,8,23,14.2
IDCJAC0016,86338,2016,8,24,14
IDCJAC0016,86338,2016,8,25,13.5
IDCJAC0016,86338,2016,8,26,8.8
IDCJAC0016,86338,2016,8,27,11.7
IDCJAC0016,86338,2016,8,28,12.2
IDCJAC0016,86338,2016,8,29,14.2
IDCJAC0016,86338,2016,8,30,5.2
IDCJAC0016,86338,2016,8,31,10.1
IDCJAC0016,86338,2016,9,1,8.8
IDCJAC0016,86338,2016,9,2,9.6
IDCJAC0016,86338,2016,9,3,12.9
IDCJAC0016,86338,2016,9,4,10
IDCJAC0016,86338,2016,9,5,11.7
IDCJAC0016,86338,2016,9,6,15.8
IDCJAC0016,86338,2016,9,7,16.7
IDCJAC0016,86338,2016,9,8,16
IDCJAC0016,86338,2016,9,9,5.9
IDCJAC0016,86338,2016,9,10,7.9
IDCJAC0016,86338,2016,9,11,11.8
IDCJAC0016,86338,2016,9,12,7
IDCJAC0016,86338,2016,9,13,2.8
IDCJAC0016,86338,2016,9,14,13.2
IDCJAC0016,86338,2016,9,15,6.9
IDCJAC0016,86338,2016,9,16,12.5
IDCJAC0016,86338,2016,9,17,18.8
IDCJAC0016,86338,2016,9,18,5.5
IDCJAC0016,86338,2016,9,19,16.2
IDCJAC0016,86338,2016,9,20,18.5
IDCJAC0016,86338,2016,9,21,8.8
IDCJAC0016,86338,2016,9,22,9.9
IDCJAC0016,86338,2016,9,23,16.5
IDCJAC0016,86338,2016,9,24,18.4
IDCJAC0016,86338,2016,9,25,17.1
IDCJAC0016,86338,2016,9,26,13.6
IDCJAC0016,86338,2016,9,27,13.4
IDCJAC0016,86338,2016,9,28,19.6
IDCJAC0016,86338,2016,9,29,16.2
IDCJAC0016,86338,2016,9,30,16.6
IDCJAC0016,86338,2016,10,1,11.9
IDCJAC0016,86338,2016,10,2,18.7
IDCJAC0016,86338,2016,10,3,13.7
IDCJAC0016,86338,2016,10,4,13.2
IDCJAC0016,86338,2016,10,5,7.5
IDCJAC0016,86338,2016,10,6,22.6
IDCJAC0016,86338,2016,10,7,7.8
IDCJAC0016,86338,2016,10,8,23
IDCJAC0016,86338,2016,10,9,14.1
IDCJAC0016,86338,2016,10,10,18.4
IDCJAC0016,86338,2016,10,11,16.7
IDCJAC0016,86338,2016,10,12,12.9
IDCJAC0016,86338,2016,10,13,22.8
IDCJAC0016,86338,2016,10,14,24.5
IDCJAC0016,86338,2016,10,15,21.8
IDCJAC0016,86338,2016,10,16,8
IDCJAC0016,86338,2016,10,17,14.8
IDCJAC0016,86338,2016,10,18,16.5
IDCJAC0016,86338,2016,10,19,22.1
IDCJAC0016,86338,2016,10,20,25.6
IDCJAC0016,86338,2016,10,21,1.9
IDCJAC0016,86338,2016,10,22,16.9
IDCJAC0016,86338,2016,10,23,18.7
IDCJAC0016,86338,2016,10,24,20.3
IDCJAC0016,86338,2016,10,25,23.1
IDCJAC0016,86338,2016,10,26,9
IDCJAC0016,86338,2016,10,27,25.8
IDCJAC0016,86338,2016,10,28,26.5
IDCJAC0016,86338,2016,10,29,25.8
IDCJAC0016,86338,2016,10,30,19.5
IDCJAC0016,86338,2016,10,31,19
IDCJAC0016,86338,2016,11,1,17.7
IDCJAC0016,86338,2016,11,2,13.3
IDCJAC0016,86338,2016,11,3,28
IDCJAC0016,86338,2016,11,4,24.9
IDCJAC0016,86338,2016,11,5,10.8
IDCJAC0016,86338,2016,11,6,25.2
IDCJAC0016,86338,2016,11,7,15.9
IDCJAC0016,86338,2016,11,8,28.9
IDCJAC0016,86338,2016,11,9,22
IDCJAC0016,86338,2016,11,10,20.3
IDCJAC0016,86338,2016,11,11,29.1
IDCJAC0016,86338,2016,11,12,17
IDCJAC0016,86338,2016,11,13,9.7
IDCJAC0016,86338,2016,11,14,14.8
IDCJAC0016,86338,2016,11,15,17.1
IDCJAC0016,86338,2016,11,16,25.8
IDCJAC0016,86338,2016,11,17,28.8
IDCJAC0016,86338,2016,11,18,15.6
IDCJAC0016,86338,2016,11,19,29.9
IDCJAC0016,86338,2016,11,20,22.1
IDCJAC0016,86338,2016,11,21,19.8
IDCJAC0016,86338,2016,11,22,1.5
IDCJAC0016,86338,2016,11,23,16.9
IDCJAC0016,86338,2016,11,24,21.6
IDCJAC0016,86338,2016,11,25,15.7
IDCJAC0016,86338,2016,11,26,18.8
IDCJAC0016,86338,2016,11,27,10.1
IDCJAC0016,86338,2016,11,28,24.4
IDCJAC0016,86338,2016,11,29,31
IDCJAC0016,86338,2016,11,30,9.6
IDCJAC0016,86338,2016,12,1,28
IDCJAC0016,86338,2016,12,2,29.7
IDCJAC0016,86338,2016,12,3,31.2
IDCJAC0016,86338,2016,12,4,14.1
IDCJAC0016,86338,2016,12,5,21.6
IDCJAC0016,86338,2016,12,6,24.2
IDCJAC0016,86338,2016,12,7,30.8
IDCJAC0016,86338,2016,12,8,11.6
IDCJAC0016,86338,2016,12,9,23.2
IDCJAC0016,86338,2016,12,10,24.2
IDCJAC0016,86338,2016,12,11,27
IDCJAC0016,86338,2016,12,12,30
IDCJAC0016,86338,2016,12,13,14.1
IDCJAC0016,86338,2016,12,14,21.3
IDCJAC0016,86338,2016,12,15,30.8
IDCJAC0016,86338,2016,12,16,20.5
IDCJAC0016,86338,2016,12,17,22.5
IDCJAC0016,86338,2016,12,18,30.3
IDCJAC0016,86338,2016,12,19,29.3
IDCJAC0016,86338,2016,12,20,26
IDCJAC0016,86338,2016,12,21,28.8
IDCJAC0016,86338,2016,12,22,29.6
IDCJAC0016,86338,2016,12,23,28.7
IDCJAC0016,86338,2016,12,24,26.3
IDCJAC0016,86338,2016,12,25,32.3
IDCJAC0016,86338,2016,12,26,10.2
IDCJAC0016,86338,2016,12,27,5.8
IDCJAC0016,86338,2016,12,28,15.1
IDCJAC0016,86338,2016,12,29,15.7
IDCJAC0016,86338,2016,12,30,28.8
IDCJAC0016,86338,2016,12,31,30.8
IDCJAC0016,86338,2017,1,1,8.5
IDCJAC0016,86338,2017,1,2,7.8
IDCJAC0016,86338,2017,1,3,25.9
IDCJAC0016,86338,2017,1,4,31.6
IDCJAC0016,86338,2017,1,5,29.7
IDCJAC0016,86338,2017,1,6,30.1
IDCJAC0016,86338,2017,1,7,28.5
IDCJAC0016,86338,2017,1,8,29.3
IDCJAC0016,86338,2017,1,9,14.3
IDCJAC0016,86338,2017,1,10,28.6
IDCJAC0016,86338,2017,1,11,25.9
IDCJAC0016,86338,2017,1,12,30.7
IDCJAC0016,86338,2017,1,13,1.3
IDCJAC0016,86338,2017,1,14,16.5
IDCJAC0016,86338,2017,1,15,22.7
IDCJAC0016,86338,2017,1,16,30.5
IDCJAC0016,86338,2017,1,17,25.5
IDCJAC0016,86338,2017,1,18,27.5
IDCJAC0016,86338,2017,1,19,29.7
IDCJAC0016,86338,2017,1,20,13.2
IDCJAC0016,86338,2017,1,21,25.1
IDCJAC0016,86338,2017,1,22,30.3
IDCJAC0016,86338,2017,1,23,19.2
IDCJAC0016,86338,2017,1,24,27.6
IDCJAC0016,86338,2017,1,25,29.8
IDCJAC0016,86338,2017,1,26,16.9
IDCJAC0016,86338,2017,1,27,29.3
IDCJAC0016,86338,2017,1,28,29.2
IDCJAC0016,86338,2017,1,29,29.4
IDCJAC0016,86338,2017,1,30,3.7
IDCJAC0016,86338,2017,1,31,26.8
IDCJAC0016,86338,2017,2,1,9.3
IDCJAC0016,86338,2017,2,2,28.2
IDCJAC0016,86338,2017,2,3,28.1
IDCJAC0016,86338,2017,2,4,27.3
IDCJAC0016,86338,2017,2,5,9.3
IDCJAC0016,86338,2017,2,6,3.9
IDCJAC0016,86338,2017,2,7,27.9
IDCJAC0016,86338,2017,2,8,27.7
IDCJAC0016,86338,2017,2,9,24.4
IDCJAC0016,86338,2017,2,10,21.3
IDCJAC0016,86338,2017,2,11,21
IDCJAC0016,86338,2017,2,12,12.6
IDCJAC0016,86338,2017,2,13,20.5
IDCJAC0016,86338,2017,2,14,15.6
IDCJAC0016,86338,2017,2,15,26
IDCJAC0016,86338,2017,2,16,23.2
IDCJAC0016,86338,2017,2,17,18.4
IDCJAC0016,86338,2017,2,18,16.1
IDCJAC0016,86338,2017,2,19,9.9
IDCJAC0016,86338,2017,2,20,22.4
IDCJAC0016,86338,2017,2,21,25
IDCJAC0016,86338,2017,2,22,23.1
IDCJAC0016,86338,2017,2,23,23.5
IDCJAC0016,86338,2017,2,24,13.2
IDCJAC0016,86338,2017,2,25,23.9
IDCJAC0016,86338,2017,2,26,24.2
IDCJAC0016,86338,2017,2,27,23.9
IDCJAC0016,86338,2017,2,28,23.6
IDCJAC0016,86338,2017,3,1,23.7
IDCJAC0016,86338,2017,3,2,22
IDCJAC0016,86338,2017,3,3,18.1
IDCJAC0016,86338,2017,3,4,23
IDCJAC0016,86338,2017,3,5,16.8
IDCJAC0016,86338,2017,3,6,22.3
IDCJAC0016,86338,2017,3,7,22.4
IDCJAC0016,86338,2017,3,8,22.1
IDCJAC0016,86338,2017,3,9,21.1
IDCJAC0016,86338,2017,3,10,19.4
IDCJAC0016,86338,2017,3,11,13.9
IDCJAC0016,86338,2017,3,12,19.6
IDCJAC0016,86338,2017,3,13,20.7
IDCJAC0016,86338,2017,3,14,20.8
IDCJAC0016,86338,2017,3,15,18.9
IDCJAC0016,86338,2017,3,16,4.8
IDCJAC0016,86338,2017,3,17,20.1
IDCJAC0016,86338,2017,3,18,19.9
IDCJAC0016,86338,2017,3,19,19.7
IDCJAC0016,86338,2017,3,20,11.3
IDCJAC0016,86338,2017,3,21,6.1
IDCJAC0016,86338,2017,3,22,7.3
IDCJAC0016,86338,2017,3,23,17.2
IDCJAC0016,86338,2017,3,24,16.1
IDCJAC0016,86338,2017,3,25,13.5
IDCJAC0016,86338,2017,3,26,14.6
IDCJAC0016,86338,2017,3,27,7.6
IDCJAC0016,86338,2017,3,28,17.8
IDCJAC0016,86338,2017,3,29,14.7
IDCJAC0016,86338,2017,3,30,13
IDCJAC0016,86338,2017,3,31,12.3
IDCJAC0016,86338,2017,4,1,13.5
IDCJAC0016,86338,2017,4,2,10.1
IDCJAC0016,86338,2017,4,3,16.8
IDCJAC0016,86338,2017,4,4,16.4
IDCJAC0016,86338,2017,4,5,15.8
IDCJAC0016,86338,2017,4,6,13.5
IDCJAC0016,86338,2017,4,7,15.6
IDCJAC0016,86338,2017,4,8,13.8
IDCJAC0016,86338,2017,4,9,6.5
IDCJAC0016,86338,2017,4,10,3
IDCJAC0016,86338,2017,4,11,13.5
IDCJAC0016,86338,2017,4,12,14
IDCJAC0016,86338,2017,4,13,13.9
IDCJAC0016,86338,2017,4,14,8.9
IDCJAC0016,86338,2017,4,15,9.7
IDCJAC0016,86338,2017,4,16,10.1
IDCJAC0016,86338,2017,4,17,10.9
IDCJAC0016,86338,2017,4,18,13.7
IDCJAC0016,86338,2017,4,19,12.7
IDCJAC0016,86338,2017,4,20,12.4
IDCJAC0016,86338,2017,4,21,3.6
IDCJAC0016,86338,2017,4,22,11.8
IDCJAC0016,86338,2017,4,23,11.9
IDCJAC0016,86338,2017,4,24,9.9
IDCJAC0016,86338,2017,4,25,5.8
IDCJAC0016,86338,2017,4,26,6.4
IDCJAC0016,86338,2017,4,27,7.1
IDCJAC0016,86338,2017,4,28,6
IDCJAC0016,86338,2017,4,29,7.9
IDCJAC0016,86338,2017,4,30,7.3
IDCJAC0016,86338,2017,5,1,8.7
IDCJAC0016,86338,2017,5,2,9.4
IDCJAC0016,86338,2017,5,3,10.8
IDCJAC0016,86338,2017,5,4,12
IDCJAC0016,86338,2017,5,5,10.6
IDCJAC0016,86338,2017,5,6,6.1
IDCJAC0016,86338,2017,5,7,9.4
IDCJAC0016,86338,2017,5,8,7.2
IDCJAC0016,86338,2017,5,9,7.3
IDCJAC0016,86338,2017,5,10,11.3
IDCJAC0016,86338,2017,5,11,8.6
IDCJAC0016,86338,2017,5,12,9.9
IDCJAC0016,86338,2017,5,13,10.1
IDCJAC0016,86338,2017,5,14,7.7
IDCJAC0016,86338,2017,5,15,8.2
IDCJAC0016,86338,2017,5,16,9
IDCJAC0016,86338,2017,5,17,3.8
IDCJAC0016,86338,2017,5,18,9.8
IDCJAC0016,86338,2017,5,19,2.5
IDCJAC0016,86338,2017,5,20,9.8
IDCJAC0016,86338,2017,5,21,6.8
IDCJAC0016,86338,2017,5,22,10.1
IDCJAC0016,86338,2017,5,23,7.4
IDCJAC0016,86338,2017,5,24,8
IDCJAC0016,86338,2017,5,25,5.7
IDCJAC0016,86338,2017,5,26,8.2
IDCJAC0016,86338,2017,5,27,8.3
IDCJAC0016,86338,2017,5,28,7.6
IDCJAC0016,86338,2017,5,29,8
IDCJAC0016,86338,2017,5,30,6.9
IDCJAC0016,86338,2017,5,31,8.5
IDCJAC0016,86338,2017,6,1,4.7
IDCJAC0016,86338,2017,6,2,7.3
IDCJAC0016,86338,2017,6,3,8.3
IDCJAC0016,86338,2017,6,4,9.3
IDCJAC0016,86338,2017,6,5,5
IDCJAC0016,86338,2017,6,6,6.3
IDCJAC0016,86338,2017,6,7,9.2
IDCJAC0016,86338,2017,6,8,7.2
IDCJAC0016,86338,2017,6,9,7.8
IDCJAC0016,86338,2017,6,10,8.9
IDCJAC0016,86338,2017,6,11,8.6
IDCJAC0016,86338,2017,6,12,5.1
IDCJAC0016,86338,2017,6,13,6.6
IDCJAC0016,86338,2017,6,14,8.9
IDCJAC0016,86338,2017,6,15,7.4
IDCJAC0016,86338,2017,6,16,8.9
IDCJAC0016,86338,2017,6,17,9.2
IDCJAC0016,86338,2017,6,18,7.9
IDCJAC0016,86338,2017,6,19,6
IDCJAC0016,86338,2017,6,20,9.2
IDCJAC0016,86338,2017,6,21,5
IDCJAC0016,86338,2017,6,22,6.7
IDCJAC0016,86338,2017,6,23,8.2
IDCJAC0016,86338,2017,6,24,7.3
IDCJAC0016,86338,2017,6,25,5.3
IDCJAC0016,86338,2017,6,26,7.8
IDCJAC0016,86338,2017,6,27,4.4
IDCJAC0016,86338,2017,6,28,5.4
IDCJAC0016,86338,2017,6,29,5
IDCJAC0016,86338,2017,6,30,8.4
IDCJAC0016,86338,2017,7,1,9.3
IDCJAC0016,86338,2017,7,2,9.2
IDCJAC0016,86338,2017,7,3,3.9
IDCJAC0016,86338,2017,7,4,6.4
IDCJAC0016,86338,2017,7,5,6.5
IDCJAC0016,86338,2017,7,6,8.7
IDCJAC0016,86338,2017,7,7,9.4
IDCJAC0016,86338,2017,7,8,5.1
IDCJAC0016,86338,2017,7,9,7.3
IDCJAC0016,86338,2017,7,10,5.7
IDCJAC0016,86338,2017,7,11,9.7
IDCJAC0016,86338,2017,7,12,9.8
IDCJAC0016,86338,2017,7,13,5.5
IDCJAC0016,86338,2017,7,14,8.6
IDCJAC0016,86338,2017,7,15,9.4
IDCJAC0016,86338,2017,7,16,7.8
IDCJAC0016,86338,2017,7,17,6.3
IDCJAC0016,86338,2017,7,18,5.8
IDCJAC0016,86338,2017,7,19,7.7
IDCJAC0016,86338,2017,7,20,5.9
IDCJAC0016,86338,2017,7,21,10.3
IDCJAC0016,86338,2017,7,22,7
IDCJAC0016,86338,2017,7,23,5.4
IDCJAC0016,86338,2017,7,24,8.3
IDCJAC0016,86338,2017,7,25,9
IDCJAC0016,86338,2017,7,26,8.7
IDCJAC0016,86338,2017,7,27,8.7
IDCJAC0016,86338,2017,7,28,9.8
IDCJAC0016,86338,2017,7,29,10.1
IDCJAC0016,86338,2017,7,30,8.3
IDCJAC0016,86338,2017,7,31,11.5
IDCJAC0016,86338,2017,8,1,11.5
IDCJAC0016,86338,2017,8,2,7.5
IDCJAC0016,86338,2017,8,3,4.4
IDCJAC0016,86338,2017,8,4,7.2
IDCJAC0016,86338,2017,8,5,11.7
IDCJAC0016,86338,2017,8,6,8.2
IDCJAC0016,86338,2017,8,7,7.3
IDCJAC0016,86338,2017,8,8,7.5
IDCJAC0016,86338,2017,8,9,11.5
IDCJAC0016,86338,2017,8,10,8.4
IDCJAC0016,86338,2017,8,11,9.3
IDCJAC0016,86338,2017,8,12,9.9
IDCJAC0016,86338,2017,8,13,11.1
IDCJAC0016,86338,2017,8,14,12.6
IDCJAC0016,86338,2017,8,15,3.2
IDCJAC0016,86338,2017,8,16,10.9
IDCJAC0016,86338,2017,8,17,9.1
IDCJAC0016,86338,2017,8,18,9.4
IDCJAC0016,86338,2017,8,19,11.6
IDCJAC0016,86338,2017,8,20,13.9
IDCJAC0016,86338,2017,8,21,7.9
IDCJAC0016,86338,2017,8,22,11.1
IDCJAC0016,86338,2017,8,23,9.7
IDCJAC0016,86338,2017,8,24,13
IDCJAC0016,86338,2017,8,25,13.3
IDCJAC0016,86338,2017,8,26,8.5
IDCJAC0016,86338,2017,8,27,11.8
IDCJAC0016,86338,2017,8,28,14.6
IDCJAC0016,86338,2017,8,29,9.1
IDCJAC0016,86338,2017,8,30,12.3
IDCJAC0016,86338,2017,8,31,15.9
IDCJAC0016,86338,2017,9,1,14.4
IDCJAC0016,86338,2017,9,2,6.3
IDCJAC0016,86338,2017,9,3,6.3
IDCJAC0016,86338,2017,9,4,13.4
IDCJAC0016,86338,2017,9,5,11
IDCJAC0016,86338,2017,9,6,11
IDCJAC0016,86338,2017,9,7,9.5
IDCJAC0016,86338,2017,9,8,13.1
IDCJAC0016,86338,2017,9,9,15.9
IDCJAC0016,86338,2017,9,10,12.3
IDCJAC0016,86338,2017,9,11,7
IDCJAC0016,86338,2017,9,12,3.5
IDCJAC0016,86338,2017,9,13,8.2
IDCJAC0016,86338,2017,9,14,10.8
IDCJAC0016,86338,2017,9,15,7
IDCJAC0016,86338,2017,9,16,16.7
IDCJAC0016,86338,2017,9,17,19
IDCJAC0016,86338,2017,9,18,15.7
IDCJAC0016,86338,2017,9,19,16.6
IDCJAC0016,86338,2017,9,20,17.3
IDCJAC0016,86338,2017,9,21,13
IDCJAC0016,86338,2017,9,22,15.6
IDCJAC0016,86338,2017,9,23,17.3
IDCJAC0016,86338,2017,9,24,12
IDCJAC0016,86338,2017,9,25,10.9
IDCJAC0016,86338,2017,9,26,20.4
IDCJAC0016,86338,2017,9,27,11.7
IDCJAC0016,86338,2017,9,28,12.8
IDCJAC0016,86338,2017,9,29,14.5
IDCJAC0016,86338,2017,9,30,16.1
IDCJAC0016,86338,2017,10,1,9.2
IDCJAC0016,86338,2017,10,2,16.4
IDCJAC0016,86338,2017,10,3,21.8
IDCJAC0016,86338,2017,10,4,21.6
IDCJAC0016,86338,2017,10,5,10.4
IDCJAC0016,86338,2017,10,6,16.8
IDCJAC0016,86338,2017,10,7,17.3
IDCJAC0016,86338,2017,10,8,19.5
IDCJAC0016,86338,2017,10,9,16.7
IDCJAC0016,86338,2017,10,10,23.6
IDCJAC0016,86338,2017,10,11,7.5
IDCJAC0016,86338,2017,10,12,15.6
IDCJAC0016,86338,2017,10,13,12.5
IDCJAC0016,86338,2017,10,14,23.6
IDCJAC0016,86338,2017,10,15,24.5
IDCJAC0016,86338,2017,10,16,23.8
IDCJAC0016,86338,2017,10,17,24.9
IDCJAC0016,86338,2017,10,18,25.1
IDCJAC0016,86338,2017,10,19,9.8
IDCJAC0016,86338,2017,10,20,24
IDCJAC0016,86338,2017,10,21,12.8
IDCJAC0016,86338,2017,10,22,13
IDCJAC0016,86338,2017,10,23,21.8
IDCJAC0016,86338,2017,10,24,18.7
IDCJAC0016,86338,2017,10,25,12.5
IDCJAC0016,86338,2017,10,26,12.2
IDCJAC0016,86338,2017,10,27,26.1
IDCJAC0016,86338,2017,10,28,16.8
IDCJAC0016,86338,2017,10,29,27.1
IDCJAC0016,86338,2017,10,30,17
IDCJAC0016,86338,2017,10,31,24.8
IDCJAC0016,86338,2017,11,1,14.2
IDCJAC0016,86338,2017,11,2,17
IDCJAC0016,86338,2017,11,3,20.5
IDCJAC0016,86338,2017,11,4,24.6
IDCJAC0016,86338,2017,11,5,24.1
IDCJAC0016,86338,2017,11,6,18.9
IDCJAC0016,86338,2017,11,7,18.8
IDCJAC0016,86338,2017,11,8,25.4
IDCJAC0016,86338,2017,11,9,28.8
IDCJAC0016,86338,2017,11,10,23.7
IDCJAC0016,86338,2017,11,11,28.8
IDCJAC0016,86338,2017,11,12,25
IDCJAC0016,86338,2017,11,13,29.5
IDCJAC0016,86338,2017,11,14,29.5
IDCJAC0016,86338,2017,11,15,16.9
IDCJAC0016,86338,2017,11,16,4.8
IDCJAC0016,86338,2017,11,17,22.9
IDCJAC0016,86338,2017,11,18,20.1
IDCJAC0016,86338,2017,11,19,27.5
IDCJAC0016,86338,2017,11,20,28.6
IDCJAC0016,86338,2017,11,21,29.5
IDCJAC0016,86338,2017,11,22,30.6
IDCJAC0016,86338,2017,11,23,18.9
IDCJAC0016,86338,2017,11,24,13.8
IDCJAC0016,86338,2017,11,25,17
IDCJAC0016,86338,2017,11,26,
IDCJAC0016,86338,2017,11,27,20.5
IDCJAC0016,86338,2017,11,28,31.1
IDCJAC0016,86338,2017,11,29,28.3
IDCJAC0016,86338,2017,11,30,23.1
IDCJAC0016,86338,2017,12,1,1.6
IDCJAC0016,86338,2017,12,2,0.7
IDCJAC0016,86338,2017,12,3,14.4
IDCJAC0016,86338,2017,12,4,7.9
IDCJAC0016,86338,2017,12,5,22.9
IDCJAC0016,86338,2017,12,6,23.6
IDCJAC0016,86338,2017,12,7,19.8
IDCJAC0016,86338,2017,12,8,28.5
IDCJAC0016,86338,2017,12,9,19.2
IDCJAC0016,86338,2017,12,10,31.4
IDCJAC0016,86338,2017,12,11,26.3
IDCJAC0016,86338,2017,12,12,31.3
IDCJAC0016,86338,2017,12,13,32
IDCJAC0016,86338,2017,12,14,21.7
IDCJAC0016,86338,2017,12,15,32.1
IDCJAC0016,86338,2017,12,16,31
IDCJAC0016,86338,2017,12,17,30.5
IDCJAC0016,86338,2017,12,18,22.1
IDCJAC0016,86338,2017,12,19,12.1
IDCJAC0016,86338,2017,12,20,19
IDCJAC0016,86338,2017,12,21,31.9
IDCJAC0016,86338,2017,12,22,26.6
IDCJAC0016,86338,2017,12,23,21.2
IDCJAC0016,86338,2017,12,24,25.7
IDCJAC0016,86338,2017,12,25,29
IDCJAC0016,86338,2017,12,26,31.9
IDCJAC0016,86338,2017,12,27,30.6
IDCJAC0016,86338,2017,12,28,13.5
IDCJAC0016,86338,2017,12,29,9.3
IDCJAC0016,86338,2017,12,30,13.6
IDCJAC0016,86338,2017,12,31,31.7
IDCJAC0016,86338,2018,1,1,31.4
IDCJAC0016,86338,2018,1,2,29.7
IDCJAC0016,86338,2018,1,3,27.2
IDCJAC0016,86338,2018,1,4,31.8
IDCJAC0016,86338,2018,1,5,31.7
IDCJAC0016,86338,2018,1,6,31.5
IDCJAC0016,86338,2018,1,7,11
IDCJAC0016,86338,2018,1,8,17.5
IDCJAC0016,86338,2018,1,9,30
IDCJAC0016,86338,2018,1,10,23.5
IDCJAC0016,86338,2018,1,11,28.6
IDCJAC0016,86338,2018,1,12,1.7
IDCJAC0016,86338,2018,1,13,10.7
IDCJAC0016,86338,2018,1,14,27.5
IDCJAC0016,86338,2018,1,15,21.1
IDCJAC0016,86338,2018,1,16,31.1
IDCJAC0016,86338,2018,1,17,30.9
IDCJAC0016,86338,2018,1,18,30.8
IDCJAC0016,86338,2018,1,19,30.6
IDCJAC0016,86338,2018,1,20,20.2
IDCJAC0016,86338,2018,1,21,14.9
IDCJAC0016,86338,2018,1,22,27.3
IDCJAC0016,86338,2018,1,23,28.3
IDCJAC0016,86338,2018,1,24,27.5
IDCJAC0016,86338,2018,1,25,28.1
IDCJAC0016,86338,2018,1,26,19.9
IDCJAC0016,86338,2018,1,27,27.5
IDCJAC0016,86338,2018,1,28,28.5
IDCJAC0016,86338,2018,1,29,7.3
IDCJAC0016,86338,2018,1,30,14.1
IDCJAC0016,86338,2018,1,31,19.6
IDCJAC0016,86338,2018,2,1,28.9
IDCJAC0016,86338,2018,2,2,28.4
IDCJAC0016,86338,2018,2,3,26.7
IDCJAC0016,86338,2018,2,4,28.5
IDCJAC0016,86338,2018,2,5,24
IDCJAC0016,86338,2018,2,6,27.6
IDCJAC0016,86338,2018,2,7,27.1
IDCJAC0016,86338,2018,2,8,15.8
IDCJAC0016,86338,2018,2,9,17.2
IDCJAC0016,86338,2018,2,10,6.6
IDCJAC0016,86338,2018,2,11,18.5
IDCJAC0016,86338,2018,2,12,22.2
IDCJAC0016,86338,2018,2,13,26
IDCJAC0016,86338,2018,2,14,22.8
IDCJAC0016,86338,2018,2,15,18.4
IDCJAC0016,86338,2018,2,16,24.8
IDCJAC0016,86338,2018,2,17,24.1
IDCJAC0016,86338,2018,2,18,20.5
IDCJAC0016,86338,2018,2,19,20.9
IDCJAC0016,86338,2018,2,20,25.5
IDCJAC0016,86338,2018,2,21,16
IDCJAC0016,86338,2018,2,22,16.8
IDCJAC0016,86338,2018,2,23,13.4
IDCJAC0016,86338,2018,2,24,4.8
IDCJAC0016,86338,2018,2,25,10
IDCJAC0016,86338,2018,2,26,24.3
IDCJAC0016,86338,2018,2,27,24
IDCJAC0016,86338,2018,2,28,19.6
IDCJAC0016,86338,2018,3,1,17.7
IDCJAC0016,86338,2018,3,2,19.6
IDCJAC0016,86338,2018,3,3,21.8
IDCJAC0016,86338,2018,3,4,22.2
IDCJAC0016,86338,2018,3,5,16.6
IDCJAC0016,86338,2018,3,6,22.6
IDCJAC0016,86338,2018,3,7,22.4
IDCJAC0016,86338,2018,3,8,22.1
IDCJAC0016,86338,2018,3,9,21.9
IDCJAC0016,86338,2018,3,10,21.6
IDCJAC0016,86338,2018,3,11,14.3
IDCJAC0016,86338,2018,3,12,10.2
IDCJAC0016,86338,2018,3,13,18.8
IDCJAC0016,86338,2018,3,14,17.7
IDCJAC0016,86338,2018,3,15,13.9
IDCJAC0016,86338,2018,3,16,15
IDCJAC0016,86338,2018,3,17,15.1
IDCJAC0016,86338,2018,3,18,13.4
IDCJAC0016,86338,2018,3,19,17.8
IDCJAC0016,86338,2018,3,20,9.5
IDCJAC0016,86338,2018,3,21,18.3
IDCJAC0016,86338,2018,3,22,19
IDCJAC0016,86338,2018,3,23,18.8
IDCJAC0016,86338,2018,3,24,5.4
IDCJAC0016,86338,2018,3,25,11.6
IDCJAC0016,86338,2018,3,26,11.9
IDCJAC0016,86338,2018,3,27,14
IDCJAC0016,86338,2018,3,28,17.8
IDCJAC0016,86338,2018,3,29,14.2
IDCJAC0016,86338,2018,3,30,14.3
IDCJAC0016,86338,2018,3,31,16.7
IDCJAC0016,86338,2018,4,1,11
IDCJAC0016,86338,2018,4,2,14.4
IDCJAC0016,86338,2018,4,3,13.9
IDCJAC0016,86338,2018,4,4,16.6
IDCJAC0016,86338,2018,4,5,9
IDCJAC0016,86338,2018,4,6,14.8
IDCJAC0016,86338,2018,4,7,16
IDCJAC0016,86338,2018,4,8,14.7
IDCJAC0016,86338,2018,4,9,13.6
IDCJAC0016,86338,2018,4,10,5.9
IDCJAC0016,86338,2018,4,11,10.9
IDCJAC0016,86338,2018,4,12,7.4
IDCJAC0016,86338,2018,4,13,14.4
IDCJAC0016,86338,2018,4,14,3.1
IDCJAC0016,86338,2018,4,15,4.9
IDCJAC0016,86338,2018,4,16,7.1
IDCJAC0016,86338,2018,4,17,8.9
IDCJAC0016,86338,2018,4,18,14.2
IDCJAC0016,86338,2018,4,19,13
IDCJAC0016,86338,2018,4,20,13.7
IDCJAC0016,86338,2018,4,21,11.3
IDCJAC0016,86338,2018,4,22,12.6
IDCJAC0016,86338,2018,4,23,13
IDCJAC0016,86338,2018,4,24,5.2
IDCJAC0016,86338,2018,4,25,7.7
IDCJAC0016,86338,2018,4,26,7.9
IDCJAC0016,86338,2018,4,27,8.8
IDCJAC0016,86338,2018,4,28,11.7
IDCJAC0016,86338,2018,4,29,9.6
IDCJAC0016,86338,2018,4,30,12.3
IDCJAC0016,86338,2018,5,1,12.3
IDCJAC0016,86338,2018,5,2,7.2
IDCJAC0016,86338,2018,5,3,4.4
IDCJAC0016,86338,2018,5,4,7.8
IDCJAC0016,86338,2018,5,5,6.5
IDCJAC0016,86338,2018,5,6,11
IDCJAC0016,86338,2018,5,7,6.2
IDCJAC0016,86338,2018,5,8,10.6
IDCJAC0016,86338,2018,5,9,7.5
IDCJAC0016,86338,2018,5,10,8.5
IDCJAC0016,86338,2018,5,11,3.7
IDCJAC0016,86338,2018,5,12,9
IDCJAC0016,86338,2018,5,13,10.8
IDCJAC0016,86338,2018,5,14,8.2
IDCJAC0016,86338,2018,5,15,4.6
IDCJAC0016,86338,2018,5,16,7.6
IDCJAC0016,86338,2018,5,17,6.9
IDCJAC0016,86338,2018,5,18,8
IDCJAC0016,86338,2018,5,19,6.5
IDCJAC0016,86338,2018,5,20,1.7
IDCJAC0016,86338,2018,5,21,5
IDCJAC0016,86338,2018,5,22,3.6
IDCJAC0016,86338,2018,5,23,6.5
IDCJAC0016,86338,2018,5,24,5.1
IDCJAC0016,86338,2018,5,25,9.5
IDCJAC0016,86338,2018,5,26,9.9
IDCJAC0016,86338,2018,5,27,8
IDCJAC0016,86338,2018,5,28,6
IDCJAC0016,86338,2018,5,29,8.1
IDCJAC0016,86338,2018,5,30,7.9
IDCJAC0016,86338,2018,5,31,7.6
IDCJAC0016,86338,2018,6,1,9.6
IDCJAC0016,86338,2018,6,2,9.6
IDCJAC0016,86338,2018,6,3,8.5
IDCJAC0016,86338,2018,6,4,9.3
IDCJAC0016,86338,2018,6,5,8.8
IDCJAC0016,86338,2018,6,6,9.4
IDCJAC0016,86338,2018,6,7,5.7
IDCJAC0016,86338,2018,6,8,3.3
IDCJAC0016,86338,2018,6,9,8
IDCJAC0016,86338,2018,6,10,9.3
IDCJAC0016,86338,2018,6,11,8.9
IDCJAC0016,86338,2018,6,12,6.7
IDCJAC0016,86338,2018,6,13,7.1
IDCJAC0016,86338,2018,6,14,7.8
IDCJAC0016,86338,2018,6,15,4.4
IDCJAC0016,86338,2018,6,16,7.1
IDCJAC0016,86338,2018,6,17,5.1
IDCJAC0016,86338,2018,6,18,5.9
IDCJAC0016,86338,2018,6,19,9
IDCJAC0016,86338,2018,6,20,8
IDCJAC0016,86338,2018,6,21,9.1
IDCJAC0016,86338,2018,6,22,8.5
IDCJAC0016,86338,2018,6,23,3.9
IDCJAC0016,86338,2018,6,24,5.7
IDCJAC0016,86338,2018,6,25,7.8
IDCJAC0016,86338,2018,6,26,6.6
IDCJAC0016,86338,2018,6,27,6
IDCJAC0016,86338,2018,6,28,5.2
IDCJAC0016,86338,2018,6,29,6.1
IDCJAC0016,86338,2018,6,30,4.9
IDCJAC0016,86338,2018,7,1,8.8
IDCJAC0016,86338,2018,7,2,9.4
IDCJAC0016,86338,2018,7,3,6.7
IDCJAC0016,86338,2018,7,4,6
IDCJAC0016,86338,2018,7,5,2.8
IDCJAC0016,86338,2018,7,6,8.3
IDCJAC0016,86338,2018,7,7,6.5
IDCJAC0016,86338,2018,7,8,6.2
IDCJAC0016,86338,2018,7,9,8.1
IDCJAC0016,86338,2018,7,10,5.4
IDCJAC0016,86338,2018,7,11,6
IDCJAC0016,86338,2018,7,12,7.5
IDCJAC0016,86338,2018,7,13,9.3
IDCJAC0016,86338,2018,7,14,10
IDCJAC0016,86338,2018,7,15,9.8
IDCJAC0016,86338,2018,7,16,4.5
IDCJAC0016,86338,2018,7,17,9.2
IDCJAC0016,86338,2018,7,18,10.3
IDCJAC0016,86338,2018,7,19,8.5
IDCJAC0016,86338,2018,7,20,7.2
IDCJAC0016,86338,2018,7,21,7.2
IDCJAC0016,86338,2018,7,22,10.5
IDCJAC0016,86338,2018,7,23,6.9
IDCJAC0016,86338,2018,7,24,7.1
IDCJAC0016,86338,2018,7,25,9.3
IDCJAC0016,86338,2018,7,26,8.9
IDCJAC0016,86338,2018,7,27,10.3
IDCJAC0016,86338,2018,7,28,9.3
IDCJAC0016,86338,2018,7,29,10
IDCJAC0016,86338,2018,7,30,7.3
IDCJAC0016,86338,2018,7,31,10.2
IDCJAC0016,86338,2018,8,1,11.4
IDCJAC0016,86338,2018,8,2,11.7
IDCJAC0016,86338,2018,8,3,6.3
IDCJAC0016,86338,2018,8,4,8.7
IDCJAC0016,86338,2018,8,5,11.2
IDCJAC0016,86338,2018,8,6,8.5
IDCJAC0016,86338,2018,8,7,9.6
IDCJAC0016,86338,2018,8,8,7.2
IDCJAC0016,86338,2018,8,9,8.6
IDCJAC0016,86338,2018,8,10,11.8
IDCJAC0016,86338,2018,8,11,7.4
IDCJAC0016,86338,2018,8,12,10.4
IDCJAC0016,86338,2018,8,13,8.6
IDCJAC0016,86338,2018,8,14,13.2
IDCJAC0016,86338,2018,8,15,10.1
IDCJAC0016,86338,2018,8,16,9.2
IDCJAC0016,86338,2018,8,17,12.2
IDCJAC0016,86338,2018,8,18,10.4
IDCJAC0016,86338,2018,8,19,9.3
IDCJAC0016,86338,2018,8,20,6.5
IDCJAC0016,86338,2018,8,21,7.7
IDCJAC0016,86338,2018,8,22,8.5
IDCJAC0016,86338,2018,8,23,11.1
IDCJAC0016,86338,2018,8,24,14.7
IDCJAC0016,86338,2018,8,25,14.9
IDCJAC0016,86338,2018,8,26,12.3
IDCJAC0016,86338,2018,8,27,12.4
IDCJAC0016,86338,2018,8,28,11.7
IDCJAC0016,86338,2018,8,29,15.5
IDCJAC0016,86338,2018,8,30,5.1
IDCJAC0016,86338,2018,8,31,6.8
IDCJAC0016,86338,2018,9,1,7.4
IDCJAC0016,86338,2018,9,2,11.2
IDCJAC0016,86338,2018,9,3,14.7
IDCJAC0016,86338,2018,9,4,14.7
IDCJAC0016,86338,2018,9,5,14.5
IDCJAC0016,86338,2018,9,6,9.5
IDCJAC0016,86338,2018,9,7,14.7
IDCJAC0016,86338,2018,9,8,16.2
IDCJAC0016,86338,2018,9,9,7.3
IDCJAC0016,86338,2018,9,10,10.2
IDCJAC0016,86338,2018,9,11,17.7
IDCJAC0016,86338,2018,9,12,15.8
IDCJAC0016,86338,2018,9,13,18.2
IDCJAC0016,86338,2018,9,14,18.2
IDCJAC0016,86338,2018,9,15,6.3
IDCJAC0016,86338,2018,9,16,15.3
IDCJAC0016,86338,2018,9,17,18.7
IDCJAC0016,86338,2018,9,18,8
IDCJAC0016,86338,2018,9,19,16.1
IDCJAC0016,86338,2018,9,20,18.5
IDCJAC0016,86338,2018,9,21,16.6
IDCJAC0016,86338,2018,9,22,19.7
IDCJAC0016,86338,2018,9,23,11.6
IDCJAC0016,86338,2018,9,24,17.2
IDCJAC0016,86338,2018,9,25,12.2
IDCJAC0016,86338,2018,9,26,20.8
IDCJAC0016,86338,2018,9,27,20.8
IDCJAC0016,86338,2018,9,28,10.2
IDCJAC0016,86338,2018,9,29,17
IDCJAC0016,86338,2018,9,30,19.8
IDCJAC0016,86338,2018,10,1,21.4
IDCJAC0016,86338,2018,10,2,13.4
IDCJAC0016,86338,2018,10,3,10.9
IDCJAC0016,86338,2018,10,4,12.5
IDCJAC0016,86338,2018,10,5,22.5
IDCJAC0016,86338,2018,10,6,22.7
IDCJAC0016,86338,2018,10,7,21.2
IDCJAC0016,86338,2018,10,8,22.7
IDCJAC0016,86338,2018,10,9,7.2
IDCJAC0016,86338,2018,10,10,20
IDCJAC0016,86338,2018,10,11,23.7
IDCJAC0016,86338,2018,10,12,23.9
IDCJAC0016,86338,2018,10,13,23.2
IDCJAC0016,86338,2018,10,14,22.1
IDCJAC0016,86338,2018,10,15,19.4
IDCJAC0016,86338,2018,10,16,6.1
IDCJAC0016,86338,2018,10,17,15.1
IDCJAC0016,86338,2018,10,18,10.5
IDCJAC0016,86338,2018,10,19,23
IDCJAC0016,86338,2018,10,20,9.8
IDCJAC0016,86338,2018,10,21,22.7
IDCJAC0016,86338,2018,10,22,25.7
IDCJAC0016,86338,2018,10,23,16.7
IDCJAC0016,86338,2018,10,24,19.7
IDCJAC0016,86338,2018,10,25,25
IDCJAC0016,86338,2018,10,26,23.7
IDCJAC0016,86338,2018,10,27,20.5
IDCJAC0016,86338,2018,10,28,22.8
IDCJAC0016,86338,2018,10,29,25.6
IDCJAC0016,86338,2018,10,30,25.8
IDCJAC0016,86338,2018,10,31,16.7
IDCJAC0016,86338,2018,11,1,14.2
IDCJAC0016,86338,2018,11,2,13.4
IDCJAC0016,86338,2018,11,3,19.9
IDCJAC0016,86338,2018,11,4,19.7
IDCJAC0016,86338,2018,11,5,15.8
IDCJAC0016,86338,2018,11,6,7.8
IDCJAC0016,86338,2018,11,7,18.2
IDCJAC0016,86338,2018,11,8,22.7
IDCJAC0016,86338,2018,11,9,14.8
IDCJAC0016,86338,2018,11,10,27.3
IDCJAC0016,86338,2018,11,11,29.1
IDCJAC0016,86338,2018,11,12,17.5
IDCJAC0016,86338,2018,11,13,18.4
IDCJAC0016,86338,2018,11,14,7.2
IDCJAC0016,86338,2018,11,15,23.8
IDCJAC0016,86338,2018,11,16,29.8
IDCJAC0016,86338,2018,11,17,29.9
IDCJAC0016,86338,2018,11,18,30.1
IDCJAC0016,86338,2018,11,19,27.5
IDCJAC0016,86338,2018,11,20,5.5
IDCJAC0016,86338,2018,11,21,24.2
IDCJAC0016,86338,2018,11,22,20.3
IDCJAC0016,86338,2018,11,23,3.5
IDCJAC0016,86338,2018,11,24,15.8
IDCJAC0016,86338,2018,11,25,20.5
IDCJAC0016,86338,2018,11,26,25.5
IDCJAC0016,86338,2018,11,27,23.3
IDCJAC0016,86338,2018,11,28,18
IDCJAC0016,86338,2018,11,29,21.1
IDCJAC0016,86338,2018,11,30,28
IDCJAC0016,86338,2018,12,1,30.8
IDCJAC0016,86338,2018,12,2,18.9
IDCJAC0016,86338,2018,12,3,13.4
IDCJAC0016,86338,2018,12,4,28.2
IDCJAC0016,86338,2018,12,5,31.1
IDCJAC0016,86338,2018,12,6,31.3
IDCJAC0016,86338,2018,12,7,27.1
IDCJAC0016,86338,2018,12,8,11
IDCJAC0016,86338,2018,12,9,11.8
IDCJAC0016,86338,2018,12,10,28.5
IDCJAC0016,86338,2018,12,11,31.6
IDCJAC0016,86338,2018,12,12,29.4
IDCJAC0016,86338,2018,12,13,6
IDCJAC0016,86338,2018,12,14,13.7
IDCJAC0016,86338,2018,12,15,17.5
IDCJAC0016,86338,2018,12,16,16.3
IDCJAC0016,86338,2018,12,17,23.2
IDCJAC0016,86338,2018,12,18,21.1
IDCJAC0016,86338,2018,12,19,16.6
IDCJAC0016,86338,2018,12,20,14.8
IDCJAC0016,86338,2018,12,21,9.6
IDCJAC0016,86338,2018,12,22,27.8
IDCJAC0016,86338,2018,12,23,32.3
IDCJAC0016,86338,2018,12,24,32.3
IDCJAC0016,86338,2018,12,25,32.2
IDCJAC0016,86338,2018,12,26,32.3
IDCJAC0016,86338,2018,12,27,29.3
IDCJAC0016,86338,2018,12,28,19.1
IDCJAC0016,86338,2018,12,29,5.7
IDCJAC0016,86338,2018,12,30,9.9
IDCJAC0016,86338,2018,12,31,31.3
IDCJAC0016,86338,2019,1,1,31.7
IDCJAC0016,86338,2019,1,2,26.3
IDCJAC0016,86338,2019,1,3,27.6
IDCJAC0016,86338,2019,1,4,27.4
IDCJAC0016,86338,2019,1,5,12.9
IDCJAC0016,86338,2019,1,6,30.9
IDCJAC0016,86338,2019,1,7,30.2
IDCJAC0016,86338,2019,1,8,28.9
IDCJAC0016,86338,2019,1,9,28.4
IDCJAC0016,86338,2019,1,10,25.8
IDCJAC0016,86338,2019,1,11,31.5
IDCJAC0016,86338,2019,1,12,28.6
IDCJAC0016,86338,2019,1,13,31.3
IDCJAC0016,86338,2019,1,14,31.1
IDCJAC0016,86338,2019,1,15,22.3
IDCJAC0016,86338,2019,1,16,17.5
IDCJAC0016,86338,2019,1,17,6
IDCJAC0016,86338,2019,1,18,2.6
IDCJAC0016,86338,2019,1,19,30.2
IDCJAC0016,86338,2019,1,20,29.2
IDCJAC0016,86338,2019,1,21,28.2
IDCJAC0016,86338,2019,1,22,29.3
IDCJAC0016,86338,2019,1,23,27.4
IDCJAC0016,86338,2019,1,24,30
IDCJAC0016,86338,2019,1,25,25.3
IDCJAC0016,86338,2019,1,26,27.7
IDCJAC0016,86338,2019,1,27,21.1
IDCJAC0016,86338,2019,1,28,29.4
IDCJAC0016,86338,2019,1,29,27.7
IDCJAC0016,86338,2019,1,30,19.9
IDCJAC0016,86338,2019,1,31,27.8
IDCJAC0016,86338,2019,2,1,28.8
IDCJAC0016,86338,2019,2,2,27.5
IDCJAC0016,86338,2019,2,3,26.1
IDCJAC0016,86338,2019,2,4,9.3
IDCJAC0016,86338,2019,2,5,14.6
IDCJAC0016,86338,2019,2,6,22.8
IDCJAC0016,86338,2019,2,7,25.1
IDCJAC0016,86338,2019,2,8,21.1
IDCJAC0016,86338,2019,2,9,13.6
IDCJAC0016,86338,2019,2,10,23.5
IDCJAC0016,86338,2019,2,11,18.6
IDCJAC0016,86338,2019,2,12,12.4
IDCJAC0016,86338,2019,2,13,23.7
IDCJAC0016,86338,2019,2,14,24.2
IDCJAC0016,86338,2019,2,15,23.1
IDCJAC0016,86338,2019,2,16,24.2
IDCJAC0016,86338,2019,2,17,20
IDCJAC0016,86338,2019,2,18,16.9
IDCJAC0016,86338,2019,2,19,21.4
IDCJAC0016,86338,2019,2,20,20.8
IDCJAC0016,86338,2019,2,21,16.2
IDCJAC0016,86338,2019,2,22,23.9
IDCJAC0016,86338,2019,2,23,24
IDCJAC0016,86338,2019,2,24,24.6
IDCJAC0016,86338,2019,2,25,24.4
IDCJAC0016,86338,2019,2,26,21
IDCJAC0016,86338,2019,2,27,24
IDCJAC0016,86338,2019,2,28,23.4
IDCJAC0016,86338,2019,3,1,22.3
IDCJAC0016,86338,2019,3,2,23.4
IDCJAC0016,86338,2019,3,3,14.4
IDCJAC0016,86338,2019,3,4,21.8
IDCJAC0016,86338,2019,3,5,15.5
IDCJAC0016,86338,2019,3,6,19.5
IDCJAC0016,86338,2019,3,7,21.2
IDCJAC0016,86338,2019,3,8,10.2
IDCJAC0016,86338,2019,3,9,20
IDCJAC0016,86338,2019,3,10,10.1
IDCJAC0016,86338,2019,3,11,18.6
IDCJAC0016,86338,2019,3,12,10.8
IDCJAC0016,86338,2019,3,13,15.1
IDCJAC0016,86338,2019,3,14,20.6
IDCJAC0016,86338,2019,3,15,18.7
IDCJAC0016,86338,2019,3,16,20.1
IDCJAC0016,86338,2019,3,17,19.2
IDCJAC0016,86338,2019,3,18,18.9
IDCJAC0016,86338,2019,3,19,12.7
IDCJAC0016,86338,2019,3,20,11.1
IDCJAC0016,86338,2019,3,21,12.5
IDCJAC0016,86338,2019,3,22,15.3
IDCJAC0016,86338,2019,3,23,13.6
IDCJAC0016,86338,2019,3,24,16.9
IDCJAC0016,86338,2019,3,25,13.6
IDCJAC0016,86338,2019,3,26,15.9
IDCJAC0016,86338,2019,3,27,17.8
IDCJAC0016,86338,2019,3,28,17.8
IDCJAC0016,86338,2019,3,29,4.9
IDCJAC0016,86338,2019,3,30,11.4
IDCJAC0016,86338,2019,3,31,8
IDCJAC0016,86338,2019,4,1,6.6
IDCJAC0016,86338,2019,4,2,16.6
IDCJAC0016,86338,2019,4,3,10.9
IDCJAC0016,86338,2019,4,4,13.9
IDCJAC0016,86338,2019,4,5,15.3
IDCJAC0016,86338,2019,4,6,12.4
IDCJAC0016,86338,2019,4,7,15.9
IDCJAC0016,86338,2019,4,8,9
IDCJAC0016,86338,2019,4,9,13.9
IDCJAC0016,86338,2019,4,10,4.8
IDCJAC0016,86338,2019,4,11,14.4
IDCJAC0016,86338,2019,4,12,15.3
IDCJAC0016,86338,2019,4,13,10
IDCJAC0016,86338,2019,4,14,14.4
IDCJAC0016,86338,2019,4,15,10.9
IDCJAC0016,86338,2019,4,16,14.4
IDCJAC0016,86338,2019,4,17,12.8
IDCJAC0016,86338,2019,4,18,12.8
IDCJAC0016,86338,2019,4,19,14
IDCJAC0016,86338,2019,4,20,13.9
IDCJAC0016,86338,2019,4,21,7.5
IDCJAC0016,86338,2019,4,22,6
IDCJAC0016,86338,2019,4,23,8
IDCJAC0016,86338,2019,4,24,8.2
IDCJAC0016,86338,2019,4,25,10.6
IDCJAC0016,86338,2019,4,26,6.9
IDCJAC0016,86338,2019,4,27,8.5
IDCJAC0016,86338,2019,4,28,5.2
IDCJAC0016,86338,2019,4,29,8.4
IDCJAC0016,86338,2019,4,30,11.7
IDCJAC0016,86338,2019,5,1,7.8
IDCJAC0016,86338,2019,5,2,6.2
IDCJAC0016,86338,2019,5,3,9
IDCJAC0016,86338,2019,5,4,8.2
IDCJAC0016,86338,2019,5,5,6.5
IDCJAC0016,86338,2019,5,6,8.5
IDCJAC0016,86338,2019,5,7,11.7
IDCJAC0016,86338,2019,5,8,7.3
IDCJAC0016,86338,2019,5,9,5.3
IDCJAC0016,86338,2019,5,10,2.8
IDCJAC0016,86338,2019,5,11,7.7
IDCJAC0016,86338,2019,5,12,6.6
IDCJAC0016,86338,2019,5,13,8.3
IDCJAC0016,86338,2019,5,14,9
IDCJAC0016,86338,2019,5,15,8
IDCJAC0016,86338,2019,5,16,9.8
IDCJAC0016,86338,2019,5,17,10.7
IDCJAC0016,86338,2019,5,18,10.6
IDCJAC0016,86338,2019,5,19,10
IDCJAC0016,86338,2019,5,20,3.1
IDCJAC0016,86338,2019,5,21,6.9
IDCJAC0016,86338,2019,5,22,10.3
IDCJAC0016,86338,2019,5,23,10.2
IDCJAC0016,86338,2019,5,24,4.4
IDCJAC0016,86338,2019,5,25,9.1
IDCJAC0016,86338,2019,5,26,8.6
IDCJAC0016,86338,2019,5,27,7.2
IDCJAC0016,86338,2019,5,28,3.3
IDCJAC0016,86338,2019,5,29,7.9
IDCJAC0016,86338,2019,5,30,5.8
IDCJAC0016,86338,2019,5,31,5.7
IDCJAC0016,86338,2019,6,1,5.8
IDCJAC0016,86338,2019,6,2,6.7
IDCJAC0016,86338,2019,6,3,3.8
IDCJAC0016,86338,2019,6,4,7.9
IDCJAC0016,86338,2019,6,5,5.7
IDCJAC0016,86338,2019,6,6,7.9
IDCJAC0016,86338,2019,6,7,8
IDCJAC0016,86338,2019,6,8,9.3
IDCJAC0016,86338,2019,6,9,8
IDCJAC0016,86338,2019,6,10,7.6
IDCJAC0016,86338,2019,6,11,9.2
IDCJAC0016,86338,2019,6,12,1.3
IDCJAC0016,86338,2019,6,13,8.9
IDCJAC0016,86338,2019,6,14,7
IDCJAC0016,86338,2019,6,15,6.4
IDCJAC0016,86338,2019,6,16,7.5
IDCJAC0016,86338,2019,6,17,8.6
IDCJAC0016,86338,2019,6,18,5.2
IDCJAC0016,86338,2019,6,19,7
IDCJAC0016,86338,2019,6,20,6.4
IDCJAC0016,86338,2019,6,21,8.5
IDCJAC0016,86338,2019,6,22,7.3
IDCJAC0016,86338,2019,6,23,5.9
IDCJAC0016,86338,2019,6,24,9
IDCJAC0016,86338,2019,6,25,8.9
IDCJAC0016,86338,2019,6,26,9.2
IDCJAC0016,86338,2019,6,27,9.2
IDCJAC0016,86338,2019,6,28,9.2
IDCJAC0016,86338,2019,6,29,2.6
IDCJAC0016,86338,2019,6,30,8.5
IDCJAC0016,86338,2019,7,1,8.3
IDCJAC0016,86338,2019,7,2,6.6
IDCJAC0016,86338,2019,7,3,7.5
IDCJAC0016,86338,2019,7,4,6.9
IDCJAC0016,86338,2019,7,5,9
IDCJAC0016,86338,2019,7,6,9.3
IDCJAC0016,86338,2019,7,7,6.1
IDCJAC0016,86338,2019,7,8,8.2
IDCJAC0016,86338,2019,7,9,7.2
IDCJAC0016,86338,2019,7,10,6.7
IDCJAC0016,86338,2019,7,11,4.6
IDCJAC0016,86338,2019,7,12,6.2
IDCJAC0016,86338,2019,7,13,8.3
IDCJAC0016,86338,2019,7,14,3.8
IDCJAC0016,86338,2019,7,15,7.6
IDCJAC0016,86338,2019,7,16,6.4
IDCJAC0016,86338,2019,7,17,3.6
IDCJAC0016,86338,2019,7,18,7.9
IDCJAC0016,86338,2019,7,19,9.6
IDCJAC0016,86338,2019,7,20,10.3
IDCJAC0016,86338,2019,7,21,8.1
IDCJAC0016,86338,2019,7,22,10.6
IDCJAC0016,86338,2019,7,23,8.2
IDCJAC0016,86338,2019,7,24,7.8
IDCJAC0016,86338,2019,7,25,5.2
IDCJAC0016,86338,2019,7,26,5.9
IDCJAC0016,86338,2019,7,27,8.7
IDCJAC0016,86338,2019,7,28,10.2
IDCJAC0016,86338,2019,7,29,9.9
IDCJAC0016,86338,2019,7,30,8.7
IDCJAC0016,86338,2019,7,31,11.3
IDCJAC0016,86338,2019,8,1,8.6
IDCJAC0016,86338,2019,8,2,7.4
IDCJAC0016,86338,2019,8,3,6.2
IDCJAC0016,86338,2019,8,4,7.2
IDCJAC0016,86338,2019,8,5,10.7
IDCJAC0016,86338,2019,8,6,4.5
IDCJAC0016,86338,2019,8,7,7.5
IDCJAC0016,86338,2019,8,8,9.6
IDCJAC0016,86338,2019,8,9,7.3
IDCJAC0016,86338,2019,8,10,6.6
IDCJAC0016,86338,2019,8,11,11.4
IDCJAC0016,86338,2019,8,12,9.9
IDCJAC0016,86338,2019,8,13,7
IDCJAC0016,86338,2019,8,14,6.7
IDCJAC0016,86338,2019,8,15,10.5
IDCJAC0016,86338,2019,8,16,6.3
IDCJAC0016,86338,2019,8,17,13.4
IDCJAC0016,86338,2019,8,18,9.3
IDCJAC0016,86338,2019,8,19,12.8
IDCJAC0016,86338,2019,8,20,7.2
IDCJAC0016,86338,2019,8,21,11.5
IDCJAC0016,86338,2019,8,22,11.3
IDCJAC0016,86338,2019,8,23,14.5
IDCJAC0016,86338,2019,8,24,13
IDCJAC0016,86338,2019,8,25,13.9
IDCJAC0016,86338,2019,8,26,14.7
IDCJAC0016,86338,2019,8,27,12.9
IDCJAC0016,86338,2019,8,28,5
IDCJAC0016,86338,2019,8,29,13.2
IDCJAC0016,86338,2019,8,30,15.6
IDCJAC0016,86338,2019,8,31,15.8
IDCJAC0016,86338,2019,9,1,9.4
IDCJAC0016,86338,2019,9,2,13.8
IDCJAC0016,86338,2019,9,3,16.4
IDCJAC0016,86338,2019,9,4,15.1
IDCJAC0016,86338,2019,9,5,14.8
IDCJAC0016,86338,2019,9,6,10.4
IDCJAC0016,86338,2019,9,7,11.3
IDCJAC0016,86338,2019,9,8,9.5
IDCJAC0016,86338,2019,9,9,14.4
IDCJAC0016,86338,2019,9,10,16.1
IDCJAC0016,86338,2019,9,11,17.8
IDCJAC0016,86338,2019,9,12,11.8
IDCJAC0016,86338,2019,9,13,14
IDCJAC0016,86338,2019,9,14,18.3
IDCJAC0016,86338,2019,9,15,8.4
IDCJAC0016,86338,2019,9,16,17.7
IDCJAC0016,86338,2019,9,17,19
IDCJAC0016,86338,2019,9,18,19.2
IDCJAC0016,86338,2019,9,19,19.4
IDCJAC0016,86338,2019,9,20,14.4
IDCJAC0016,86338,2019,9,21,10.5
IDCJAC0016,86338,2019,9,22,13.6
IDCJAC0016,86338,2019,9,23,13.9
IDCJAC0016,86338,2019,9,24,13.3
IDCJAC0016,86338,2019,9,25,13.1
IDCJAC0016,86338,2019,9,26,19.6
IDCJAC0016,86338,2019,9,27,7.4
IDCJAC0016,86338,2019,9,28,17.7
IDCJAC0016,86338,2019,9,29,19
IDCJAC0016,86338,2019,9,30,14.4
IDCJAC0016,86338,2019,10,1,21.7
IDCJAC0016,86338,2019,10,2,18.5
IDCJAC0016,86338,2019,10,3,22
IDCJAC0016,86338,2019,10,4,11
IDCJAC0016,86338,2019,10,5,17.4
IDCJAC0016,86338,2019,10,6,17.4
IDCJAC0016,86338,2019,10,7,15.1
IDCJAC0016,86338,2019,10,8,17
IDCJAC0016,86338,2019,10,9,19.3
IDCJAC0016,86338,2019,10,10,12.6
IDCJAC0016,86338,2019,10,11,17.5
IDCJAC0016,86338,2019,10,12,20.1
IDCJAC0016,86338,2019,10,13,19.6
IDCJAC0016,86338,2019,10,14,20.2
IDCJAC0016,86338,2019,10,15,20.6
IDCJAC0016,86338,2019,10,16,11.4
IDCJAC0016,86338,2019,10,17,9.6
IDCJAC0016,86338,2019,10,18,23.2
IDCJAC0016,86338,2019,10,19,15.8
IDCJAC0016,86338,2019,10,20,14.7
IDCJAC0016,86338,2019,10,21,19.6
IDCJAC0016,86338,2019,10,22,23.7
IDCJAC0016,86338,2019,10,23,26
IDCJAC0016,86338,2019,10,24,26.1
IDCJAC0016,86338,2019,10,25,10
IDCJAC0016,86338,2019,10,26,17.2
IDCJAC0016,86338,2019,10,27,10.1
IDCJAC0016,86338,2019,10,28,26.3
IDCJAC0016,86338,2019,10,29,27
IDCJAC0016,86338,2019,10,30,27.2
IDCJAC0016,86338,2019,10,31,25.5
IDCJAC0016,86338,2019,11,1,22.8
IDCJAC0016,86338,2019,11,2,2.2
IDCJAC0016,86338,2019,11,3,7.8
IDCJAC0016,86338,2019,11,4,11.2
IDCJAC0016,86338,2019,11,5,27.4
IDCJAC0016,86338,2019,11,6,19.9
IDCJAC0016,86338,2019,11,7,8.3
IDCJAC0016,86338,2019,11,8,16.1
IDCJAC0016,86338,2019,11,9,9.8
IDCJAC0016,86338,2019,11,10,13.5
IDCJAC0016,86338,2019,11,11,27.4
IDCJAC0016,86338,2019,11,12,12.7
IDCJAC0016,86338,2019,11,13,12
IDCJAC0016,86338,2019,11,14,19.7
IDCJAC0016,86338,2019,11,15,12.4
IDCJAC0016,86338,2019,11,16,23.9
IDCJAC0016,86338,2019,11,17,24.1
IDCJAC0016,86338,2019,11,18,29.9
IDCJAC0016,86338,2019,11,19,27.9
IDCJAC0016,86338,2019,11,20,30.1
IDCJAC0016,86338,2019,11,21,18.8
IDCJAC0016,86338,2019,11,22,28.3
IDCJAC0016,86338,2019,11,23,24.6
IDCJAC0016,86338,2019,11,24,30.6
IDCJAC0016,86338,2019,11,25,18
IDCJAC0016,86338,2019,11,26,22.2
IDCJAC0016,86338,2019,11,27,31
IDCJAC0016,86338,2019,11,28,30.7
IDCJAC0016,86338,2019,11,29,21.9
IDCJAC0016,86338,2019,11,30,26.7
IDCJAC0016,86338,2019,12,1,9.8
IDCJAC0016,86338,2019,12,2,18.2
IDCJAC0016,86338,2019,12,3,19.2
IDCJAC0016,86338,2019,12,4,20.3
IDCJAC0016,86338,2019,12,5,20.4
IDCJAC0016,86338,2019,12,6,18.2
IDCJAC0016,86338,2019,12,7,30.3
IDCJAC0016,86338,2019,12,8,30.8
IDCJAC0016,86338,2019,12,9,28.6
IDCJAC0016,86338,2019,12,10,22.2
IDCJAC0016,86338,2019,12,11,21.8
IDCJAC0016,86338,2019,12,12,22.7
IDCJAC0016,86338,2019,12,13,24.8
IDCJAC0016,86338,2019,12,14,10.4
IDCJAC0016,86338,2019,12,15,16.4
IDCJAC0016,86338,2019,12,16,21.7
IDCJAC0016,86338,2019,12,17,29.5
IDCJAC0016,86338,2019,12,18,29.3
IDCJAC0016,86338,2019,12,19,29.3
IDCJAC0016,86338,2019,12,20,31.4
IDCJAC0016,86338,2019,12,21,28.3
IDCJAC0016,86338,2019,12,22,31.5
IDCJAC0016,86338,2019,12,23,29.2
IDCJAC0016,86338,2019,12,24,31.4
IDCJAC0016,86338,2019,12,25,32
IDCJAC0016,86338,2019,12,26,26.2
IDCJAC0016,86338,2019,12,27,31.6
IDCJAC0016,86338,2019,12,28,20.6
IDCJAC0016,86338,2019,12,29,31.9
IDCJAC0016,86338,2019,12,30,18.8
IDCJAC0016,86338,2019,12,31,29.3
IDCJAC0016,86338,2020,1,1,31.6
IDCJAC0016,86338,2020,1,2,31.6
IDCJAC0016,86338,2020,1,3,30.7
IDCJAC0016,86338,2020,1,4,22.8
IDCJAC0016,86338,2020,1,5,5.1
IDCJAC0016,86338,2020,1,6,2.7
IDCJAC0016,86338,2020,1,7,7.7
IDCJAC0016,86338,2020,1,8,26.9
IDCJAC0016,86338,2020,1,9,29.8
IDCJAC0016,86338,2020,1,10,10.1
IDCJAC0016,86338,2020,1,11,18.2
IDCJAC0016,86338,2020,1,12,21.9
IDCJAC0016,86338,2020,1,13,28.1
IDCJAC0016,86338,2020,1,14,27.4
IDCJAC0016,86338,2020,1,15,20.8
IDCJAC0016,86338,2020,1,16,18.6
IDCJAC0016,86338,2020,1,17,24.4
IDCJAC0016,86338,2020,1,18,27.2
IDCJAC0016,86338,2020,1,19,23.9
IDCJAC0016,86338,2020,1,20,8.8
IDCJAC0016,86338,2020,1,21,28.4
IDCJAC0016,86338,2020,1,22,12.4
IDCJAC0016,86338,2020,1,23,13.4
IDCJAC0016,86338,2020,1,24,20.6
IDCJAC0016,86338,2020,1,25,30
IDCJAC0016,86338,2020,1,26,24
IDCJAC0016,86338,2020,1,27,26.1
IDCJAC0016,86338,2020,1,28,26.5
IDCJAC0016,86338,2020,1,29,29.5
IDCJAC0016,86338,2020,1,30,29.3
IDCJAC0016,86338,2020,1,31,18.3
IDCJAC0016,86338,2020,2,1,1.8
IDCJAC0016,86338,2020,2,2,21
IDCJAC0016,86338,2020,2,3,22.7
IDCJAC0016,86338,2020,2,4,28.6
IDCJAC0016,86338,2020,2,5,27.1
IDCJAC0016,86338,2020,2,6,25
IDCJAC0016,86338,2020,2,7,18.4
IDCJAC0016,86338,2020,2,8,27.5
IDCJAC0016,86338,2020,2,9,19.9
IDCJAC0016,86338,2020,2,10,15
IDCJAC0016,86338,2020,2,11,19.1
IDCJAC0016,86338,2020,2,12,17.3
IDCJAC0016,86338,2020,2,13,26.7
IDCJAC0016,86338,2020,2,14,10.6
IDCJAC0016,86338,2020,2,15,2.4
IDCJAC0016,86338,2020,2,16,23.8
IDCJAC0016,86338,2020,2,17,26.4
IDCJAC0016,86338,2020,2,18,7.3
IDCJAC0016,86338,2020,2,19,12.9
IDCJAC0016,86338,2020,2,20,15.2
IDCJAC0016,86338,2020,2,21,17.1
IDCJAC0016,86338,2020,2,22,25.4
IDCJAC0016,86338,2020,2,23,21.6
IDCJAC0016,86338,2020,2,24,5.4
IDCJAC0016,86338,2020,2,25,10.6
IDCJAC0016,86338,2020,2,26,19.3
IDCJAC0016,86338,2020,2,27,11.1
IDCJAC0016,86338,2020,2,28,17.6
IDCJAC0016,86338,2020,2,29,22.8
IDCJAC0016,86338,2020,3,1,20.8
IDCJAC0016,86338,2020,3,2,21.1
IDCJAC0016,86338,2020,3,3,15.9
IDCJAC0016,86338,2020,3,4,7.1
IDCJAC0016,86338,2020,3,5,4.3
IDCJAC0016,86338,2020,3,6,12.7
IDCJAC0016,86338,2020,3,7,17.1
IDCJAC0016,86338,2020,3,8,19.5
IDCJAC0016,86338,2020,3,9,19.7
IDCJAC0016,86338,2020,3,10,21.9
IDCJAC0016,86338,2020,3,11,15.7
IDCJAC0016,86338,2020,3,12,19.5
IDCJAC0016,86338,2020,3,13,7.3
IDCJAC0016,86338,2020,3,14,12.3
IDCJAC0016,86338,2020,3,15,10.2
IDCJAC0016,86338,2020,3,16,20.6
IDCJAC0016,86338,2020,3,17,19.9
IDCJAC0016,86338,2020,3,18,9.1
IDCJAC0016,86338,2020,3,19,8.2
IDCJAC0016,86338,2020,3,20,12.6
IDCJAC0016,86338,2020,3,21,10.8
IDCJAC0016,86338,2020,3,22,15.2
IDCJAC0016,86338,2020,3,23,9.9
IDCJAC0016,86338,2020,3,24,15.8
IDCJAC0016,86338,2020,3,25,7.6
IDCJAC0016,86338,2020,3,26,15.5
IDCJAC0016,86338,2020,3,27,17.8
IDCJAC0016,86338,2020,3,28,16.9
IDCJAC0016,86338,2020,3,29,9.5
IDCJAC0016,86338,2020,3,30,13.3
IDCJAC0016,86338,2020,3,31,16.9
IDCJAC0016,86338,2020,4,1,15.2
IDCJAC0016,86338,2020,4,2,4.2
IDCJAC0016,86338,2020,4,3,12
IDCJAC0016,86338,2020,4,4,6.1
IDCJAC0016,86338,2020,4,5,4.5
IDCJAC0016,86338,2020,4,6,11.5
IDCJAC0016,86338,2020,4,7,9.5
IDCJAC0016,86338,2020,4,8,10.7
IDCJAC0016,86338,2020,4,9,15.8
IDCJAC0016,86338,2020,4,10,9.5
IDCJAC0016,86338,2020,4,11,11.3
IDCJAC0016,86338,2020,4,12,7.7
IDCJAC0016,86338,2020,4,13,14.3
IDCJAC0016,86338,2020,4,14,11.1
IDCJAC0016,86338,2020,4,15,11.8
IDCJAC0016,86338,2020,4,16,11.3
IDCJAC0016,86338,2020,4,17,10.1
IDCJAC0016,86338,2020,4,18,7.9
IDCJAC0016,86338,2020,4,19,11.3
IDCJAC0016,86338,2020,4,20,8.1
IDCJAC0016,86338,2020,4,21,9.8
IDCJAC0016,86338,2020,4,22,8.8
IDCJAC0016,86338,2020,4,23,9.7
IDCJAC0016,86338,2020,4,24,12.7
IDCJAC0016,86338,2020,4,25,10.4
IDCJAC0016,86338,2020,4,26,6.6
IDCJAC0016,86338,2020,4,27,12.5
IDCJAC0016,86338,2020,4,28,10.4
IDCJAC0016,86338,2020,4,29,3.6
IDCJAC0016,86338,2020,4,30,5.4
IDCJAC0016,86338,2020,5,1,5.1
IDCJAC0016,86338,2020,5,2,6.2
IDCJAC0016,86338,2020,5,3,8.3
IDCJAC0016,86338,2020,5,4,7
IDCJAC0016,86338,2020,5,5,11.6
IDCJAC0016,86338,2020,5,6,9.7
IDCJAC0016,86338,2020,5,7,6.2
IDCJAC0016,86338,2020,5,8,10.7
IDCJAC0016,86338,2020,5,9,5.4
IDCJAC0016,86338,2020,5,10,9
IDCJAC0016,86338,2020,5,11,7.5
IDCJAC0016,86338,2020,5,12,8.5
IDCJAC0016,86338,2020,5,13,8.9
IDCJAC0016,86338,2020,5,14,9.8
IDCJAC0016,86338,2020,5,15,10.8
IDCJAC0016,86338,2020,5,16,10.7
IDCJAC0016,86338,2020,5,17,10.6
IDCJAC0016,86338,2020,5,18,10.5
IDCJAC0016,86338,2020,5,19,4.9
IDCJAC0016,86338,2020,5,20,7.8
IDCJAC0016,86338,2020,5,21,6.6
IDCJAC0016,86338,2020,5,22,7.8
IDCJAC0016,86338,2020,5,23,5.8
IDCJAC0016,86338,2020,5,24,7.9
IDCJAC0016,86338,2020,5,25,10
IDCJAC0016,86338,2020,5,26,9.4
IDCJAC0016,86338,2020,5,27,7.8
IDCJAC0016,86338,2020,5,28,6.7
IDCJAC0016,86338,2020,5,29,9.6
IDCJAC0016,86338,2020,5,30,9.3
IDCJAC0016,86338,2020,5,31,8
IDCJAC0016,86338,2020,6,1,2.6
IDCJAC0016,86338,2020,6,2,4.9
IDCJAC0016,86338,2020,6,3,7.3
IDCJAC0016,86338,2020,6,4,9.3
IDCJAC0016,86338,2020,6,5,9.4
IDCJAC0016,86338,2020,6,6,6.6
IDCJAC0016,86338,2020,6,7,6.3
IDCJAC0016,86338,2020,6,8,8.8
IDCJAC0016,86338,2020,6,9,9.3
IDCJAC0016,86338,2020,6,10,8.8
IDCJAC0016,86338,2020,6,11,9.1
IDCJAC0016,86338,2020,6,12,9.2
IDCJAC0016,86338,2020,6,13,3.4
IDCJAC0016,86338,2020,6,14,8
IDCJAC0016,86338,2020,6,15,8
IDCJAC0016,86338,2020,6,16,6.7
IDCJAC0016,86338,2020,6,17,8.5
IDCJAC0016,86338,2020,6,18,9.1
IDCJAC0016,86338,2020,6,19,8.6
IDCJAC0016,86338,2020,6,20,8.5
IDCJAC0016,86338,2020,6,21,4.9
IDCJAC0016,86338,2020,6,22,5.5
IDCJAC0016,86338,2020,6,23,8.4
IDCJAC0016,86338,2020,6,24,8
IDCJAC0016,86338,2020,6,25,5
IDCJAC0016,86338,2020,6,26,8.8
IDCJAC0016,86338,2020,6,27,7.9
IDCJAC0016,86338,2020,6,28,9.3
IDCJAC0016,86338,2020,6,29,9.3
IDCJAC0016,86338,2020,6,30,7.7
IDCJAC0016,86338,2020,7,1,9.1
IDCJAC0016,86338,2020,7,2,7.3
IDCJAC0016,86338,2020,7,3,4.1
IDCJAC0016,86338,2020,7,4,5.7
IDCJAC0016,86338,2020,7,5,6.5
IDCJAC0016,86338,2020,7,6,5.8
IDCJAC0016,86338,2020,7,7,4.8
IDCJAC0016,86338,2020,7,8,9.4
IDCJAC0016,86338,2020,7,9,8.5
IDCJAC0016,86338,2020,7,10,7.9
IDCJAC0016,86338,2020,7,11,3.3
IDCJAC0016,86338,2020,7,12,8.3
IDCJAC0016,86338,2020,7,13,7.4
IDCJAC0016,86338,2020,7,14,7.6
IDCJAC0016,86338,2020,7,15,9.4
IDCJAC0016,86338,2020,7,16,8.7
IDCJAC0016,86338,2020,7,17,7.4
IDCJAC0016,86338,2020,7,18,8.3
IDCJAC0016,86338,2020,7,19,7.6
IDCJAC0016,86338,2020,7,20,8.2
IDCJAC0016,86338,2020,7,21,8.1
IDCJAC0016,86338,2020,7,22,8.4
IDCJAC0016,86338,2020,7,23,7.5
IDCJAC0016,86338,2020,7,24,10.5
IDCJAC0016,86338,2020,7,25,9.6
IDCJAC0016,86338,2020,7,26,7.2
IDCJAC0016,86338,2020,7,27,7.3
IDCJAC0016,86338,2020,7,28,8
IDCJAC0016,86338,2020,7,29,9
IDCJAC0016,86338,2020,7,30,11.3
IDCJAC0016,86338,2020,7,31,11.3
IDCJAC0016,86338,2020,8,1,11.1
IDCJAC0016,86338,2020,8,2,11.7
IDCJAC0016,86338,2020,8,3,10.2
IDCJAC0016,86338,2020,8,4,10
IDCJAC0016,86338,2020,8,5,9.6
IDCJAC0016,86338,2020,8,6,10.8
IDCJAC0016,86338,2020,8,7,5.8
IDCJAC0016,86338,2020,8,8,7.2
IDCJAC0016,86338,2020,8,9,10.2
IDCJAC0016,86338,2020,8,10,12.7
IDCJAC0016,86338,2020,8,11,10.3
IDCJAC0016,86338,2020,8,12,10
IDCJAC0016,86338,2020,8,13,11
IDCJAC0016,86338,2020,8,14,7
IDCJAC0016,86338,2020,8,15,13
IDCJAC0016,86338,2020,8,16,9.9
IDCJAC0016,86338,2020,8,17,10.4
IDCJAC0016,86338,2020,8,18,11.2
IDCJAC0016,86338,2020,8,19,7.9
IDCJAC0016,86338,2020,8,20,9.6
IDCJAC0016,86338,2020,8,21,12.2
IDCJAC0016,86338,2020,8,22,3.8
IDCJAC0016,86338,2020,8,23,8.6
IDCJAC0016,86338,2020,8,24,12.8
IDCJAC0016,86338,2020,8,25,11.2
IDCJAC0016,86338,2020,8,26,12.8
IDCJAC0016,86338,2020,8,27,13.1
IDCJAC0016,86338,2020,8,28,15.1
IDCJAC0016,86338,2020,8,29,15.6
IDCJAC0016,86338,2020,8,30,9
IDCJAC0016,86338,2020,8,31,13.5
IDCJAC0016,86338,2020,9,1,15.9
IDCJAC0016,86338,2020,9,2,12.1
IDCJAC0016,86338,2020,9,3,13.5
IDCJAC0016,86338,2020,9,4,12.7
IDCJAC0016,86338,2020,9,5,15
IDCJAC0016,86338,2020,9,6,16.9
IDCJAC0016,86338,2020,9,7,17.1
IDCJAC0016,86338,2020,9,8,4.8
IDCJAC0016,86338,2020,9,9,14.8
IDCJAC0016,86338,2020,9,10,17.5
IDCJAC0016,86338,2020,9,11,13.4
IDCJAC0016,86338,2020,9,12,4
IDCJAC0016,86338,2020,9,13,16.5
IDCJAC0016,86338,2020,9,14,18.1
IDCJAC0016,86338,2020,9,15,18.3
IDCJAC0016,86338,2020,9,16,17.4
IDCJAC0016,86338,2020,9,17,9.4
IDCJAC0016,86338,2020,9,18,13.6
IDCJAC0016,86338,2020,9,19,17.1
IDCJAC0016,86338,2020,9,20,16.7
IDCJAC0016,86338,2020,9,21,13
IDCJAC0016,86338,2020,9,22,16.8
IDCJAC0016,86338,2020,9,23,12.3
IDCJAC0016,86338,2020,9,24,13.9
IDCJAC0016,86338,2020,9,25,7.2
IDCJAC0016,86338,2020,9,26,15
IDCJAC0016,86338,2020,9,27,20.9
IDCJAC0016,86338,2020,9,28,18.3
IDCJAC0016,86338,2020,9,29,18.4
