REGION,SETTLEMENTDATE,TOTALDEMAND,RRP,PERIODTYPE
VIC1,"1999/03/01 00:30",3869.595,13.86,TRADE
VIC1,"1999/03/01 01:00",3687.80333,13.46,TRADE
VIC1,"1999/03/01 01:30",3997.29,14.12,TRADE
VIC1,"1999/03/01 02:00",3832.23667,13.71,TRADE
VIC1,"1999/03/01 02:30",3641.52833,13.05,TRADE
VIC1,"1999/03/01 03:00",3482.47667,12.83,TRADE
VIC1,"1999/03/01 03:30",3361.445,12.21,TRADE
VIC1,"1999/03/01 04:00",3308.42833,10.97,TRADE
VIC1,"1999/03/01 04:30",3354.13167,13.84,TRADE
VIC1,"1999/03/01 05:00",3534.065,14.51,TRADE
VIC1,"1999/03/01 05:30",3891.275,18.31,TRADE
VIC1,"1999/03/01 06:00",4249.595,22.2,TRADE
VIC1,"1999/03/01 06:30",4703.55833,24.2,TRADE
VIC1,"1999/03/01 07:00",4971.14167,22.73,TRADE
VIC1,"1999/03/01 07:30",4845.17333,18.54,TRADE
VIC1,"1999/03/01 08:00",4804.81167,15.36,TRADE
VIC1,"1999/03/01 08:30",4935.515,17.63,TRADE
VIC1,"1999/03/01 09:00",5010.51833,17.97,TRADE
VIC1,"1999/03/01 09:30",5037.21667,17.67,TRADE
VIC1,"1999/03/01 10:00",5192.005,18.54,TRADE
VIC1,"1999/03/01 10:30",5260.365,18.67,TRADE
VIC1,"1999/03/01 11:00",5320.20333,18.72,TRADE
VIC1,"1999/03/01 11:30",5370.91667,18.79,TRADE
VIC1,"1999/03/01 12:00",5394.82167,18.98,TRADE
VIC1,"1999/03/01 12:30",5512.57167,18.18,TRADE
VIC1,"1999/03/01 13:00",5546.02333,18.8,TRADE
VIC1,"1999/03/01 13:30",5620.87167,19.16,TRADE
VIC1,"1999/03/01 14:00",5652.10667,19.46,TRADE
VIC1,"1999/03/01 14:30",5643.10333,17.93,TRADE
VIC1,"1999/03/01 15:00",5693.70167,19.91,TRADE
VIC1,"1999/03/01 15:30",5700.03,19.93,TRADE
VIC1,"1999/03/01 16:00",5736.52667,19.74,TRADE
VIC1,"1999/03/01 16:30",5728.28333,21.15,TRADE
VIC1,"1999/03/01 17:00",5621.88667,18.41,TRADE
VIC1,"1999/03/01 17:30",5352.31,18.12,TRADE
VIC1,"1999/03/01 18:00",5139.765,16.63,TRADE
VIC1,"1999/03/01 18:30",4933.27667,15.06,TRADE
VIC1,"1999/03/01 19:00",4814.34,14.87,TRADE
VIC1,"1999/03/01 19:30",4874.41167,15.4,TRADE
VIC1,"1999/03/01 20:00",4903.35,15.08,TRADE
VIC1,"1999/03/01 20:30",4759.09667,15.23,TRADE
VIC1,"1999/03/01 21:00",4571.90333,14.27,TRADE
VIC1,"1999/03/01 21:30",4364.965,14.21,TRADE
VIC1,"1999/03/01 22:00",4086.055,14.02,TRADE
VIC1,"1999/03/01 22:30",4010.52667,14.81,TRADE
VIC1,"1999/03/01 23:00",3932.63333,14.39,TRADE
VIC1,"1999/03/01 23:30",4462.67167,17.3,TRADE
VIC1,"1999/03/02 00:00",4393.31833,17.97,TRADE
VIC1,"1999/03/02 00:30",4226.13333,16.71,TRADE
VIC1,"1999/03/02 01:00",3989.96667,14.44,TRADE
VIC1,"1999/03/02 01:30",4265.19667,16.63,TRADE
VIC1,"1999/03/02 02:00",4092.15667,14.5,TRADE
VIC1,"1999/03/02 02:30",3892.07667,14.35,TRADE
VIC1,"1999/03/02 03:00",3681.395,14.06,TRADE
VIC1,"1999/03/02 03:30",3599.93,14.02,TRADE
VIC1,"1999/03/02 04:00",3522.39167,14.02,TRADE
VIC1,"1999/03/02 04:30",3557.18167,13.95,TRADE
VIC1,"1999/03/02 05:00",3706.205,14.52,TRADE
VIC1,"1999/03/02 05:30",4072.90167,18.7,TRADE
VIC1,"1999/03/02 06:00",4448.71333,21.92,TRADE
VIC1,"1999/03/02 06:30",4851.36,19.26,TRADE
VIC1,"1999/03/02 07:00",5137.33167,18.17,TRADE
VIC1,"1999/03/02 07:30",4980.155,14.92,TRADE
VIC1,"1999/03/02 08:00",4954.00833,14.56,TRADE
VIC1,"1999/03/02 08:30",5090.00833,17.77,TRADE
VIC1,"1999/03/02 09:00",5164.24167,17.92,TRADE
VIC1,"1999/03/02 09:30",5201.115,18.19,TRADE
VIC1,"1999/03/02 10:00",5316.21,18.41,TRADE
VIC1,"1999/03/02 10:30",5271.90833,18.04,TRADE
VIC1,"1999/03/02 11:00",5323.49333,18.24,TRADE
VIC1,"1999/03/02 11:30",5265.755,18.08,TRADE
VIC1,"1999/03/02 12:00",5205.97667,17.86,TRADE
VIC1,"1999/03/02 12:30",5145.84833,16.14,TRADE
VIC1,"1999/03/02 13:00",5208.27833,16.72,TRADE
VIC1,"1999/03/02 13:30",5320.48,18.58,TRADE
VIC1,"1999/03/02 14:00",5280.51,18.52,TRADE
VIC1,"1999/03/02 14:30",5218.85833,18.37,TRADE
VIC1,"1999/03/02 15:00",5123.615,18.12,TRADE
VIC1,"1999/03/02 15:30",5215.28,18.45,TRADE
VIC1,"1999/03/02 16:00",5237.76833,24.54,TRADE
VIC1,"1999/03/02 16:30",5188.41167,24.94,TRADE
VIC1,"1999/03/02 17:00",5111.605,19.69,TRADE
VIC1,"1999/03/02 17:30",4865.60167,18.17,TRADE
VIC1,"1999/03/02 18:00",4676.705,17.33,TRADE
VIC1,"1999/03/02 18:30",4482.90167,14.55,TRADE
VIC1,"1999/03/02 19:00",4385.435,14.58,TRADE
VIC1,"1999/03/02 19:30",4438.395,14.96,TRADE
VIC1,"1999/03/02 20:00",4486.73833,15.84,TRADE
VIC1,"1999/03/02 20:30",4356.605,14.88,TRADE
VIC1,"1999/03/02 21:00",4237.26333,14.42,TRADE
VIC1,"1999/03/02 21:30",4082.99333,15.55,TRADE
VIC1,"1999/03/02 22:00",3934.74333,15.36,TRADE
VIC1,"1999/03/02 22:30",3816.61167,14.72,TRADE
VIC1,"1999/03/02 23:00",3766.425,14.58,TRADE
VIC1,"1999/03/02 23:30",4266.87,19.14,TRADE
VIC1,"1999/03/03 00:00",4224.35833,16.53,TRADE
VIC1,"1999/03/03 00:30",4093.75,15.75,TRADE
VIC1,"1999/03/03 01:00",3895.325,14.61,TRADE
VIC1,"1999/03/03 01:30",4177.45333,16.2,TRADE
VIC1,"1999/03/03 02:00",3983.84833,15.3,TRADE
VIC1,"1999/03/03 02:30",3776.10333,14.24,TRADE
VIC1,"1999/03/03 03:00",3524.08333,14.02,TRADE
VIC1,"1999/03/03 03:30",3425.35667,14.02,TRADE
VIC1,"1999/03/03 04:00",3344.83833,13.65,TRADE
VIC1,"1999/03/03 04:30",3420.97667,13.87,TRADE
VIC1,"1999/03/03 05:00",3595.04833,14.7,TRADE
VIC1,"1999/03/03 05:30",3928.10333,18.05,TRADE
VIC1,"1999/03/03 06:00",4296.915,21.11,TRADE
VIC1,"1999/03/03 06:30",4650.74167,19.23,TRADE
VIC1,"1999/03/03 07:00",4979.57333,23.41,TRADE
VIC1,"1999/03/03 07:30",4737.15667,16.05,TRADE
VIC1,"1999/03/03 08:00",4740.04,15.9,TRADE
VIC1,"1999/03/03 08:30",4822.625,17.76,TRADE
VIC1,"1999/03/03 09:00",4890.93167,18.89,TRADE
VIC1,"1999/03/03 09:30",4951.67,18.25,TRADE
VIC1,"1999/03/03 10:00",5077.58,22.24,TRADE
VIC1,"1999/03/03 10:30",5114.06167,22.27,TRADE
VIC1,"1999/03/03 11:00",5176.56667,25.57,TRADE
VIC1,"1999/03/03 11:30",5183.54333,24.38,TRADE
VIC1,"1999/03/03 12:00",5202.42333,20.47,TRADE
VIC1,"1999/03/03 12:30",5313.32167,26.98,TRADE
VIC1,"1999/03/03 13:00",5352.84667,27.54,TRADE
VIC1,"1999/03/03 13:30",5437.07667,30.77,TRADE
VIC1,"1999/03/03 14:00",5521.435,35.87,TRADE
VIC1,"1999/03/03 14:30",5447.46667,31.96,TRADE
VIC1,"1999/03/03 15:00",5548.91,36.6,TRADE
VIC1,"1999/03/03 15:30",5586.87667,45.31,TRADE
VIC1,"1999/03/03 16:00",5597.12833,33.01,TRADE
VIC1,"1999/03/03 16:30",5556.93667,27.55,TRADE
VIC1,"1999/03/03 17:00",5488.01,30.64,TRADE
VIC1,"1999/03/03 17:30",5214.18333,27.85,TRADE
VIC1,"1999/03/03 18:00",4923.25,21.68,TRADE
VIC1,"1999/03/03 18:30",4709.50333,18,TRADE
VIC1,"1999/03/03 19:00",4606.81333,17.79,TRADE
VIC1,"1999/03/03 19:30",4677.39333,18.03,TRADE
VIC1,"1999/03/03 20:00",4669.29833,18.55,TRADE
VIC1,"1999/03/03 20:30",4514.67,18.14,TRADE
VIC1,"1999/03/03 21:00",4364.675,16.02,TRADE
VIC1,"1999/03/03 21:30",4193.75,17.82,TRADE
VIC1,"1999/03/03 22:00",4043.72333,18.17,TRADE
VIC1,"1999/03/03 22:30",3916.03833,19.02,TRADE
VIC1,"1999/03/03 23:00",3850.60667,16.44,TRADE
VIC1,"1999/03/03 23:30",4374.04167,23.33,TRADE
VIC1,"1999/03/04 00:00",4309.88167,19.19,TRADE
VIC1,"1999/03/04 00:30",4120.31,16.47,TRADE
VIC1,"1999/03/04 01:00",3945.94333,14.25,TRADE
VIC1,"1999/03/04 01:30",4225.44833,17.24,TRADE
VIC1,"1999/03/04 02:00",4088.39333,15.13,TRADE
VIC1,"1999/03/04 02:30",3833.335,14.12,TRADE
VIC1,"1999/03/04 03:00",3648.81,14.01,TRADE
VIC1,"1999/03/04 03:30",3483.01833,13.75,TRADE
VIC1,"1999/03/04 04:00",3481.57333,14.01,TRADE
VIC1,"1999/03/04 04:30",3517.22,14.03,TRADE
VIC1,"1999/03/04 05:00",3671,14.22,TRADE
VIC1,"1999/03/04 05:30",4022.47833,16.67,TRADE
VIC1,"1999/03/04 06:00",4391.11667,22.33,TRADE
VIC1,"1999/03/04 06:30",4822.56,18.58,TRADE
VIC1,"1999/03/04 07:00",5174.84,17.59,TRADE
VIC1,"1999/03/04 07:30",4968.005,14.86,TRADE
VIC1,"1999/03/04 08:00",4977.97333,15.89,TRADE
VIC1,"1999/03/04 08:30",4993.77833,18.46,TRADE
VIC1,"1999/03/04 09:00",4982.06167,19.77,TRADE
VIC1,"1999/03/04 09:30",5027.80167,19.66,TRADE
VIC1,"1999/03/04 10:00",5023.43833,19.53,TRADE
VIC1,"1999/03/04 10:30",5024.61833,21.16,TRADE
VIC1,"1999/03/04 11:00",5075.07,27.72,TRADE
VIC1,"1999/03/04 11:30",5070.88667,28.32,TRADE
VIC1,"1999/03/04 12:00",5076.305,29.31,TRADE
VIC1,"1999/03/04 12:30",5083.66333,32.82,TRADE
VIC1,"1999/03/04 13:00",5188.925,43.17,TRADE
VIC1,"1999/03/04 13:30",5185.10167,42.63,TRADE
VIC1,"1999/03/04 14:00",5126.13,35.61,TRADE
VIC1,"1999/03/04 14:30",5100.00333,36.47,TRADE
VIC1,"1999/03/04 15:00",5089.55,37.28,TRADE
VIC1,"1999/03/04 15:30",5076.51167,36.74,TRADE
VIC1,"1999/03/04 16:00",5098.72333,40.04,TRADE
VIC1,"1999/03/04 16:30",5038.04667,39.22,TRADE
VIC1,"1999/03/04 17:00",5023.85333,40.61,TRADE
VIC1,"1999/03/04 17:30",4779.795,27.02,TRADE
VIC1,"1999/03/04 18:00",4580.05,20.4,TRADE
VIC1,"1999/03/04 18:30",4417.72833,17.47,TRADE
VIC1,"1999/03/04 19:00",4364.93833,17.05,TRADE
VIC1,"1999/03/04 19:30",4462.83333,17.47,TRADE
VIC1,"1999/03/04 20:00",4520.17667,18.72,TRADE
VIC1,"1999/03/04 20:30",4375.91333,17.09,TRADE
VIC1,"1999/03/04 21:00",4229.25167,15.24,TRADE
VIC1,"1999/03/04 21:30",4067.09833,17.44,TRADE
VIC1,"1999/03/04 22:00",3921.71167,17.21,TRADE
VIC1,"1999/03/04 22:30",3818.585,17.77,TRADE
VIC1,"1999/03/04 23:00",3749.99333,15.8,TRADE
VIC1,"1999/03/04 23:30",4305.99333,26.09,TRADE
VIC1,"1999/03/05 00:00",4253.69667,20.84,TRADE
VIC1,"1999/03/05 00:30",4065.805,16.02,TRADE
VIC1,"1999/03/05 01:00",3854.775,14.2,TRADE
VIC1,"1999/03/05 01:30",4148.39,17.32,TRADE
VIC1,"1999/03/05 02:00",3983.65667,14.37,TRADE
VIC1,"1999/03/05 02:30",3738.16333,14.09,TRADE
VIC1,"1999/03/05 03:00",3534.10333,13.81,TRADE
VIC1,"1999/03/05 03:30",3402.69333,13.49,TRADE
VIC1,"1999/03/05 04:00",3365.2,13.75,TRADE
VIC1,"1999/03/05 04:30",3432.38,14.02,TRADE
VIC1,"1999/03/05 05:00",3585.02167,14.03,TRADE
VIC1,"1999/03/05 05:30",3910.80167,20.46,TRADE
VIC1,"1999/03/05 06:00",4297.88333,22.09,TRADE
VIC1,"1999/03/05 06:30",4635.325,18.97,TRADE
VIC1,"1999/03/05 07:00",4974.86833,19.12,TRADE
VIC1,"1999/03/05 07:30",4712.47667,15.32,TRADE
VIC1,"1999/03/05 08:00",4719.63833,15.54,TRADE
VIC1,"1999/03/05 08:30",4762.905,17.2,TRADE
VIC1,"1999/03/05 09:00",4768.76833,17.5,TRADE
VIC1,"1999/03/05 09:30",4797.71,17.15,TRADE
VIC1,"1999/03/05 10:00",4871.04833,17.44,TRADE
VIC1,"1999/03/05 10:30",4871.43,17.58,TRADE
VIC1,"1999/03/05 11:00",4927.12167,17.97,TRADE
VIC1,"1999/03/05 11:30",4905.27833,17.66,TRADE
VIC1,"1999/03/05 12:00",4893.91667,17.57,TRADE
VIC1,"1999/03/05 12:30",4924.63833,17.68,TRADE
VIC1,"1999/03/05 13:00",4926.21667,17.67,TRADE
VIC1,"1999/03/05 13:30",4930.94667,18.15,TRADE
VIC1,"1999/03/05 14:00",4982.79167,19.96,TRADE
VIC1,"1999/03/05 14:30",4880.295,18.08,TRADE
VIC1,"1999/03/05 15:00",4823.29667,17.89,TRADE
VIC1,"1999/03/05 15:30",4929.19667,21.48,TRADE
VIC1,"1999/03/05 16:00",4954.68,28.07,TRADE
VIC1,"1999/03/05 16:30",4949.49333,29.29,TRADE
VIC1,"1999/03/05 17:00",4839.165,23.17,TRADE
VIC1,"1999/03/05 17:30",4679.09333,18.1,TRADE
VIC1,"1999/03/05 18:00",4468.255,15.52,TRADE
VIC1,"1999/03/05 18:30",4307.14667,14.64,TRADE
VIC1,"1999/03/05 19:00",4221.93667,14.62,TRADE
VIC1,"1999/03/05 19:30",4356.21667,15.95,TRADE
VIC1,"1999/03/05 20:00",4405.02167,16.45,TRADE
VIC1,"1999/03/05 20:30",4256.45333,15.65,TRADE
VIC1,"1999/03/05 21:00",4116.32333,14.39,TRADE
VIC1,"1999/03/05 21:30",3954.35333,16.76,TRADE
VIC1,"1999/03/05 22:00",3866.35167,15.52,TRADE
VIC1,"1999/03/05 22:30",3790.24833,16.59,TRADE
VIC1,"1999/03/05 23:00",3768.905,15.86,TRADE
VIC1,"1999/03/05 23:30",4270.11167,19.02,TRADE
VIC1,"1999/03/06 00:00",4200.43333,17.45,TRADE
VIC1,"1999/03/06 00:30",4016.3,15.28,TRADE
VIC1,"1999/03/06 01:00",3816.24667,15.1,TRADE
VIC1,"1999/03/06 01:30",4114.85833,17.35,TRADE
VIC1,"1999/03/06 02:00",3918.38667,15.34,TRADE
VIC1,"1999/03/06 02:30",3677.315,14.24,TRADE
VIC1,"1999/03/06 03:00",3473.09667,14.02,TRADE
VIC1,"1999/03/06 03:30",3332.88167,13.71,TRADE
VIC1,"1999/03/06 04:00",3262.18833,13.58,TRADE
VIC1,"1999/03/06 04:30",3269.01,12.45,TRADE
VIC1,"1999/03/06 05:00",3323.03,12.63,TRADE
VIC1,"1999/03/06 05:30",3395.85,8.65,TRADE
VIC1,"1999/03/06 06:00",3515.60333,12.12,TRADE
VIC1,"1999/03/06 06:30",3609.44,12.13,TRADE
VIC1,"1999/03/06 07:00",3767.02333,12.73,TRADE
VIC1,"1999/03/06 07:30",3745.85,12.49,TRADE
VIC1,"1999/03/06 08:00",3843.155,13.58,TRADE
VIC1,"1999/03/06 08:30",3987.21333,14.17,TRADE
VIC1,"1999/03/06 09:00",4037.945,14.12,TRADE
VIC1,"1999/03/06 09:30",4136.64333,17.37,TRADE
VIC1,"1999/03/06 10:00",4132.53833,17.58,TRADE
VIC1,"1999/03/06 10:30",4170.565,15.37,TRADE
VIC1,"1999/03/06 11:00",4189.69833,14.87,TRADE
VIC1,"1999/03/06 11:30",4231.34167,16.08,TRADE
VIC1,"1999/03/06 12:00",4261.74,17.5,TRADE
VIC1,"1999/03/06 12:30",4224.09167,17.47,TRADE
VIC1,"1999/03/06 13:00",4148.57667,17.14,TRADE
VIC1,"1999/03/06 13:30",4161.30667,17.18,TRADE
VIC1,"1999/03/06 14:00",4116.06333,16.86,TRADE
VIC1,"1999/03/06 14:30",4091.61667,17.57,TRADE
VIC1,"1999/03/06 15:00",3991.75333,17.48,TRADE
VIC1,"1999/03/06 15:30",3982.21333,17.48,TRADE
VIC1,"1999/03/06 16:00",3992.35667,17.49,TRADE
VIC1,"1999/03/06 16:30",3963.67,16.85,TRADE
VIC1,"1999/03/06 17:00",3978.12,16.94,TRADE
VIC1,"1999/03/06 17:30",3978.84333,16.85,TRADE
VIC1,"1999/03/06 18:00",3902.24833,16.85,TRADE
VIC1,"1999/03/06 18:30",3879.88667,16.14,TRADE
VIC1,"1999/03/06 19:00",3890.32167,16.24,TRADE
VIC1,"1999/03/06 19:30",3983.49167,17.08,TRADE
VIC1,"1999/03/06 20:00",3972.73,17.05,TRADE
VIC1,"1999/03/06 20:30",3883.12333,16.85,TRADE
VIC1,"1999/03/06 21:00",3807.315,14.69,TRADE
VIC1,"1999/03/06 21:30",3700.82,13.97,TRADE
VIC1,"1999/03/06 22:00",3587.89333,14.04,TRADE
VIC1,"1999/03/06 22:30",3601.84833,14.06,TRADE
VIC1,"1999/03/06 23:00",3571.02833,14.02,TRADE
VIC1,"1999/03/06 23:30",3972.42167,15.75,TRADE
VIC1,"1999/03/07 00:00",3930.38,14.28,TRADE
VIC1,"1999/03/07 00:30",3811.98167,13.83,TRADE
VIC1,"1999/03/07 01:00",3656.33167,13.44,TRADE
VIC1,"1999/03/07 01:30",3886.71,14.13,TRADE
VIC1,"1999/03/07 02:00",3736.285,13.53,TRADE
VIC1,"1999/03/07 02:30",3553.05833,12.81,TRADE
VIC1,"1999/03/07 03:00",3355.09667,12.2,TRADE
VIC1,"1999/03/07 03:30",3222.93167,12.12,TRADE
VIC1,"1999/03/07 04:00",3133.14833,12.12,TRADE
VIC1,"1999/03/07 04:30",3098.67833,12.12,TRADE
VIC1,"1999/03/07 05:00",3116.83167,12.12,TRADE
VIC1,"1999/03/07 05:30",3132.16667,11.01,TRADE
VIC1,"1999/03/07 06:00",3151.28667,10.09,TRADE
VIC1,"1999/03/07 06:30",3228.295,11.24,TRADE
VIC1,"1999/03/07 07:00",3358.435,12.68,TRADE
VIC1,"1999/03/07 07:30",3364.30167,12.57,TRADE
VIC1,"1999/03/07 08:00",3386.00833,12.99,TRADE
VIC1,"1999/03/07 08:30",3478,13.79,TRADE
VIC1,"1999/03/07 09:00",3495.71667,13.68,TRADE
VIC1,"1999/03/07 09:30",3550.85833,13.7,TRADE
VIC1,"1999/03/07 10:00",3541.605,12.95,TRADE
VIC1,"1999/03/07 10:30",3584.09667,13.02,TRADE
VIC1,"1999/03/07 11:00",3574.73667,13.04,TRADE
VIC1,"1999/03/07 11:30",3569.65667,13.06,TRADE
VIC1,"1999/03/07 12:00",3563.78333,12.97,TRADE
VIC1,"1999/03/07 12:30",3556.99833,12.97,TRADE
VIC1,"1999/03/07 13:00",3544.29333,12.97,TRADE
VIC1,"1999/03/07 13:30",3509.65833,12.95,TRADE
VIC1,"1999/03/07 14:00",3499.89667,12.97,TRADE
VIC1,"1999/03/07 14:30",3466.34333,12.97,TRADE
VIC1,"1999/03/07 15:00",3475.625,12.97,TRADE
VIC1,"1999/03/07 15:30",3485.95667,12.99,TRADE
VIC1,"1999/03/07 16:00",3495.55667,12.99,TRADE
VIC1,"1999/03/07 16:30",3579.15167,13.12,TRADE
VIC1,"1999/03/07 17:00",3599.935,13.65,TRADE
VIC1,"1999/03/07 17:30",3614.53,13.52,TRADE
VIC1,"1999/03/07 18:00",3547.95333,13.32,TRADE
VIC1,"1999/03/07 18:30",3504.335,13.35,TRADE
VIC1,"1999/03/07 19:00",3510.93333,13.42,TRADE
VIC1,"1999/03/07 19:30",3624.51167,13.81,TRADE
VIC1,"1999/03/07 20:00",3731.82,13.7,TRADE
VIC1,"1999/03/07 20:30",3573.95,13.39,TRADE
VIC1,"1999/03/07 21:00",3553.845,13.17,TRADE
VIC1,"1999/03/07 21:30",3438.19333,12.95,TRADE
VIC1,"1999/03/07 22:00",3386.79667,12.79,TRADE
VIC1,"1999/03/07 22:30",3385.95333,12.84,TRADE
VIC1,"1999/03/07 23:00",3367.77333,12.66,TRADE
VIC1,"1999/03/07 23:30",3752.67833,13.49,TRADE
VIC1,"1999/03/08 00:00",3770.91,13.2,TRADE
VIC1,"1999/03/08 00:30",3636.86833,12.97,TRADE
VIC1,"1999/03/08 01:00",3493.83333,12.35,TRADE
VIC1,"1999/03/08 01:30",3784.46167,13.76,TRADE
VIC1,"1999/03/08 02:00",3624.96333,12.81,TRADE
VIC1,"1999/03/08 02:30",3412.66333,11.76,TRADE
VIC1,"1999/03/08 03:00",3215.72833,11.8,TRADE
VIC1,"1999/03/08 03:30",3088.34667,8.68,TRADE
VIC1,"1999/03/08 04:00",2988.34,8.55,TRADE
VIC1,"1999/03/08 04:30",2956.595,11.32,TRADE
VIC1,"1999/03/08 05:00",3016.20833,12.12,TRADE
VIC1,"1999/03/08 05:30",3180.66,12.35,TRADE
VIC1,"1999/03/08 06:00",3194.62,12.32,TRADE
VIC1,"1999/03/08 06:30",3337.07833,12.65,TRADE
VIC1,"1999/03/08 07:00",3384.69,12.47,TRADE
VIC1,"1999/03/08 07:30",3274.10333,12.2,TRADE
VIC1,"1999/03/08 08:00",3301.095,12.57,TRADE
VIC1,"1999/03/08 08:30",3459.04667,14.35,TRADE
VIC1,"1999/03/08 09:00",3454.385,13.82,TRADE
VIC1,"1999/03/08 09:30",3538.44833,13.79,TRADE
VIC1,"1999/03/08 10:00",3593.23,13.73,TRADE
VIC1,"1999/03/08 10:30",3632.51833,13.94,TRADE
VIC1,"1999/03/08 11:00",3634.86333,13.58,TRADE
VIC1,"1999/03/08 11:30",3662.11,13.59,TRADE
VIC1,"1999/03/08 12:00",3667.38333,13.52,TRADE
VIC1,"1999/03/08 12:30",3693.155,13.48,TRADE
VIC1,"1999/03/08 13:00",3682.47333,13.01,TRADE
VIC1,"1999/03/08 13:30",3703.34667,13.22,TRADE
VIC1,"1999/03/08 14:00",3684.74333,12.9,TRADE
VIC1,"1999/03/08 14:30",3735.29333,12.87,TRADE
VIC1,"1999/03/08 15:00",3748.50333,13.07,TRADE
VIC1,"1999/03/08 15:30",3794.99,13.04,TRADE
VIC1,"1999/03/08 16:00",3869.655,13.41,TRADE
VIC1,"1999/03/08 16:30",3903.10333,13.31,TRADE
VIC1,"1999/03/08 17:00",3929.47667,13.54,TRADE
VIC1,"1999/03/08 17:30",3867.57,12.88,TRADE
VIC1,"1999/03/08 18:00",3829.265,12.21,TRADE
VIC1,"1999/03/08 18:30",3730.495,12.29,TRADE
VIC1,"1999/03/08 19:00",3676.31667,12.66,TRADE
VIC1,"1999/03/08 19:30",3824.96833,12.95,TRADE
VIC1,"1999/03/08 20:00",3887.63167,13.15,TRADE
VIC1,"1999/03/08 20:30",3803.97667,13.06,TRADE
VIC1,"1999/03/08 21:00",3641.985,12.3,TRADE
VIC1,"1999/03/08 21:30",3547.25,12.96,TRADE
VIC1,"1999/03/08 22:00",3384.02167,12.64,TRADE
VIC1,"1999/03/08 22:30",3319.82167,12.4,TRADE
VIC1,"1999/03/08 23:00",3328.94167,12.42,TRADE
VIC1,"1999/03/08 23:30",3940.44833,14.85,TRADE
VIC1,"1999/03/09 00:00",3958.25333,14.27,TRADE
VIC1,"1999/03/09 00:30",3843.47333,13.8,TRADE
VIC1,"1999/03/09 01:00",3679.22167,13.44,TRADE
VIC1,"1999/03/09 01:30",3970.49167,14.24,TRADE
VIC1,"1999/03/09 02:00",3832.315,13.57,TRADE
VIC1,"1999/03/09 02:30",3640.03833,12.87,TRADE
VIC1,"1999/03/09 03:00",3459.87333,12.19,TRADE
VIC1,"1999/03/09 03:30",3313.435,11.44,TRADE
VIC1,"1999/03/09 04:00",3279.63167,12.12,TRADE
VIC1,"1999/03/09 04:30",3260.05667,13.75,TRADE
VIC1,"1999/03/09 05:00",3345.75833,14.06,TRADE
VIC1,"1999/03/09 05:30",3754.30167,16.95,TRADE
VIC1,"1999/03/09 06:00",4079.85,16.71,TRADE
VIC1,"1999/03/09 06:30",4487.40167,16.08,TRADE
VIC1,"1999/03/09 07:00",4797.05667,17.23,TRADE
VIC1,"1999/03/09 07:30",4647.26667,14.63,TRADE
VIC1,"1999/03/09 08:00",4633.17667,14.59,TRADE
VIC1,"1999/03/09 08:30",4766.72167,17.09,TRADE
VIC1,"1999/03/09 09:00",4789.755,17.45,TRADE
VIC1,"1999/03/09 09:30",4879.81,17.64,TRADE
VIC1,"1999/03/09 10:00",4966.27833,17.92,TRADE
VIC1,"1999/03/09 10:30",5002.21167,18.06,TRADE
VIC1,"1999/03/09 11:00",5040.01167,18.27,TRADE
VIC1,"1999/03/09 11:30",5079.00333,18.21,TRADE
VIC1,"1999/03/09 12:00",5121.26833,18.27,TRADE
VIC1,"1999/03/09 12:30",5207.77167,18.45,TRADE
VIC1,"1999/03/09 13:00",5327.42667,18.68,TRADE
VIC1,"1999/03/09 13:30",5386.83167,20.88,TRADE
VIC1,"1999/03/09 14:00",5383.80333,18.85,TRADE
VIC1,"1999/03/09 14:30",5390.70333,18.63,TRADE
VIC1,"1999/03/09 15:00",5422.15167,18.64,TRADE
VIC1,"1999/03/09 15:30",5498.54333,18.85,TRADE
VIC1,"1999/03/09 16:00",5510.23,22.67,TRADE
VIC1,"1999/03/09 16:30",5511.61167,28.15,TRADE
VIC1,"1999/03/09 17:00",5451.71833,22.57,TRADE
VIC1,"1999/03/09 17:30",5212.04,17.88,TRADE
VIC1,"1999/03/09 18:00",4978.85667,16.23,TRADE
VIC1,"1999/03/09 18:30",4776.805,15.02,TRADE
VIC1,"1999/03/09 19:00",4673.165,16.49,TRADE
VIC1,"1999/03/09 19:30",4752.34,16.6,TRADE
VIC1,"1999/03/09 20:00",4774.86,16.65,TRADE
VIC1,"1999/03/09 20:30",4585.44333,15.37,TRADE
VIC1,"1999/03/09 21:00",4458.43167,14.85,TRADE
VIC1,"1999/03/09 21:30",4256.25167,16.28,TRADE
VIC1,"1999/03/09 22:00",4091.405,15.25,TRADE
VIC1,"1999/03/09 22:30",3913.08167,15.03,TRADE
VIC1,"1999/03/09 23:00",3910.775,14.72,TRADE
VIC1,"1999/03/09 23:30",4405.62167,23.27,TRADE
VIC1,"1999/03/10 00:00",4373.925,18.9,TRADE
VIC1,"1999/03/10 00:30",4180.53833,15.77,TRADE
VIC1,"1999/03/10 01:00",3950.175,14.22,TRADE
VIC1,"1999/03/10 01:30",4263.6,15.94,TRADE
VIC1,"1999/03/10 02:00",4058.62167,14.29,TRADE
VIC1,"1999/03/10 02:30",3834.59167,14.13,TRADE
VIC1,"1999/03/10 03:00",3593.88333,13.81,TRADE
VIC1,"1999/03/10 03:30",3480.195,13.63,TRADE
VIC1,"1999/03/10 04:00",3455.225,13.66,TRADE
VIC1,"1999/03/10 04:30",3505.88833,14.02,TRADE
VIC1,"1999/03/10 05:00",3667.845,14.07,TRADE
VIC1,"1999/03/10 05:30",4000.33833,18.74,TRADE
VIC1,"1999/03/10 06:00",4376.605,20.87,TRADE
VIC1,"1999/03/10 06:30",4810.42,18.93,TRADE
VIC1,"1999/03/10 07:00",5158.61,22.5,TRADE
VIC1,"1999/03/10 07:30",4930.87333,15.74,TRADE
VIC1,"1999/03/10 08:00",4887.12333,15.94,TRADE
VIC1,"1999/03/10 08:30",4942.22,17.85,TRADE
VIC1,"1999/03/10 09:00",4947.54167,18.04,TRADE
VIC1,"1999/03/10 09:30",4945.445,18,TRADE
VIC1,"1999/03/10 10:00",4956.035,17.81,TRADE
VIC1,"1999/03/10 10:30",4972.05,18,TRADE
VIC1,"1999/03/10 11:00",4990.83333,18.01,TRADE
VIC1,"1999/03/10 11:30",4960.715,17.93,TRADE
VIC1,"1999/03/10 12:00",4962.75,17.99,TRADE
VIC1,"1999/03/10 12:30",4997.42667,18,TRADE
VIC1,"1999/03/10 13:00",5078.96167,18.38,TRADE
VIC1,"1999/03/10 13:30",5123.99167,21.56,TRADE
VIC1,"1999/03/10 14:00",5061.09333,18.17,TRADE
VIC1,"1999/03/10 14:30",5099.32,17.96,TRADE
VIC1,"1999/03/10 15:00",5085.33833,17.99,TRADE
VIC1,"1999/03/10 15:30",5100.10167,18.38,TRADE
VIC1,"1999/03/10 16:00",5092.355,23.76,TRADE
VIC1,"1999/03/10 16:30",5087.79833,28.43,TRADE
VIC1,"1999/03/10 17:00",4938.61833,18.83,TRADE
VIC1,"1999/03/10 17:30",4743.47,17.55,TRADE
VIC1,"1999/03/10 18:00",4511.08,15.39,TRADE
VIC1,"1999/03/10 18:30",4327.10667,14.47,TRADE
VIC1,"1999/03/10 19:00",4287.71,14.87,TRADE
VIC1,"1999/03/10 19:30",4425.13667,17.41,TRADE
VIC1,"1999/03/10 20:00",4419.55,15.89,TRADE
VIC1,"1999/03/10 20:30",4294.74333,15.68,TRADE
VIC1,"1999/03/10 21:00",4151.405,14.19,TRADE
VIC1,"1999/03/10 21:30",3987.24167,15.53,TRADE
VIC1,"1999/03/10 22:00",3831.655,14.98,TRADE
VIC1,"1999/03/10 22:30",3729.935,15.06,TRADE
VIC1,"1999/03/10 23:00",3727.33,14.87,TRADE
VIC1,"1999/03/10 23:30",4220.075,20.1,TRADE
VIC1,"1999/03/11 00:00",4179.77833,16.76,TRADE
VIC1,"1999/03/11 00:30",4070.75167,15.07,TRADE
VIC1,"1999/03/11 01:00",3830.55333,14.04,TRADE
VIC1,"1999/03/11 01:30",4137.795,16.03,TRADE
VIC1,"1999/03/11 02:00",3959.4,14.13,TRADE
VIC1,"1999/03/11 02:30",3703.135,13.82,TRADE
VIC1,"1999/03/11 03:00",3519.72167,13.62,TRADE
VIC1,"1999/03/11 03:30",3401.22667,13.16,TRADE
VIC1,"1999/03/11 04:00",3336.33667,12.93,TRADE
VIC1,"1999/03/11 04:30",3393.215,13.85,TRADE
VIC1,"1999/03/11 05:00",3538.63667,14.01,TRADE
VIC1,"1999/03/11 05:30",3943.81167,18.3,TRADE
VIC1,"1999/03/11 06:00",4274.665,20.86,TRADE
VIC1,"1999/03/11 06:30",4748.83,20.19,TRADE
VIC1,"1999/03/11 07:00",5019.93,22.24,TRADE
VIC1,"1999/03/11 07:30",4792.94667,17.42,TRADE
VIC1,"1999/03/11 08:00",4740.32167,15.04,TRADE
VIC1,"1999/03/11 08:30",4812.38667,17.42,TRADE
VIC1,"1999/03/11 09:00",4783.55833,17.4,TRADE
VIC1,"1999/03/11 09:30",4797.11667,17.4,TRADE
VIC1,"1999/03/11 10:00",4835.26333,17.4,TRADE
VIC1,"1999/03/11 10:30",4843.08,17.59,TRADE
VIC1,"1999/03/11 11:00",4874.16167,17.83,TRADE
VIC1,"1999/03/11 11:30",4920.45333,17.74,TRADE
VIC1,"1999/03/11 12:00",4909.41167,17.69,TRADE
VIC1,"1999/03/11 12:30",4981.20167,17.69,TRADE
VIC1,"1999/03/11 13:00",5013.99,17.73,TRADE
VIC1,"1999/03/11 13:30",5092.00167,18,TRADE
VIC1,"1999/03/11 14:00",5065.22833,17.97,TRADE
VIC1,"1999/03/11 14:30",5132.33833,18.02,TRADE
VIC1,"1999/03/11 15:00",5100.52833,17.99,TRADE
VIC1,"1999/03/11 15:30",5165.08333,18.24,TRADE
VIC1,"1999/03/11 16:00",5142.68833,18.32,TRADE
VIC1,"1999/03/11 16:30",5145.42833,18.41,TRADE
VIC1,"1999/03/11 17:00",5110.74333,18.35,TRADE
VIC1,"1999/03/11 17:30",4929.56167,18.25,TRADE
VIC1,"1999/03/11 18:00",4709.71333,17.85,TRADE
VIC1,"1999/03/11 18:30",4573.76333,16.76,TRADE
VIC1,"1999/03/11 19:00",4448.37,15.38,TRADE
VIC1,"1999/03/11 19:30",4636.88,17.68,TRADE
VIC1,"1999/03/11 20:00",4622.21333,16.57,TRADE
VIC1,"1999/03/11 20:30",4473.76167,15.55,TRADE
VIC1,"1999/03/11 21:00",4276.70333,14.42,TRADE
VIC1,"1999/03/11 21:30",4166.32333,17.07,TRADE
VIC1,"1999/03/11 22:00",3980.43,14.74,TRADE
VIC1,"1999/03/11 22:30",3868.115,15.38,TRADE
VIC1,"1999/03/11 23:00",3789.98667,14.33,TRADE
VIC1,"1999/03/11 23:30",4333.57667,20.29,TRADE
VIC1,"1999/03/12 00:00",4267.71333,16.3,TRADE
VIC1,"1999/03/12 00:30",4143.70333,15.19,TRADE
VIC1,"1999/03/12 01:00",3926.02,14.24,TRADE
VIC1,"1999/03/12 01:30",4231.30333,16.32,TRADE
VIC1,"1999/03/12 02:00",3984.77333,14.09,TRADE
VIC1,"1999/03/12 02:30",3752.315,13.93,TRADE
VIC1,"1999/03/12 03:00",3544.93167,13.95,TRADE
VIC1,"1999/03/12 03:30",3410.92833,13.27,TRADE
VIC1,"1999/03/12 04:00",3399.51833,13.74,TRADE
VIC1,"1999/03/12 04:30",3451.11167,14.01,TRADE
VIC1,"1999/03/12 05:00",3565.36833,14.08,TRADE
VIC1,"1999/03/12 05:30",3936.41,16.2,TRADE
VIC1,"1999/03/12 06:00",4330.21833,19.8,TRADE
VIC1,"1999/03/12 06:30",4708.80333,18.19,TRADE
VIC1,"1999/03/12 07:00",4995.655,18.06,TRADE
VIC1,"1999/03/12 07:30",4759.27667,16.6,TRADE
VIC1,"1999/03/12 08:00",4788.79167,17.56,TRADE
VIC1,"1999/03/12 08:30",4846.60833,21.38,TRADE
VIC1,"1999/03/12 09:00",4936.895,30.21,TRADE
VIC1,"1999/03/12 09:30",4967.07,30.06,TRADE
VIC1,"1999/03/12 10:00",5067.46667,32.75,TRADE
VIC1,"1999/03/12 10:30",5107.92167,35.48,TRADE
VIC1,"1999/03/12 11:00",5218.025,39.22,TRADE
VIC1,"1999/03/12 11:30",5176.115,39.44,TRADE
VIC1,"1999/03/12 12:00",5218.64167,46.07,TRADE
VIC1,"1999/03/12 12:30",5235.975,47.23,TRADE
VIC1,"1999/03/12 13:00",5255.98167,50.09,TRADE
VIC1,"1999/03/12 13:30",5298.81,46.29,TRADE
VIC1,"1999/03/12 14:00",5299.35667,45.27,TRADE
VIC1,"1999/03/12 14:30",5236.61167,31.39,TRADE
VIC1,"1999/03/12 15:00",5191.47667,30.58,TRADE
VIC1,"1999/03/12 15:30",5232.68167,34.16,TRADE
VIC1,"1999/03/12 16:00",5191.26667,32.89,TRADE
VIC1,"1999/03/12 16:30",5115.58333,27,TRADE
VIC1,"1999/03/12 17:00",5057.47667,27.13,TRADE
VIC1,"1999/03/12 17:30",4798.77667,19.07,TRADE
VIC1,"1999/03/12 18:00",4606.16167,17.05,TRADE
VIC1,"1999/03/12 18:30",4370.02667,14.09,TRADE
VIC1,"1999/03/12 19:00",4341.32833,14.54,TRADE
VIC1,"1999/03/12 19:30",4462.51667,16.86,TRADE
VIC1,"1999/03/12 20:00",4424.73667,16.05,TRADE
VIC1,"1999/03/12 20:30",4248.50333,14.51,TRADE
VIC1,"1999/03/12 21:00",4047.58667,14.03,TRADE
VIC1,"1999/03/12 21:30",3966.08167,14.93,TRADE
VIC1,"1999/03/12 22:00",3872.97167,15.59,TRADE
VIC1,"1999/03/12 22:30",3785.82667,15.86,TRADE
VIC1,"1999/03/12 23:00",3726.67333,14.51,TRADE
VIC1,"1999/03/12 23:30",4275.04833,23.39,TRADE
VIC1,"1999/03/13 00:00",4237.00667,18.55,TRADE
VIC1,"1999/03/13 00:30",4037.37667,14.67,TRADE
VIC1,"1999/03/13 01:00",3803.89667,14.22,TRADE
VIC1,"1999/03/13 01:30",4088.48667,18.86,TRADE
VIC1,"1999/03/13 02:00",3931.48167,14.8,TRADE
VIC1,"1999/03/13 02:30",3659.14333,13.86,TRADE
VIC1,"1999/03/13 03:00",3452.08667,13.49,TRADE
VIC1,"1999/03/13 03:30",3301.31167,12.78,TRADE
VIC1,"1999/03/13 04:00",3280.74,12,TRADE
VIC1,"1999/03/13 04:30",3264.41833,8.23,TRADE
VIC1,"1999/03/13 05:00",3296.36333,8.56,TRADE
VIC1,"1999/03/13 05:30",3410.94833,11.47,TRADE
VIC1,"1999/03/13 06:00",3560.30833,12.13,TRADE
VIC1,"1999/03/13 06:30",3744.38167,13.58,TRADE
VIC1,"1999/03/13 07:00",3854.04,14.14,TRADE
VIC1,"1999/03/13 07:30",3886.69,14.1,TRADE
VIC1,"1999/03/13 08:00",3972.52667,14.39,TRADE
VIC1,"1999/03/13 08:30",4110.13167,16.05,TRADE
VIC1,"1999/03/13 09:00",4068.60333,17.16,TRADE
VIC1,"1999/03/13 09:30",4122.535,17.81,TRADE
VIC1,"1999/03/13 10:00",4077.09167,16.57,TRADE
VIC1,"1999/03/13 10:30",4107.50333,17.38,TRADE
VIC1,"1999/03/13 11:00",4083.355,17.54,TRADE
VIC1,"1999/03/13 11:30",4027.78167,15.57,TRADE
VIC1,"1999/03/13 12:00",3999.535,14.61,TRADE
VIC1,"1999/03/13 12:30",3927.40167,13.71,TRADE
VIC1,"1999/03/13 13:00",3896.29833,13.67,TRADE
VIC1,"1999/03/13 13:30",3898.95,13.57,TRADE
VIC1,"1999/03/13 14:00",3845.36,13.33,TRADE
VIC1,"1999/03/13 14:30",3820.16667,13.32,TRADE
VIC1,"1999/03/13 15:00",3806.33667,13.08,TRADE
VIC1,"1999/03/13 15:30",3823.35833,13.63,TRADE
VIC1,"1999/03/13 16:00",3875.66,13.89,TRADE
VIC1,"1999/03/13 16:30",3897.675,13.98,TRADE
VIC1,"1999/03/13 17:00",3965.24167,14.43,TRADE
VIC1,"1999/03/13 17:30",3953.58833,14.38,TRADE
VIC1,"1999/03/13 18:00",3927.10667,14.48,TRADE
VIC1,"1999/03/13 18:30",3869.17,13.79,TRADE
VIC1,"1999/03/13 19:00",3900.985,14.12,TRADE
VIC1,"1999/03/13 19:30",3929.66333,14.02,TRADE
VIC1,"1999/03/13 20:00",3918.68167,13.74,TRADE
VIC1,"1999/03/13 20:30",3813.345,13.69,TRADE
VIC1,"1999/03/13 21:00",3733.26333,13.22,TRADE
VIC1,"1999/03/13 21:30",3641.06667,12.69,TRADE
VIC1,"1999/03/13 22:00",3548.57667,12.35,TRADE
VIC1,"1999/03/13 22:30",3554.64667,12.33,TRADE
VIC1,"1999/03/13 23:00",3541.50667,12.37,TRADE
VIC1,"1999/03/13 23:30",3992.54667,14.28,TRADE
VIC1,"1999/03/14 00:00",3913.31,13.39,TRADE
VIC1,"1999/03/14 00:30",3800.775,13.32,TRADE
VIC1,"1999/03/14 01:00",3629.26167,12.24,TRADE
VIC1,"1999/03/14 01:30",3909.73167,13.42,TRADE
VIC1,"1999/03/14 02:00",3771.525,12.96,TRADE
VIC1,"1999/03/14 02:30",3564.405,12.39,TRADE
VIC1,"1999/03/14 03:00",3347.815,10.46,TRADE
VIC1,"1999/03/14 03:30",3160.67833,8.23,TRADE
VIC1,"1999/03/14 04:00",3062.715,7.1,TRADE
VIC1,"1999/03/14 04:30",3010.06333,7.54,TRADE
VIC1,"1999/03/14 05:00",2986.19667,5.93,TRADE
VIC1,"1999/03/14 05:30",3017.86833,7.14,TRADE
VIC1,"1999/03/14 06:00",3044.30333,8.21,TRADE
VIC1,"1999/03/14 06:30",3124.31,8.23,TRADE
VIC1,"1999/03/14 07:00",3173.66167,8.24,TRADE
VIC1,"1999/03/14 07:30",3196.47833,8.8,TRADE
VIC1,"1999/03/14 08:00",3263.465,10.48,TRADE
VIC1,"1999/03/14 08:30",3393.46167,12.12,TRADE
VIC1,"1999/03/14 09:00",3442.16667,12.12,TRADE
VIC1,"1999/03/14 09:30",3526.25833,12.12,TRADE
VIC1,"1999/03/14 10:00",3565.86167,12.12,TRADE
VIC1,"1999/03/14 10:30",3568.51667,12.12,TRADE
VIC1,"1999/03/14 11:00",3597.88167,12.13,TRADE
VIC1,"1999/03/14 11:30",3581.51667,12.28,TRADE
VIC1,"1999/03/14 12:00",3569.90333,12.14,TRADE
VIC1,"1999/03/14 12:30",3589.895,12.23,TRADE
VIC1,"1999/03/14 13:00",3561.77833,12.21,TRADE
VIC1,"1999/03/14 13:30",3556.425,12.18,TRADE
VIC1,"1999/03/14 14:00",3534.56667,12.13,TRADE
VIC1,"1999/03/14 14:30",3520.02333,12.13,TRADE
VIC1,"1999/03/14 15:00",3553.46,12.36,TRADE
VIC1,"1999/03/14 15:30",3579.95,12.37,TRADE
VIC1,"1999/03/14 16:00",3647.34667,12.82,TRADE
VIC1,"1999/03/14 16:30",3695.33,13.19,TRADE
VIC1,"1999/03/14 17:00",3753.35,13.54,TRADE
VIC1,"1999/03/14 17:30",3753.09333,13.75,TRADE
VIC1,"1999/03/14 18:00",3745.15667,13.72,TRADE
VIC1,"1999/03/14 18:30",3735.49333,13.61,TRADE
VIC1,"1999/03/14 19:00",3858.195,14.09,TRADE
VIC1,"1999/03/14 19:30",3946.14833,14.35,TRADE
VIC1,"1999/03/14 20:00",3908.83,14.11,TRADE
VIC1,"1999/03/14 20:30",3794.445,13.16,TRADE
VIC1,"1999/03/14 21:00",3709.34667,13.17,TRADE
VIC1,"1999/03/14 21:30",3560.55333,12.18,TRADE
VIC1,"1999/03/14 22:00",3480.05167,12.13,TRADE
VIC1,"1999/03/14 22:30",3441.79833,12.12,TRADE
VIC1,"1999/03/14 23:00",3415.88333,12.3,TRADE
VIC1,"1999/03/14 23:30",3886.21833,14.22,TRADE
VIC1,"1999/03/15 00:00",3879.285,13.75,TRADE
VIC1,"1999/03/15 00:30",3792.44167,13.35,TRADE
VIC1,"1999/03/15 01:00",3637.19333,12.32,TRADE
VIC1,"1999/03/15 01:30",3959.975,13.64,TRADE
VIC1,"1999/03/15 02:00",3826.40333,13.09,TRADE
VIC1,"1999/03/15 02:30",3617.42833,11.66,TRADE
VIC1,"1999/03/15 03:00",3393.45667,12,TRADE
VIC1,"1999/03/15 03:30",3289.205,10.47,TRADE
VIC1,"1999/03/15 04:00",3213.03333,10.43,TRADE
VIC1,"1999/03/15 04:30",3303.60333,13.76,TRADE
VIC1,"1999/03/15 05:00",3374.78,13.65,TRADE
VIC1,"1999/03/15 05:30",3749.44667,16.22,TRADE
VIC1,"1999/03/15 06:00",4102.26167,19.13,TRADE
VIC1,"1999/03/15 06:30",4571.82833,22.79,TRADE
VIC1,"1999/03/15 07:00",4923.155,32.55,TRADE
VIC1,"1999/03/15 07:30",4724.30333,17.36,TRADE
VIC1,"1999/03/15 08:00",4627.45167,17.23,TRADE
VIC1,"1999/03/15 08:30",4739.23333,24.15,TRADE
VIC1,"1999/03/15 09:00",4707.695,17.98,TRADE
VIC1,"1999/03/15 09:30",4759.86833,17.65,TRADE
VIC1,"1999/03/15 10:00",4762.05667,18.79,TRADE
VIC1,"1999/03/15 10:30",4799.93333,22.65,TRADE
VIC1,"1999/03/15 11:00",4788.03833,18.22,TRADE
VIC1,"1999/03/15 11:30",4739.95167,16.72,TRADE
VIC1,"1999/03/15 12:00",4730.67667,16.62,TRADE
VIC1,"1999/03/15 12:30",4749.06333,16.64,TRADE
VIC1,"1999/03/15 13:00",4737.56,16.68,TRADE
VIC1,"1999/03/15 13:30",4756.18,16.89,TRADE
VIC1,"1999/03/15 14:00",4738.52,17.1,TRADE
VIC1,"1999/03/15 14:30",4726.47833,16.69,TRADE
VIC1,"1999/03/15 15:00",4743.98667,23.23,TRADE
VIC1,"1999/03/15 15:30",4774.52167,23.51,TRADE
VIC1,"1999/03/15 16:00",4719.11,19.75,TRADE
VIC1,"1999/03/15 16:30",4731.37,16.75,TRADE
VIC1,"1999/03/15 17:00",4714.36667,18.03,TRADE
VIC1,"1999/03/15 17:30",4476.97,16.04,TRADE
VIC1,"1999/03/15 18:00",4390.73167,15.4,TRADE
VIC1,"1999/03/15 18:30",4204.06167,14.9,TRADE
VIC1,"1999/03/15 19:00",4227.53667,16.16,TRADE
VIC1,"1999/03/15 19:30",4369.125,16.51,TRADE
VIC1,"1999/03/15 20:00",4331.10833,14.5,TRADE
VIC1,"1999/03/15 20:30",4206.735,14.04,TRADE
VIC1,"1999/03/15 21:00",3980.65167,14.02,TRADE
VIC1,"1999/03/15 21:30",3835.52833,14.02,TRADE
VIC1,"1999/03/15 22:00",3712.55833,13.97,TRADE
VIC1,"1999/03/15 22:30",3659.76833,14.18,TRADE
VIC1,"1999/03/15 23:00",3640.67667,14.18,TRADE
VIC1,"1999/03/15 23:30",4231.70167,18.81,TRADE
VIC1,"1999/03/16 00:00",4175.58167,14.71,TRADE
VIC1,"1999/03/16 00:30",4068.03167,14.5,TRADE
VIC1,"1999/03/16 01:00",3854.91833,14.03,TRADE
VIC1,"1999/03/16 01:30",4170.52333,14.99,TRADE
VIC1,"1999/03/16 02:00",3992.94167,14.17,TRADE
VIC1,"1999/03/16 02:30",3718.88167,13.86,TRADE
VIC1,"1999/03/16 03:00",3525.28333,11.86,TRADE
VIC1,"1999/03/16 03:30",3413.60833,10.4,TRADE
VIC1,"1999/03/16 04:00",3315.01333,10.39,TRADE
VIC1,"1999/03/16 04:30",3394.935,13.32,TRADE
VIC1,"1999/03/16 05:00",3499.575,13.9,TRADE
VIC1,"1999/03/16 05:30",3859.21167,15.5,TRADE
VIC1,"1999/03/16 06:00",4250.50833,17.63,TRADE
VIC1,"1999/03/16 06:30",4723.67,23.13,TRADE
VIC1,"1999/03/16 07:00",5037.51833,29.48,TRADE
VIC1,"1999/03/16 07:30",4744.52667,15.75,TRADE
VIC1,"1999/03/16 08:00",4682.59333,17.37,TRADE
VIC1,"1999/03/16 08:30",4738.74333,17.28,TRADE
VIC1,"1999/03/16 09:00",4723.845,16.97,TRADE
VIC1,"1999/03/16 09:30",4733.87667,16.84,TRADE
VIC1,"1999/03/16 10:00",4741.235,16.73,TRADE
VIC1,"1999/03/16 10:30",4742.175,17.12,TRADE
VIC1,"1999/03/16 11:00",4746.84833,17.38,TRADE
VIC1,"1999/03/16 11:30",4729.35667,17.21,TRADE
VIC1,"1999/03/16 12:00",4726.96667,17.09,TRADE
VIC1,"1999/03/16 12:30",4768.095,17.17,TRADE
VIC1,"1999/03/16 13:00",4782.98833,17.07,TRADE
VIC1,"1999/03/16 13:30",4800.56167,16.9,TRADE
VIC1,"1999/03/16 14:00",4743.66167,16.42,TRADE
VIC1,"1999/03/16 14:30",4769.43667,16.23,TRADE
VIC1,"1999/03/16 15:00",4717.07,15.49,TRADE
VIC1,"1999/03/16 15:30",4733.35333,15.03,TRADE
VIC1,"1999/03/16 16:00",4799.42,16.22,TRADE
VIC1,"1999/03/16 16:30",4768.84833,16.96,TRADE
VIC1,"1999/03/16 17:00",4715.70333,16.56,TRADE
VIC1,"1999/03/16 17:30",4468.26,14.4,TRADE
VIC1,"1999/03/16 18:00",4301.93667,14.21,TRADE
VIC1,"1999/03/16 18:30",4154.82,14.05,TRADE
VIC1,"1999/03/16 19:00",4238.8,14.32,TRADE
VIC1,"1999/03/16 19:30",4358.43833,14.21,TRADE
VIC1,"1999/03/16 20:00",4295.10833,14.05,TRADE
VIC1,"1999/03/16 20:30",4192.77,14.04,TRADE
VIC1,"1999/03/16 21:00",4065.03333,14.04,TRADE
VIC1,"1999/03/16 21:30",3935.255,14.07,TRADE
VIC1,"1999/03/16 22:00",3767.115,14.08,TRADE
VIC1,"1999/03/16 22:30",3661.91167,14.13,TRADE
VIC1,"1999/03/16 23:00",3632.82667,14.04,TRADE
VIC1,"1999/03/16 23:30",4161.28667,17.48,TRADE
VIC1,"1999/03/17 00:00",4155.46,14.55,TRADE
VIC1,"1999/03/17 00:30",4016.35667,14.28,TRADE
VIC1,"1999/03/17 01:00",3868.86667,14.07,TRADE
VIC1,"1999/03/17 01:30",4157.88,15.07,TRADE
VIC1,"1999/03/17 02:00",3961.51,14.02,TRADE
VIC1,"1999/03/17 02:30",3738.17667,13.89,TRADE
VIC1,"1999/03/17 03:00",3533.37833,13.3,TRADE
VIC1,"1999/03/17 03:30",3440,12.77,TRADE
VIC1,"1999/03/17 04:00",3366.62833,12.7,TRADE
VIC1,"1999/03/17 04:30",3442.91,13.5,TRADE
VIC1,"1999/03/17 05:00",3551.26167,13.99,TRADE
VIC1,"1999/03/17 05:30",3924.26333,15.14,TRADE
VIC1,"1999/03/17 06:00",4280.65833,18.13,TRADE
VIC1,"1999/03/17 06:30",4739.63333,22.8,TRADE
VIC1,"1999/03/17 07:00",5054.19333,25.6,TRADE
VIC1,"1999/03/17 07:30",4786.52333,15.27,TRADE
VIC1,"1999/03/17 08:00",4706.49,14.77,TRADE
VIC1,"1999/03/17 08:30",3115.14167,15.95,TRADE
VIC1,"1999/03/17 09:00",4657.79833,15.01,TRADE
VIC1,"1999/03/17 09:30",4737.65167,16.28,TRADE
VIC1,"1999/03/17 10:00",4730.85667,14.94,TRADE
VIC1,"1999/03/17 10:30",4736.66667,16.19,TRADE
VIC1,"1999/03/17 11:00",4774.81667,16.7,TRADE
VIC1,"1999/03/17 11:30",4756.84833,16.55,TRADE
VIC1,"1999/03/17 12:00",4761.11667,16.53,TRADE
VIC1,"1999/03/17 12:30",4813.46167,16.7,TRADE
VIC1,"1999/03/17 13:00",4832.93667,16.69,TRADE
VIC1,"1999/03/17 13:30",4860.9,17.02,TRADE
VIC1,"1999/03/17 14:00",4847.21167,17.14,TRADE
VIC1,"1999/03/17 14:30",4849.86,17.11,TRADE
VIC1,"1999/03/17 15:00",4843.67667,17.3,TRADE
VIC1,"1999/03/17 15:30",4860.66333,17.4,TRADE
VIC1,"1999/03/17 16:00",4843.78667,17.84,TRADE
VIC1,"1999/03/17 16:30",4822.59167,17.52,TRADE
VIC1,"1999/03/17 17:00",4764.84167,17.26,TRADE
VIC1,"1999/03/17 17:30",4582.71333,16.23,TRADE
VIC1,"1999/03/17 18:00",4406.37667,15.06,TRADE
VIC1,"1999/03/17 18:30",4308.21,14.57,TRADE
VIC1,"1999/03/17 19:00",4358.85,16.28,TRADE
VIC1,"1999/03/17 19:30",4505.64,16,TRADE
VIC1,"1999/03/17 20:00",4385.025,14.54,TRADE
VIC1,"1999/03/17 20:30",4265.05833,14.32,TRADE
VIC1,"1999/03/17 21:00",4168.075,14.26,TRADE
VIC1,"1999/03/17 21:30",4002.08667,14.34,TRADE
VIC1,"1999/03/17 22:00",3859.34667,14.17,TRADE
VIC1,"1999/03/17 22:30",3772.57333,14.79,TRADE
VIC1,"1999/03/17 23:00",3750.895,14.13,TRADE
VIC1,"1999/03/17 23:30",4224.04,18.93,TRADE
VIC1,"1999/03/18 00:00",4207.13333,15.73,TRADE
VIC1,"1999/03/18 00:30",4049.45167,14.33,TRADE
VIC1,"1999/03/18 01:00",3902.48667,14.14,TRADE
VIC1,"1999/03/18 01:30",4150.33333,15.47,TRADE
VIC1,"1999/03/18 02:00",4007.04,14.71,TRADE
VIC1,"1999/03/18 02:30",3718.40833,13.99,TRADE
VIC1,"1999/03/18 03:00",3556.17,13.79,TRADE
VIC1,"1999/03/18 03:30",3427.40167,13.24,TRADE
VIC1,"1999/03/18 04:00",3359.89667,13.05,TRADE
VIC1,"1999/03/18 04:30",3407.91,13.66,TRADE
VIC1,"1999/03/18 05:00",3529.63667,13.93,TRADE
VIC1,"1999/03/18 05:30",3908.76833,17,TRADE
VIC1,"1999/03/18 06:00",4254.99,22.25,TRADE
VIC1,"1999/03/18 06:30",4705.365,21.92,TRADE
VIC1,"1999/03/18 07:00",5008.915,22.86,TRADE
VIC1,"1999/03/18 07:30",4780.29,15.03,TRADE
VIC1,"1999/03/18 08:00",4690.35833,14.95,TRADE
VIC1,"1999/03/18 08:30",4775.25833,16.98,TRADE
VIC1,"1999/03/18 09:00",4716.55667,16.51,TRADE
VIC1,"1999/03/18 09:30",4781.7,16.35,TRADE
VIC1,"1999/03/18 10:00",4822.80667,16.4,TRADE
VIC1,"1999/03/18 10:30",4790.62,16.55,TRADE
VIC1,"1999/03/18 11:00",4831.16,17.68,TRADE
VIC1,"1999/03/18 11:30",4801.20167,17.03,TRADE
VIC1,"1999/03/18 12:00",4784.89833,17.48,TRADE
VIC1,"1999/03/18 12:30",4875.31,19.23,TRADE
VIC1,"1999/03/18 13:00",4911.40833,23.47,TRADE
VIC1,"1999/03/18 13:30",4905.42167,18.4,TRADE
VIC1,"1999/03/18 14:00",4908.99,18.15,TRADE
VIC1,"1999/03/18 14:30",4922.41833,18.79,TRADE
VIC1,"1999/03/18 15:00",4823.65333,16.61,TRADE
VIC1,"1999/03/18 15:30",4854.27167,17.14,TRADE
VIC1,"1999/03/18 16:00",4825.68,17.29,TRADE
VIC1,"1999/03/18 16:30",4800.7,17.34,TRADE
VIC1,"1999/03/18 17:00",4757.06667,17.25,TRADE
VIC1,"1999/03/18 17:30",4555.495,15.1,TRADE
VIC1,"1999/03/18 18:00",4417.025,14.59,TRADE
VIC1,"1999/03/18 18:30",4273.01333,14.38,TRADE
VIC1,"1999/03/18 19:00",4390.84,15.56,TRADE
VIC1,"1999/03/18 19:30",4468.61167,14.62,TRADE
VIC1,"1999/03/18 20:00",4415.35833,14.41,TRADE
VIC1,"1999/03/18 20:30",4257.28667,14.21,TRADE
VIC1,"1999/03/18 21:00",4136.36833,14.14,TRADE
VIC1,"1999/03/18 21:30",3999.38,14.2,TRADE
VIC1,"1999/03/18 22:00",3828.50167,14.12,TRADE
VIC1,"1999/03/18 22:30",3731.56167,15.08,TRADE
VIC1,"1999/03/18 23:00",3676.66,14.05,TRADE
VIC1,"1999/03/18 23:30",4252.53,18.98,TRADE
VIC1,"1999/03/19 00:00",4203.45833,15,TRADE
VIC1,"1999/03/19 00:30",4055.96333,14.23,TRADE
VIC1,"1999/03/19 01:00",3884.25167,14.04,TRADE
VIC1,"1999/03/19 01:30",4185.24167,15.01,TRADE
VIC1,"1999/03/19 02:00",3956.46167,14.02,TRADE
VIC1,"1999/03/19 02:30",3729.91333,12.06,TRADE
VIC1,"1999/03/19 03:00",3551.345,10.38,TRADE
VIC1,"1999/03/19 03:30",3427.70667,8.77,TRADE
VIC1,"1999/03/19 04:00",3375.52,10.12,TRADE
VIC1,"1999/03/19 04:30",3417.04667,13.03,TRADE
VIC1,"1999/03/19 05:00",3535.87833,13.85,TRADE
VIC1,"1999/03/19 05:30",3916.91833,15.14,TRADE
VIC1,"1999/03/19 06:00",4272.975,18.16,TRADE
VIC1,"1999/03/19 06:30",4696.38667,21.03,TRADE
VIC1,"1999/03/19 07:00",5067.33,21.51,TRADE
VIC1,"1999/03/19 07:30",4839.66833,16.66,TRADE
VIC1,"1999/03/19 08:00",4821.05333,17.48,TRADE
VIC1,"1999/03/19 08:30",4833.71333,17.94,TRADE
VIC1,"1999/03/19 09:00",4855.20667,17.96,TRADE
VIC1,"1999/03/19 09:30",4839.275,16.92,TRADE
VIC1,"1999/03/19 10:00",4909.97167,17.19,TRADE
VIC1,"1999/03/19 10:30",4860.78333,16.98,TRADE
VIC1,"1999/03/19 11:00",4850.955,16.91,TRADE
VIC1,"1999/03/19 11:30",4799.12167,16.63,TRADE
VIC1,"1999/03/19 12:00",4739.02,15.79,TRADE
VIC1,"1999/03/19 12:30",4756.83333,16.29,TRADE
VIC1,"1999/03/19 13:00",4718.01167,15.14,TRADE
VIC1,"1999/03/19 13:30",4697.92833,14.89,TRADE
VIC1,"1999/03/19 14:00",4682.89833,14.91,TRADE
VIC1,"1999/03/19 14:30",4666.035,14.86,TRADE
VIC1,"1999/03/19 15:00",4675.8,14.85,TRADE
VIC1,"1999/03/19 15:30",4694.69667,14.78,TRADE
VIC1,"1999/03/19 16:00",4703.72,14.86,TRADE
VIC1,"1999/03/19 16:30",4644.41667,14.83,TRADE
VIC1,"1999/03/19 17:00",4636.69833,14.87,TRADE
VIC1,"1999/03/19 17:30",4449.555,14.24,TRADE
VIC1,"1999/03/19 18:00",4329.66,14.17,TRADE
VIC1,"1999/03/19 18:30",4196.54333,14.04,TRADE
VIC1,"1999/03/19 19:00",4328.50667,14.24,TRADE
VIC1,"1999/03/19 19:30",4400.39167,14.68,TRADE
VIC1,"1999/03/19 20:00",4298.39833,14.29,TRADE
VIC1,"1999/03/19 20:30",4153.88667,14.05,TRADE
VIC1,"1999/03/19 21:00",3927.09167,13.99,TRADE
VIC1,"1999/03/19 21:30",3890.98833,14.04,TRADE
VIC1,"1999/03/19 22:00",3814.06,14.16,TRADE
VIC1,"1999/03/19 22:30",3752.68667,14.47,TRADE
VIC1,"1999/03/19 23:00",3704.14667,14.1,TRADE
VIC1,"1999/03/19 23:30",4264.87167,17.33,TRADE
VIC1,"1999/03/20 00:00",4209.76667,16.3,TRADE
VIC1,"1999/03/20 00:30",4031.26833,15.16,TRADE
VIC1,"1999/03/20 01:00",3826.665,14.44,TRADE
VIC1,"1999/03/20 01:30",4142.10167,15.74,TRADE
VIC1,"1999/03/20 02:00",3986.71,14.59,TRADE
VIC1,"1999/03/20 02:30",3767.40333,14.21,TRADE
VIC1,"1999/03/20 03:00",3535.86,13.77,TRADE
VIC1,"1999/03/20 03:30",3402.32333,13.18,TRADE
VIC1,"1999/03/20 04:00",3318.27167,12.99,TRADE
VIC1,"1999/03/20 04:30",3308.31333,11.89,TRADE
VIC1,"1999/03/20 05:00",3331.79833,12.12,TRADE
VIC1,"1999/03/20 05:30",3489.425,12.17,TRADE
VIC1,"1999/03/20 06:00",3544.47,12.14,TRADE
VIC1,"1999/03/20 06:30",3722.58667,14.17,TRADE
VIC1,"1999/03/20 07:00",3876.93333,15.19,TRADE
VIC1,"1999/03/20 07:30",3844.85,14.09,TRADE
VIC1,"1999/03/20 08:00",4004.26167,17.02,TRADE
VIC1,"1999/03/20 08:30",4126.00167,20.62,TRADE
VIC1,"1999/03/20 09:00",4136.12,20.46,TRADE
VIC1,"1999/03/20 09:30",4180.695,21.16,TRADE
VIC1,"1999/03/20 10:00",4184.26667,21.08,TRADE
VIC1,"1999/03/20 10:30",4157.80167,19.07,TRADE
VIC1,"1999/03/20 11:00",4192.975,20.99,TRADE
VIC1,"1999/03/20 11:30",4098.36833,18.91,TRADE
VIC1,"1999/03/20 12:00",4100.62833,17.87,TRADE
VIC1,"1999/03/20 12:30",4035.085,15.06,TRADE
VIC1,"1999/03/20 13:00",4035.63667,16.4,TRADE
VIC1,"1999/03/20 13:30",4038.77667,16.79,TRADE
VIC1,"1999/03/20 14:00",4015.90333,16.76,TRADE
VIC1,"1999/03/20 14:30",3969.32333,15.86,TRADE
VIC1,"1999/03/20 15:00",3975.64833,16.47,TRADE
VIC1,"1999/03/20 15:30",3946.665,15.76,TRADE
VIC1,"1999/03/20 16:00",3974.67167,16.28,TRADE
VIC1,"1999/03/20 16:30",3948.73,14.52,TRADE
VIC1,"1999/03/20 17:00",4044.72667,16.67,TRADE
VIC1,"1999/03/20 17:30",4010.53167,14.79,TRADE
VIC1,"1999/03/20 18:00",3998.76167,15.06,TRADE
VIC1,"1999/03/20 18:30",3920.08333,14.39,TRADE
VIC1,"1999/03/20 19:00",4022.375,14.5,TRADE
VIC1,"1999/03/20 19:30",4038.25167,14.5,TRADE
VIC1,"1999/03/20 20:00",3971.31833,15.02,TRADE
VIC1,"1999/03/20 20:30",3870.02,14.02,TRADE
VIC1,"1999/03/20 21:00",3755.42833,13.59,TRADE
VIC1,"1999/03/20 21:30",3724.06667,13.98,TRADE
VIC1,"1999/03/20 22:00",3587.615,12.47,TRADE
VIC1,"1999/03/20 22:30",3577.48,12.14,TRADE
VIC1,"1999/03/20 23:00",3550.57,12.14,TRADE
VIC1,"1999/03/20 23:30",4009.66333,13.6,TRADE
VIC1,"1999/03/21 00:00",3951.85167,13.34,TRADE
VIC1,"1999/03/21 00:30",3820.38167,12.86,TRADE
VIC1,"1999/03/21 01:00",3610.01667,12.12,TRADE
VIC1,"1999/03/21 01:30",3883.04833,12.74,TRADE
VIC1,"1999/03/21 02:00",3734.66167,11.33,TRADE
VIC1,"1999/03/21 02:30",3486.72167,9.68,TRADE
VIC1,"1999/03/21 03:00",3321.305,9.12,TRADE
VIC1,"1999/03/21 03:30",3181.31667,8.23,TRADE
VIC1,"1999/03/21 04:00",3043.76167,7.82,TRADE
VIC1,"1999/03/21 04:30",2998.76833,8.22,TRADE
VIC1,"1999/03/21 05:00",2969.05,8.22,TRADE
VIC1,"1999/03/21 05:30",3028.41333,9.28,TRADE
VIC1,"1999/03/21 06:00",3106.15833,10.36,TRADE
VIC1,"1999/03/21 06:30",3172.04667,10.49,TRADE
VIC1,"1999/03/21 07:00",3276.95833,11.85,TRADE
VIC1,"1999/03/21 07:30",3300.03167,12.01,TRADE
VIC1,"1999/03/21 08:00",3393.165,12.12,TRADE
VIC1,"1999/03/21 08:30",3481.23,12.12,TRADE
VIC1,"1999/03/21 09:00",3612.35333,13.71,TRADE
VIC1,"1999/03/21 09:30",3686.95333,13.72,TRADE
VIC1,"1999/03/21 10:00",3762.47167,14.08,TRADE
VIC1,"1999/03/21 10:30",3766.7,14.01,TRADE
VIC1,"1999/03/21 11:00",3808.23333,14.07,TRADE
VIC1,"1999/03/21 11:30",3787.65167,13.98,TRADE
VIC1,"1999/03/21 12:00",3788.08833,13.81,TRADE
VIC1,"1999/03/21 12:30",3797.42667,13.8,TRADE
VIC1,"1999/03/21 13:00",3739.515,13.68,TRADE
VIC1,"1999/03/21 13:30",3698.50167,13.35,TRADE
VIC1,"1999/03/21 14:00",3701.32,13.56,TRADE
VIC1,"1999/03/21 14:30",3705.825,13.05,TRADE
VIC1,"1999/03/21 15:00",3697.97,13.67,TRADE
VIC1,"1999/03/21 15:30",3744.40833,13.59,TRADE
VIC1,"1999/03/21 16:00",3785.08167,13.87,TRADE
VIC1,"1999/03/21 16:30",3869.60833,13.83,TRADE
VIC1,"1999/03/21 17:00",3945.39833,14.39,TRADE
VIC1,"1999/03/21 17:30",3960.77,14.5,TRADE
VIC1,"1999/03/21 18:00",3905.675,14.2,TRADE
VIC1,"1999/03/21 18:30",3913.55,14.51,TRADE
VIC1,"1999/03/21 19:00",4022.20167,15.57,TRADE
VIC1,"1999/03/21 19:30",4031.4,18.76,TRADE
VIC1,"1999/03/21 20:00",3944.25833,16.61,TRADE
VIC1,"1999/03/21 20:30",3813.525,13.99,TRADE
VIC1,"1999/03/21 21:00",3726.645,13.49,TRADE
VIC1,"1999/03/21 21:30",3575.01667,12.13,TRADE
VIC1,"1999/03/21 22:00",3478.81333,12.12,TRADE
VIC1,"1999/03/21 22:30",3454.69667,12.12,TRADE
VIC1,"1999/03/21 23:00",3431.6,12.19,TRADE
VIC1,"1999/03/21 23:30",3917.03167,13.9,TRADE
VIC1,"1999/03/22 00:00",3840.78667,13.54,TRADE
VIC1,"1999/03/22 00:30",3744.37667,12.57,TRADE
VIC1,"1999/03/22 01:00",3566.55,12.13,TRADE
VIC1,"1999/03/22 01:30",3922.36667,13.63,TRADE
VIC1,"1999/03/22 02:00",3757.92333,12.41,TRADE
VIC1,"1999/03/22 02:30",3558.38167,11.97,TRADE
VIC1,"1999/03/22 03:00",3354.02667,10.35,TRADE
VIC1,"1999/03/22 03:30",3264.315,10.48,TRADE
VIC1,"1999/03/22 04:00",3238.07333,11.6,TRADE
VIC1,"1999/03/22 04:30",3263.015,13.63,TRADE
VIC1,"1999/03/22 05:00",3346.98167,13.98,TRADE
VIC1,"1999/03/22 05:30",3705.09,15.94,TRADE
VIC1,"1999/03/22 06:00",4061.31667,20,TRADE
VIC1,"1999/03/22 06:30",4602.16833,25.23,TRADE
VIC1,"1999/03/22 07:00",4935.35833,35.34,TRADE
VIC1,"1999/03/22 07:30",4716.89667,16.59,TRADE
VIC1,"1999/03/22 08:00",4761.545,17.98,TRADE
VIC1,"1999/03/22 08:30",4758.545,19.83,TRADE
VIC1,"1999/03/22 09:00",4700.53167,17.79,TRADE
VIC1,"1999/03/22 09:30",4719.08833,17.78,TRADE
VIC1,"1999/03/22 10:00",4738.71333,17.73,TRADE
VIC1,"1999/03/22 10:30",4692.265,17.48,TRADE
VIC1,"1999/03/22 11:00",4706.94333,17.4,TRADE
VIC1,"1999/03/22 11:30",4677.26333,17.25,TRADE
VIC1,"1999/03/22 12:00",4689.25833,17.15,TRADE
VIC1,"1999/03/22 12:30",4702.82333,17.2,TRADE
VIC1,"1999/03/22 13:00",4691.60333,16.94,TRADE
VIC1,"1999/03/22 13:30",4676.425,15.34,TRADE
VIC1,"1999/03/22 14:00",4646.925,14.45,TRADE
VIC1,"1999/03/22 14:30",4589.22,14.39,TRADE
VIC1,"1999/03/22 15:00",4546.57667,14.32,TRADE
VIC1,"1999/03/22 15:30",4589.40833,14.41,TRADE
VIC1,"1999/03/22 16:00",4597.46167,14.36,TRADE
VIC1,"1999/03/22 16:30",4618.86,14.38,TRADE
VIC1,"1999/03/22 17:00",4584.525,14.93,TRADE
VIC1,"1999/03/22 17:30",4438.19167,14.38,TRADE
VIC1,"1999/03/22 18:00",4332.47667,14.17,TRADE
VIC1,"1999/03/22 18:30",4253.795,14.06,TRADE
VIC1,"1999/03/22 19:00",4396.70833,14.37,TRADE
VIC1,"1999/03/22 19:30",4433.85,14.35,TRADE
VIC1,"1999/03/22 20:00",4359.49833,14.21,TRADE
VIC1,"1999/03/22 20:30",4210.75167,14.06,TRADE
VIC1,"1999/03/22 21:00",4057.14667,14.04,TRADE
VIC1,"1999/03/22 21:30",3876.25,14.04,TRADE
VIC1,"1999/03/22 22:00",3754.055,14.05,TRADE
VIC1,"1999/03/22 22:30",3662.59833,14.45,TRADE
VIC1,"1999/03/22 23:00",3633.12833,14.44,TRADE
VIC1,"1999/03/22 23:30",4158.97333,19.52,TRADE
VIC1,"1999/03/23 00:00",4131.355,15.86,TRADE
VIC1,"1999/03/23 00:30",4015.91667,15.08,TRADE
VIC1,"1999/03/23 01:00",3888.53333,14.82,TRADE
VIC1,"1999/03/23 01:30",4173.20167,16.34,TRADE
VIC1,"1999/03/23 02:00",4023.60667,14.66,TRADE
VIC1,"1999/03/23 02:30",3776.85833,14.08,TRADE
VIC1,"1999/03/23 03:00",3583.445,14.03,TRADE
VIC1,"1999/03/23 03:30",3420.355,13.4,TRADE
VIC1,"1999/03/23 04:00",3401.78667,13.63,TRADE
VIC1,"1999/03/23 04:30",3382.795,13.77,TRADE
VIC1,"1999/03/23 05:00",3499.90333,14.03,TRADE
VIC1,"1999/03/23 05:30",3876.295,17.14,TRADE
VIC1,"1999/03/23 06:00",4240.84667,20.95,TRADE
VIC1,"1999/03/23 06:30",4753.41,23.4,TRADE
VIC1,"1999/03/23 07:00",5090.595,31.74,TRADE
VIC1,"1999/03/23 07:30",4816.77667,15.31,TRADE
VIC1,"1999/03/23 08:00",4738.605,15.15,TRADE
VIC1,"1999/03/23 08:30",4705.79333,15.72,TRADE
VIC1,"1999/03/23 09:00",4706.28833,14.91,TRADE
VIC1,"1999/03/23 09:30",4661.68167,14.5,TRADE
VIC1,"1999/03/23 10:00",4660.21333,14.43,TRADE
VIC1,"1999/03/23 10:30",4672.71833,14.75,TRADE
VIC1,"1999/03/23 11:00",4679.765,14.32,TRADE
VIC1,"1999/03/23 11:30",4638.78167,14.24,TRADE
VIC1,"1999/03/23 12:00",4642.71833,14.2,TRADE
VIC1,"1999/03/23 12:30",4724.78167,14.28,TRADE
VIC1,"1999/03/23 13:00",4727.02,14.38,TRADE
VIC1,"1999/03/23 13:30",4707.17333,14.35,TRADE
VIC1,"1999/03/23 14:00",4711.54667,14.35,TRADE
VIC1,"1999/03/23 14:30",4664.035,14.26,TRADE
VIC1,"1999/03/23 15:00",4655.10667,14.47,TRADE
VIC1,"1999/03/23 15:30",4662.40667,14.5,TRADE
VIC1,"1999/03/23 16:00",4680.70833,14.37,TRADE
VIC1,"1999/03/23 16:30",4661.84167,14.73,TRADE
VIC1,"1999/03/23 17:00",4627.20833,14.54,TRADE
VIC1,"1999/03/23 17:30",4414.58667,14.21,TRADE
VIC1,"1999/03/23 18:00",4291.94667,14.11,TRADE
VIC1,"1999/03/23 18:30",4185.77167,14.08,TRADE
VIC1,"1999/03/23 19:00",4370.08667,14.43,TRADE
VIC1,"1999/03/23 19:30",4378.96833,14.31,TRADE
VIC1,"1999/03/23 20:00",4290.74167,14.14,TRADE
VIC1,"1999/03/23 20:30",4165.78833,14.06,TRADE
VIC1,"1999/03/23 21:00",4034.06833,14.04,TRADE
VIC1,"1999/03/23 21:30",3821.515,14.03,TRADE
VIC1,"1999/03/23 22:00",3678.10667,14.03,TRADE
VIC1,"1999/03/23 22:30",3641.955,14.92,TRADE
VIC1,"1999/03/23 23:00",3561.32833,14.05,TRADE
VIC1,"1999/03/23 23:30",4104.94,21.12,TRADE
VIC1,"1999/03/24 00:00",4081.255,19.25,TRADE
VIC1,"1999/03/24 00:30",4007.04333,15.84,TRADE
VIC1,"1999/03/24 01:00",3867.71333,15.05,TRADE
VIC1,"1999/03/24 01:30",4119.56333,15.5,TRADE
VIC1,"1999/03/24 02:00",3956.64833,14.29,TRADE
VIC1,"1999/03/24 02:30",3717.22833,13.95,TRADE
VIC1,"1999/03/24 03:00",3508.78833,12.15,TRADE
VIC1,"1999/03/24 03:30",3380.235,10.19,TRADE
VIC1,"1999/03/24 04:00",3303.68833,10.29,TRADE
VIC1,"1999/03/24 04:30",3360.215,13.21,TRADE
VIC1,"1999/03/24 05:00",3455.97833,13.9,TRADE
VIC1,"1999/03/24 05:30",3834.50333,17.18,TRADE
VIC1,"1999/03/24 06:00",4191.82667,18.84,TRADE
VIC1,"1999/03/24 06:30",4686.92333,21.38,TRADE
VIC1,"1999/03/24 07:00",5015.88667,26.19,TRADE
VIC1,"1999/03/24 07:30",4734.745,15.01,TRADE
VIC1,"1999/03/24 08:00",4687.22667,14.91,TRADE
VIC1,"1999/03/24 08:30",4682.73167,15.35,TRADE
VIC1,"1999/03/24 09:00",4693.04333,14.93,TRADE
VIC1,"1999/03/24 09:30",4662.105,14.8,TRADE
VIC1,"1999/03/24 10:00",4710.925,14.64,TRADE
VIC1,"1999/03/24 10:30",4754.125,14.77,TRADE
VIC1,"1999/03/24 11:00",4767.70667,14.63,TRADE
VIC1,"1999/03/24 11:30",4720.94833,14.29,TRADE
VIC1,"1999/03/24 12:00",4709.03833,14.09,TRADE
VIC1,"1999/03/24 12:30",4755.14167,14.11,TRADE
VIC1,"1999/03/24 13:00",4781.85667,14.17,TRADE
VIC1,"1999/03/24 13:30",4815.675,14.2,TRADE
VIC1,"1999/03/24 14:00",4758.22,14.09,TRADE
VIC1,"1999/03/24 14:30",4738.645,14.14,TRADE
VIC1,"1999/03/24 15:00",4732.865,14.12,TRADE
VIC1,"1999/03/24 15:30",4741.935,14.16,TRADE
VIC1,"1999/03/24 16:00",4773.99667,14.37,TRADE
VIC1,"1999/03/24 16:30",4778.77833,14.61,TRADE
VIC1,"1999/03/24 17:00",4755.33,14.55,TRADE
VIC1,"1999/03/24 17:30",4582.64833,14.37,TRADE
VIC1,"1999/03/24 18:00",4480.71833,14.28,TRADE
VIC1,"1999/03/24 18:30",4354.47333,14.11,TRADE
VIC1,"1999/03/24 19:00",4449.19833,14.3,TRADE
VIC1,"1999/03/24 19:30",4439.63333,14.31,TRADE
VIC1,"1999/03/24 20:00",4350.89667,14.16,TRADE
VIC1,"1999/03/24 20:30",4225.61167,14.08,TRADE
VIC1,"1999/03/24 21:00",4115.41167,14.06,TRADE
VIC1,"1999/03/24 21:30",3938.825,14.03,TRADE
VIC1,"1999/03/24 22:00",3822.07,14.04,TRADE
VIC1,"1999/03/24 22:30",3702.18333,14.04,TRADE
VIC1,"1999/03/24 23:00",3674.05333,14.05,TRADE
VIC1,"1999/03/24 23:30",4235.20667,16.34,TRADE
VIC1,"1999/03/25 00:00",4175.96,14.41,TRADE
VIC1,"1999/03/25 00:30",4066.2,14.93,TRADE
VIC1,"1999/03/25 01:00",3883.15667,14.33,TRADE
VIC1,"1999/03/25 01:30",4109.81833,15.83,TRADE
VIC1,"1999/03/25 02:00",3956.60667,14.71,TRADE
VIC1,"1999/03/25 02:30",3698.535,13.91,TRADE
VIC1,"1999/03/25 03:00",3544.9,13.57,TRADE
VIC1,"1999/03/25 03:30",3421.81167,13.3,TRADE
VIC1,"1999/03/25 04:00",3389.37667,13.59,TRADE
VIC1,"1999/03/25 04:30",3427.22,13.88,TRADE
VIC1,"1999/03/25 05:00",3503.915,13.87,TRADE
VIC1,"1999/03/25 05:30",3911.825,15.49,TRADE
VIC1,"1999/03/25 06:00",4310.93833,18.42,TRADE
VIC1,"1999/03/25 06:30",4810.645,19.83,TRADE
VIC1,"1999/03/25 07:00",5110.20833,17.78,TRADE
VIC1,"1999/03/25 07:30",4906.05833,14.78,TRADE
VIC1,"1999/03/25 08:00",4903.61833,15.25,TRADE
VIC1,"1999/03/25 08:30",5017.14833,26.07,TRADE
VIC1,"1999/03/25 09:00",5051.43,23.76,TRADE
VIC1,"1999/03/25 09:30",5100.935,21.77,TRADE
VIC1,"1999/03/25 10:00",5188.86833,17.96,TRADE
VIC1,"1999/03/25 10:30",5210.73667,19.05,TRADE
VIC1,"1999/03/25 11:00",5295.49667,18.78,TRADE
VIC1,"1999/03/25 11:30",5236.885,17.95,TRADE
VIC1,"1999/03/25 12:00",5249.635,18.17,TRADE
VIC1,"1999/03/25 12:30",5384.95667,26.18,TRADE
VIC1,"1999/03/25 13:00",5315.74,19.83,TRADE
VIC1,"1999/03/25 13:30",5405.605,25.66,TRADE
VIC1,"1999/03/25 14:00",5325.54833,21.75,TRADE
VIC1,"1999/03/25 14:30",5307.57667,18.94,TRADE
VIC1,"1999/03/25 15:00",5294.58333,23.62,TRADE
VIC1,"1999/03/25 15:30",5400.08,23.61,TRADE
VIC1,"1999/03/25 16:00",5316.93667,21.29,TRADE
VIC1,"1999/03/25 16:30",5268.78333,18.86,TRADE
VIC1,"1999/03/25 17:00",5187.93167,25.27,TRADE
VIC1,"1999/03/25 17:30",4949.09333,18.41,TRADE
VIC1,"1999/03/25 18:00",4788.98667,17.49,TRADE
VIC1,"1999/03/25 18:30",4653.27333,16.83,TRADE
VIC1,"1999/03/25 19:00",4775.39667,19.05,TRADE
VIC1,"1999/03/25 19:30",4758.54,17.04,TRADE
VIC1,"1999/03/25 20:00",4643.63667,15.5,TRADE
VIC1,"1999/03/25 20:30",4442.015,14.51,TRADE
VIC1,"1999/03/25 21:00",4323.48833,14.42,TRADE
VIC1,"1999/03/25 21:30",4112.12,14.23,TRADE
VIC1,"1999/03/25 22:00",3981.87333,14.19,TRADE
VIC1,"1999/03/25 22:30",3895.76833,14.29,TRADE
VIC1,"1999/03/25 23:00",3825.50333,14.76,TRADE
VIC1,"1999/03/25 23:30",4303.37833,19.22,TRADE
VIC1,"1999/03/26 00:00",4285.81333,16.98,TRADE
VIC1,"1999/03/26 00:30",4142.41833,15.11,TRADE
VIC1,"1999/03/26 01:00",3929.76333,14.34,TRADE
VIC1,"1999/03/26 01:30",4201.565,16.11,TRADE
VIC1,"1999/03/26 02:00",3995.71167,14.37,TRADE
VIC1,"1999/03/26 02:30",3769.87667,14.19,TRADE
VIC1,"1999/03/26 03:00",3564.5,14.03,TRADE
VIC1,"1999/03/26 03:30",3440.55,14,TRADE
VIC1,"1999/03/26 04:00",3383.80167,13.95,TRADE
VIC1,"1999/03/26 04:30",3437.26333,14.02,TRADE
VIC1,"1999/03/26 05:00",3567.07667,14.05,TRADE
VIC1,"1999/03/26 05:30",3963.97333,17.08,TRADE
VIC1,"1999/03/26 06:00",4335.63,18.7,TRADE
VIC1,"1999/03/26 06:30",4825.96167,24.19,TRADE
VIC1,"1999/03/26 07:00",5183.875,29.11,TRADE
VIC1,"1999/03/26 07:30",4991.745,15.78,TRADE
VIC1,"1999/03/26 08:00",4935.31833,15.95,TRADE
VIC1,"1999/03/26 08:30",5024.46667,24.1,TRADE
VIC1,"1999/03/26 09:00",5011.07833,18.29,TRADE
VIC1,"1999/03/26 09:30",5011.44667,21.53,TRADE
VIC1,"1999/03/26 10:00",5096.555,26.14,TRADE
VIC1,"1999/03/26 10:30",5103.25333,28.72,TRADE
VIC1,"1999/03/26 11:00",5036.57333,26.39,TRADE
VIC1,"1999/03/26 11:30",5025.01833,26.37,TRADE
VIC1,"1999/03/26 12:00",4988.25333,25.04,TRADE
VIC1,"1999/03/26 12:30",5009.25167,30,TRADE
VIC1,"1999/03/26 13:00",5004.40333,29.35,TRADE
VIC1,"1999/03/26 13:30",4976.48833,28.9,TRADE
VIC1,"1999/03/26 14:00",5057.64833,29.25,TRADE
VIC1,"1999/03/26 14:30",4955.58667,29.04,TRADE
VIC1,"1999/03/26 15:00",4917.77167,35.01,TRADE
VIC1,"1999/03/26 15:30",4872.185,34.88,TRADE
VIC1,"1999/03/26 16:00",4909.06667,28.34,TRADE
VIC1,"1999/03/26 16:30",4804.6,24.95,TRADE
VIC1,"1999/03/26 17:00",4791.63333,27.38,TRADE
VIC1,"1999/03/26 17:30",4558.305,17.87,TRADE
VIC1,"1999/03/26 18:00",4423.585,14.9,TRADE
VIC1,"1999/03/26 18:30",4295.91,14.71,TRADE
VIC1,"1999/03/26 19:00",4435.675,16.8,TRADE
VIC1,"1999/03/26 19:30",4423.23833,15.14,TRADE
VIC1,"1999/03/26 20:00",4327.85833,14.29,TRADE
VIC1,"1999/03/26 20:30",4148.11167,14.09,TRADE
VIC1,"1999/03/26 21:00",4018.70167,14.08,TRADE
VIC1,"1999/03/26 21:30",3865.00333,14.05,TRADE
VIC1,"1999/03/26 22:00",3754.09833,14.13,TRADE
VIC1,"1999/03/26 22:30",3762.21333,20.4,TRADE
VIC1,"1999/03/26 23:00",3707.42333,14.48,TRADE
VIC1,"1999/03/26 23:30",4223.86667,23.43,TRADE
VIC1,"1999/03/27 00:00",4178.31667,19.91,TRADE
VIC1,"1999/03/27 00:30",4007.89667,15.49,TRADE
VIC1,"1999/03/27 01:00",3800.33333,14.09,TRADE
VIC1,"1999/03/27 01:30",4093.44,15.57,TRADE
VIC1,"1999/03/27 02:00",3907.76333,14.25,TRADE
VIC1,"1999/03/27 02:30",3651.07333,14.02,TRADE
VIC1,"1999/03/27 03:00",3424.37,13.76,TRADE
VIC1,"1999/03/27 03:30",3286.87833,11.74,TRADE
VIC1,"1999/03/27 04:00",3207.38,11.17,TRADE
VIC1,"1999/03/27 04:30",3226.78,11.27,TRADE
VIC1,"1999/03/27 05:00",3268.14167,12.06,TRADE
VIC1,"1999/03/27 05:30",3377.945,12.14,TRADE
VIC1,"1999/03/27 06:00",3481.24667,12.34,TRADE
VIC1,"1999/03/27 06:30",3680.45667,13.81,TRADE
VIC1,"1999/03/27 07:00",3864.97833,14.33,TRADE
VIC1,"1999/03/27 07:30",3823.29333,14.22,TRADE
VIC1,"1999/03/27 08:00",3928.63667,15.6,TRADE
VIC1,"1999/03/27 08:30",4038.02667,20.1,TRADE
VIC1,"1999/03/27 09:00",4066.42,19.76,TRADE
VIC1,"1999/03/27 09:30",4109.94667,21.77,TRADE
VIC1,"1999/03/27 10:00",4135.75167,22.01,TRADE
VIC1,"1999/03/27 10:30",4144.58833,22.95,TRADE
VIC1,"1999/03/27 11:00",4156.78833,23.31,TRADE
VIC1,"1999/03/27 11:30",4103.445,22.43,TRADE
VIC1,"1999/03/27 12:00",4095.79833,22.4,TRADE
VIC1,"1999/03/27 12:30",3993.44667,20.55,TRADE
VIC1,"1999/03/27 13:00",3985.03333,22.28,TRADE
VIC1,"1999/03/27 13:30",4022.54833,22.52,TRADE
VIC1,"1999/03/27 14:00",3954.18167,22.37,TRADE
VIC1,"1999/03/27 14:30",3860.30667,18.36,TRADE
VIC1,"1999/03/27 15:00",3852.295,16.33,TRADE
VIC1,"1999/03/27 15:30",3843.48167,15.26,TRADE
VIC1,"1999/03/27 16:00",3869.26333,14.6,TRADE
VIC1,"1999/03/27 16:30",3992.06667,15.43,TRADE
VIC1,"1999/03/27 17:00",4117.53833,18.35,TRADE
VIC1,"1999/03/27 17:30",4089.21333,17.73,TRADE
VIC1,"1999/03/27 18:00",3985.92667,14.4,TRADE
VIC1,"1999/03/27 18:30",3956.73,14.56,TRADE
VIC1,"1999/03/27 19:00",4030.5,16.94,TRADE
VIC1,"1999/03/27 19:30",3975.71833,14.86,TRADE
VIC1,"1999/03/27 20:00",3847.33167,14,TRADE
VIC1,"1999/03/27 20:30",3788.64167,14.03,TRADE
VIC1,"1999/03/27 21:00",3693.15833,13.27,TRADE
VIC1,"1999/03/27 21:30",3608.845,12.67,TRADE
VIC1,"1999/03/27 22:00",3536.04333,12.37,TRADE
VIC1,"1999/03/27 22:30",3518.03,12.25,TRADE
VIC1,"1999/03/27 23:00",3520.61833,12.68,TRADE
VIC1,"1999/03/27 23:30",3878.98667,15.57,TRADE
VIC1,"1999/03/28 00:00",3881.45833,14.38,TRADE
VIC1,"1999/03/28 00:30",3752.58167,14.05,TRADE
VIC1,"1999/03/28 01:00",3615.41833,13.65,TRADE
VIC1,"1999/03/28 01:30",3850.46167,14.07,TRADE
VIC1,"1999/03/28 02:00",3726.30333,13.02,TRADE
VIC1,"1999/03/28 02:30",3516.48,12.07,TRADE
VIC1,"1999/03/28 03:00",3314.34,11.32,TRADE
VIC1,"1999/03/28 03:30",3161.245,9.57,TRADE
VIC1,"1999/03/28 04:00",3009.32333,8.22,TRADE
VIC1,"1999/03/28 04:30",2934.98,8.22,TRADE
VIC1,"1999/03/28 05:00",2881.085,8.22,TRADE
VIC1,"1999/03/28 05:30",2872.62167,8.22,TRADE
VIC1,"1999/03/28 06:00",2872.98167,8.08,TRADE
VIC1,"1999/03/28 06:30",2979.815,10.04,TRADE
VIC1,"1999/03/28 07:00",3028.195,11.24,TRADE
VIC1,"1999/03/28 07:30",3071.24,11.77,TRADE
VIC1,"1999/03/28 08:00",3244.85167,12.26,TRADE
VIC1,"1999/03/28 08:30",3368.86667,12.92,TRADE
VIC1,"1999/03/28 09:00",3500.73,13.82,TRADE
VIC1,"1999/03/28 09:30",3559.27333,13.96,TRADE
VIC1,"1999/03/28 10:00",3645.92167,14.18,TRADE
VIC1,"1999/03/28 10:30",3693.65167,14.24,TRADE
VIC1,"1999/03/28 11:00",3723.355,14.28,TRADE
VIC1,"1999/03/28 11:30",3742.98333,14.26,TRADE
VIC1,"1999/03/28 12:00",3669.10167,13.95,TRADE
VIC1,"1999/03/28 12:30",3739.135,14.04,TRADE
VIC1,"1999/03/28 13:00",3682.63333,13.88,TRADE
VIC1,"1999/03/28 13:30",3671.44333,13.97,TRADE
VIC1,"1999/03/28 14:00",3616.79667,13.7,TRADE
VIC1,"1999/03/28 14:30",3554.385,13.52,TRADE
VIC1,"1999/03/28 15:00",3555.68667,13.74,TRADE
VIC1,"1999/03/28 15:30",3536.25167,12.87,TRADE
VIC1,"1999/03/28 16:00",3554.04167,13.2,TRADE
VIC1,"1999/03/28 16:30",3596.82333,13.5,TRADE
VIC1,"1999/03/28 17:00",3666.22333,13.65,TRADE
VIC1,"1999/03/28 17:30",3765.69333,13.8,TRADE
VIC1,"1999/03/28 18:00",3924.47667,14.59,TRADE
VIC1,"1999/03/28 18:30",4066.91167,16.26,TRADE
VIC1,"1999/03/28 19:00",4269.605,22.16,TRADE
VIC1,"1999/03/28 19:30",4240.245,20.77,TRADE
VIC1,"1999/03/28 20:00",4176.96167,16.93,TRADE
VIC1,"1999/03/28 20:30",4087.79833,16.27,TRADE
VIC1,"1999/03/28 21:00",4048.60667,15.74,TRADE
VIC1,"1999/03/28 21:30",3889.18,14.77,TRADE
VIC1,"1999/03/28 22:00",3741.355,13.82,TRADE
VIC1,"1999/03/28 22:30",3715.44167,14.06,TRADE
VIC1,"1999/03/28 23:00",3656.90833,13.71,TRADE
VIC1,"1999/03/28 23:30",4050.50167,15.93,TRADE
VIC1,"1999/03/29 00:00",3968.19833,14.55,TRADE
VIC1,"1999/03/29 00:30",3914.31667,14.39,TRADE
VIC1,"1999/03/29 01:00",3745.85333,14.02,TRADE
VIC1,"1999/03/29 01:30",4068.12167,15.74,TRADE
VIC1,"1999/03/29 02:00",3934.00667,14.3,TRADE
VIC1,"1999/03/29 02:30",3729.78667,13.44,TRADE
VIC1,"1999/03/29 03:00",3623.39167,12.65,TRADE
VIC1,"1999/03/29 03:30",3399.795,11.73,TRADE
VIC1,"1999/03/29 04:00",3286.55833,10.48,TRADE
VIC1,"1999/03/29 04:30",3214.785,13.14,TRADE
VIC1,"1999/03/29 05:00",3188.71167,11.98,TRADE
VIC1,"1999/03/29 05:30",3338.23667,13.99,TRADE
VIC1,"1999/03/29 06:00",3499.525,14.09,TRADE
VIC1,"1999/03/29 06:30",3913.05667,16.98,TRADE
VIC1,"1999/03/29 07:00",4218.82333,15.99,TRADE
VIC1,"1999/03/29 07:30",4337.06,14.32,TRADE
VIC1,"1999/03/29 08:00",4595.81833,14.63,TRADE
VIC1,"1999/03/29 08:30",4705.605,14.84,TRADE
VIC1,"1999/03/29 09:00",4696.675,14.65,TRADE
VIC1,"1999/03/29 09:30",4757.825,14.81,TRADE
VIC1,"1999/03/29 10:00",4764.72167,14.98,TRADE
VIC1,"1999/03/29 10:30",4755.255,15.29,TRADE
VIC1,"1999/03/29 11:00",4740.43167,15.15,TRADE
VIC1,"1999/03/29 11:30",4723.32333,14.85,TRADE
VIC1,"1999/03/29 12:00",4753.78833,14.95,TRADE
VIC1,"1999/03/29 12:30",4763.50667,14.82,TRADE
VIC1,"1999/03/29 13:00",4706.93333,14.66,TRADE
VIC1,"1999/03/29 13:30",4719.28167,14.8,TRADE
VIC1,"1999/03/29 14:00",4708.095,14.79,TRADE
VIC1,"1999/03/29 14:30",4718.63,14.77,TRADE
VIC1,"1999/03/29 15:00",4698.445,14.7,TRADE
VIC1,"1999/03/29 15:30",4694.77333,14.67,TRADE
VIC1,"1999/03/29 16:00",4663.96,14.6,TRADE
VIC1,"1999/03/29 16:30",4669.03333,14.76,TRADE
VIC1,"1999/03/29 17:00",4681.32833,14.76,TRADE
VIC1,"1999/03/29 17:30",4720.96833,14.93,TRADE
VIC1,"1999/03/29 18:00",4810.72333,15.51,TRADE
VIC1,"1999/03/29 18:30",4896.58,17.07,TRADE
VIC1,"1999/03/29 19:00",5010.40333,20.46,TRADE
VIC1,"1999/03/29 19:30",4902.36833,16.63,TRADE
VIC1,"1999/03/29 20:00",4751.96333,15.22,TRADE
VIC1,"1999/03/29 20:30",4620.785,14.73,TRADE
VIC1,"1999/03/29 21:00",4538.15167,14.58,TRADE
VIC1,"1999/03/29 21:30",4360.60667,14.4,TRADE
VIC1,"1999/03/29 22:00",4209.84667,14.29,TRADE
VIC1,"1999/03/29 22:30",4115.69667,14.55,TRADE
VIC1,"1999/03/29 23:00",4069.275,14.92,TRADE
VIC1,"1999/03/29 23:30",4453.905,25.29,TRADE
VIC1,"1999/03/30 00:00",4388.15167,20.81,TRADE
VIC1,"1999/03/30 00:30",4250.43667,16.42,TRADE
VIC1,"1999/03/30 01:00",4087.95667,14.9,TRADE
VIC1,"1999/03/30 01:30",4356.22667,17.98,TRADE
VIC1,"1999/03/30 02:00",4203.025,16.89,TRADE
VIC1,"1999/03/30 02:30",3974.79333,16.48,TRADE
VIC1,"1999/03/30 03:00",3738.23,14.8,TRADE
VIC1,"1999/03/30 03:30",3574.47167,14.03,TRADE
VIC1,"1999/03/30 04:00",3480.905,13.4,TRADE
VIC1,"1999/03/30 04:30",3356.02833,13.66,TRADE
VIC1,"1999/03/30 05:00",3349.75833,12.92,TRADE
VIC1,"1999/03/30 05:30",3457.22333,13.85,TRADE
VIC1,"1999/03/30 06:00",3590.48667,14.03,TRADE
VIC1,"1999/03/30 06:30",3999.11667,16.09,TRADE
VIC1,"1999/03/30 07:00",4250.13833,15.82,TRADE
VIC1,"1999/03/30 07:30",4395.20833,14.61,TRADE
VIC1,"1999/03/30 08:00",4647.72167,15.11,TRADE
VIC1,"1999/03/30 08:30",4733.965,14.84,TRADE
VIC1,"1999/03/30 09:00",4758.57667,14.82,TRADE
VIC1,"1999/03/30 09:30",4784.135,14.87,TRADE
VIC1,"1999/03/30 10:00",4770.08,14.79,TRADE
VIC1,"1999/03/30 10:30",4753.78333,14.64,TRADE
VIC1,"1999/03/30 11:00",4787.315,14.67,TRADE
VIC1,"1999/03/30 11:30",4755.37,14.74,TRADE
VIC1,"1999/03/30 12:00",4757.37167,14.82,TRADE
VIC1,"1999/03/30 12:30",4746.62,14.62,TRADE
VIC1,"1999/03/30 13:00",4684.65333,14.48,TRADE
VIC1,"1999/03/30 13:30",4719.46,14.57,TRADE
VIC1,"1999/03/30 14:00",4771.14,14.48,TRADE
VIC1,"1999/03/30 14:30",4740.30167,15.3,TRADE
VIC1,"1999/03/30 15:00",4735.31333,16.07,TRADE
VIC1,"1999/03/30 15:30",4681.5,15.94,TRADE
VIC1,"1999/03/30 16:00",4695.835,14.74,TRADE
VIC1,"1999/03/30 16:30",4716.00167,14.8,TRADE
VIC1,"1999/03/30 17:00",4800.84833,15.94,TRADE
VIC1,"1999/03/30 17:30",4877.15833,15.22,TRADE
VIC1,"1999/03/30 18:00",4958.29833,16.41,TRADE
VIC1,"1999/03/30 18:30",4988.39333,19.91,TRADE
VIC1,"1999/03/30 19:00",5006.47,20.97,TRADE
VIC1,"1999/03/30 19:30",4866.69,16.03,TRADE
VIC1,"1999/03/30 20:00",4765.45,14.93,TRADE
VIC1,"1999/03/30 20:30",4628.13833,14.5,TRADE
VIC1,"1999/03/30 21:00",4512.89333,14.58,TRADE
VIC1,"1999/03/30 21:30",4365.27167,14.41,TRADE
VIC1,"1999/03/30 22:00",4231.01833,14.4,TRADE
VIC1,"1999/03/30 22:30",4126.17333,14.45,TRADE
VIC1,"1999/03/30 23:00",4075.245,14.53,TRADE
VIC1,"1999/03/30 23:30",4530.60833,21.95,TRADE
VIC1,"1999/03/31 00:00",4437.46167,16.9,TRADE
VIC1,"1999/03/31 00:30",4255.83833,15.45,TRADE
VIC1,"1999/03/31 01:00",4090.27833,14.58,TRADE
VIC1,"1999/03/31 01:30",4336.48667,15.91,TRADE
VIC1,"1999/03/31 02:00",4191.895,15.24,TRADE
VIC1,"1999/03/31 02:30",3984.94167,14.7,TRADE
VIC1,"1999/03/31 03:00",3761.325,14.12,TRADE
VIC1,"1999/03/31 03:30",3609.50833,14.02,TRADE
VIC1,"1999/03/31 04:00",3461.64833,13.78,TRADE
VIC1,"1999/03/31 04:30",3384.92167,13.66,TRADE
VIC1,"1999/03/31 05:00",3329.35833,13.26,TRADE
VIC1,"1999/03/31 05:30",3458.43167,13.88,TRADE
VIC1,"1999/03/31 06:00",3591.63333,14,TRADE
VIC1,"1999/03/31 06:30",3985.61167,17.52,TRADE
VIC1,"1999/03/31 07:00",4276.81333,18.62,TRADE
VIC1,"1999/03/31 07:30",4369.72,14.34,TRADE
VIC1,"1999/03/31 08:00",4662.27,15.1,TRADE
VIC1,"1999/03/31 08:30",4740.95333,14.53,TRADE
VIC1,"1999/03/31 09:00",4743.46167,14.37,TRADE
VIC1,"1999/03/31 09:30",4767.15167,15.84,TRADE
VIC1,"1999/03/31 10:00",4751.015,14.98,TRADE
VIC1,"1999/03/31 10:30",4736.37667,14.42,TRADE
VIC1,"1999/03/31 11:00",4729.045,14.53,TRADE
VIC1,"1999/03/31 11:30",4742.13667,17.57,TRADE
VIC1,"1999/03/31 12:00",4743.08167,17.74,TRADE
VIC1,"1999/03/31 12:30",4727.97,14.93,TRADE
VIC1,"1999/03/31 13:00",4684.23333,15.42,TRADE
VIC1,"1999/03/31 13:30",4708.63167,14.37,TRADE
VIC1,"1999/03/31 14:00",4725.685,14.59,TRADE
VIC1,"1999/03/31 14:30",4691.46667,14.41,TRADE
VIC1,"1999/03/31 15:00",4633.1,14.32,TRADE
VIC1,"1999/03/31 15:30",4637.09667,14.36,TRADE
VIC1,"1999/03/31 16:00",4617.99167,14.35,TRADE
VIC1,"1999/03/31 16:30",4602.02333,14.32,TRADE
VIC1,"1999/03/31 17:00",4664.76667,14.44,TRADE
VIC1,"1999/03/31 17:30",4655.45333,14.48,TRADE
VIC1,"1999/03/31 18:00",4738.23833,15.26,TRADE
VIC1,"1999/03/31 18:30",4771.31,16,TRADE
VIC1,"1999/03/31 19:00",4966.21167,17.38,TRADE
VIC1,"1999/03/31 19:30",4873.87167,14.9,TRADE
VIC1,"1999/03/31 20:00",4770.77,14.5,TRADE
VIC1,"1999/03/31 20:30",4644.42167,14.44,TRADE
VIC1,"1999/03/31 21:00",4586.64833,14.44,TRADE
VIC1,"1999/03/31 21:30",4427.745,14.4,TRADE
VIC1,"1999/03/31 22:00",4297.85,14.39,TRADE
VIC1,"1999/03/31 22:30",4194.89167,16.6,TRADE
VIC1,"1999/03/31 23:00",4126.65333,14.56,TRADE
VIC1,"1999/03/31 23:30",4559.56833,25.93,TRADE
VIC1,"1999/04/01 00:00",4429.13167,21.75,TRADE
